date,time_et,session,direction,open,high,low,close,volume,trade_count,wick_len,body_len,wick_pct,extreme,prints_at_extreme,prints_at_extreme_size,max_extreme_lag_ms,all_dark,repeat_level,verdict
2025-06-05,11:15,rth,down,531.6,532.7,528.8751,532.535,728267,3804,2.7249,0.935,0.512,528.8751,1,102984,4,True,True,GHOST
2025-06-05,11:25,rth,down,532.6507,532.94,528.8751,532.7893,622723,2519,3.7756,0.1386,0.709,528.8751,2,205968,3,True,True,GHOST
2025-06-05,11:35,rth,down,532.58,532.72,528.8751,532.63,336712,1474,3.7049,0.05,0.696,528.8751,1,102984,4,True,True,GHOST
2025-06-05,15:55,rth,up,524.67,528.8751,524.135,524.7,2377976,10376,4.1751,0.03,0.796,528.8751,4,514920,4,True,True,GHOST
2025-06-06,09:45,rth,down,531.06,531.62,524.701,531.48,952328,4734,6.359,0.42,1.196,524.701,2,205906,5,True,False,GHOST
2025-06-06,09:55,rth,down,531.02,531.12,524.701,531.0209,950176,4072,6.319,0.0009,1.19,524.701,1,102953,4,True,True,GHOST
2025-06-06,10:00,rth,down,531.07,531.33,524.701,530.53,563891,3058,5.829,0.54,1.099,524.701,1,123544,4,True,True,GHOST
2025-06-06,14:30,rth,down,531.14,531.8,524.701,531.5917,616316,3873,6.439,0.4517,1.211,524.701,1,102953,4,True,True,GHOST
2025-06-06,15:55,rth,down,530.57,530.6,524.701,529.84,1701818,9099,5.139,0.73,0.97,524.701,2,205906,3,True,True,GHOST
2025-06-09,11:00,rth,down,531.22,531.57,526.39,531.5,437621,1868,4.83,0.28,0.909,526.39,1,2800,5,True,False,GHOST
2025-06-10,15:10,rth,down,534.59,534.82,530.8169,534.59,989782,3366,3.7731,0.0,0.706,530.8169,2,205846,4,True,True,GHOST
2025-06-10,15:50,rth,down,533.51,533.895,530.8169,533.72,992444,5047,2.6931,0.21,0.505,530.8169,1,102923,12,True,True,GHOST
2025-06-11,15:15,rth,down,531.87,531.99,528.03,531.18,327435,2184,3.15,0.69,0.593,528.03,1,100,3,True,False,GHOST
2025-06-13,08:00,pre,down,527.18,528.14,523.88,527.42,199198,575,3.3,0.24,0.626,523.88,14,871,27721285,True,False,GHOST
2025-06-13,11:10,rth,up,529.47,533.6843,529.0,529.65,467373,2356,4.0343,0.18,0.762,533.6843,1,102860,3,True,False,GHOST
2025-06-13,12:05,rth,up,531.0793,539.2,530.75,531.39,351341,1265,7.81,0.3107,1.47,539.2,1,1000,26,True,False,GHOST
2025-06-13,12:15,rth,up,531.65,539.2,531.3612,531.64,202362,1340,7.55,0.01,1.42,539.2,1,1000,538969,True,True,GHOST
2025-06-13,12:40,rth,up,530.72,533.6843,530.635,530.82,347972,1439,2.8643,0.1,0.54,533.6843,1,102860,4,True,True,GHOST
2025-06-16,08:00,pre,down,529.97,530.97,526.565,530.73,118920,310,3.405,0.76,0.642,526.565,1,852,1398,True,False,PBAR
2025-06-16,12:05,rth,down,534.14,534.24,526.8239,534.19,544932,1010,7.3161,0.05,1.37,526.8239,1,411397,2,True,False,GHOST
2025-06-16,14:25,rth,down,534.33,534.39,526.8239,534.17,211054,792,7.3461,0.16,1.375,526.8239,1,70000,28,True,True,GHOST
2025-06-16,15:55,rth,down,534.0,534.5,526.8239,534.27,2230972,11102,7.1761,0.27,1.343,526.8239,2,205678,4,True,True,GHOST
2025-06-17,14:05,rth,up,528.66,532.25,528.66,529.285,557640,3322,2.965,0.625,0.56,532.25,1,12800,25,True,True,GHOST
2025-06-17,14:10,rth,up,529.27,534.2777,528.93,529.08,355040,1919,5.0077,0.19,0.946,534.2777,1,102830,2,True,True,GHOST
2025-06-17,14:20,rth,up,528.94,534.2777,528.59,528.63,598869,1435,5.3377,0.31,1.01,534.2777,1,102830,5,True,True,GHOST
2025-06-17,14:55,rth,up,528.99,534.2777,528.8,529.559,715671,3085,4.7187,0.569,0.891,534.2777,1,205659,4,True,True,GHOST
2025-06-20,10:25,rth,down,528.41,529.08,525.6278,528.92,652664,4613,2.7822,0.51,0.526,525.6278,1,9000,26,True,False,GHOST
2025-06-20,11:40,rth,up,528.43,533.1783,528.14,528.5387,711348,2757,4.6396,0.1087,0.878,533.1783,17,3314000,681,True,True,PBAR
2025-06-20,13:30,rth,up,525.6,529.0383,525.2,525.595,540465,3055,3.4383,0.005,0.654,529.0383,1,104001,4,True,True,GHOST
2025-06-20,15:35,rth,up,526.23,529.0383,525.85,525.85,509023,2532,2.8083,0.38,0.534,529.0383,1,104011,5,True,True,GHOST
2025-06-20,15:45,rth,up,526.08,529.0383,525.8,525.81,553363,2881,2.9583,0.27,0.563,529.0383,1,104011,3,True,True,GHOST
2025-06-23,13:20,rth,down,528.92,529.52,526.1689,529.35,591166,2665,2.7511,0.43,0.52,526.1689,1,124789,3,True,True,GHOST
2025-06-23,13:25,rth,down,529.36,530.67,526.1689,530.36,1040441,6500,3.1911,1.0,0.602,526.1689,1,104001,2,True,True,GHOST
2025-06-23,13:30,rth,down,530.36,531.33,526.1689,530.84,1075669,6060,4.1911,0.48,0.79,526.1689,1,103991,5,True,True,GHOST
2025-06-23,13:35,rth,down,530.89,531.79,526.1689,531.48,723961,3636,4.7211,0.59,0.888,526.1689,1,104001,3,True,True,GHOST
2025-06-23,13:45,rth,down,531.3,531.97,526.1689,531.44,564420,3147,5.1311,0.14,0.966,526.1689,1,104001,5,True,True,GHOST
2025-06-23,14:20,rth,down,531.72,531.74,526.1689,531.29,296395,1278,5.1211,0.43,0.964,526.1689,1,104001,4,True,True,GHOST
2025-06-23,15:05,rth,down,531.21,531.27,526.1689,531.01,467181,1605,4.8411,0.2,0.912,526.1689,1,208002,4,True,True,GHOST
2025-06-24,08:10,pre,down,537.44,537.48,531.252,536.85,9851,64,5.598,0.59,1.043,531.252,1,123,1650,True,False,PBAR
2025-06-24,10:25,rth,down,537.57,537.79,531.7594,537.405,844314,2275,5.6456,0.165,1.051,531.7594,1,207925,9,True,False,GHOST
2025-06-24,10:45,rth,down,538.13,538.19,531.7594,537.94,502427,2446,6.1806,0.19,1.149,531.7594,1,103962,4,True,True,GHOST
2025-06-24,11:10,rth,down,538.24,538.6,531.7594,538.52,349283,1574,6.4806,0.28,1.203,531.7594,1,103962,2,True,True,GHOST
2025-06-24,12:05,rth,down,539.06,539.13,531.7594,538.9,702498,1623,7.1406,0.16,1.325,531.7594,2,415891,4,True,True,GHOST
2025-06-24,15:20,rth,down,540.28,540.41,531.7594,540.31,257763,953,8.5206,0.03,1.577,531.7594,1,103973,3,True,True,GHOST
2025-06-24,15:30,rth,down,540.08,540.375,531.7594,540.15,917927,2267,8.3206,0.07,1.54,531.7594,1,103973,4,True,True,GHOST
2025-06-24,15:55,rth,down,540.03,540.4,531.7594,539.735,2196560,9049,7.9756,0.295,1.478,531.7594,2,207946,4,True,True,GHOST
2025-06-26,08:00,pre,down,543.49,543.97,540.755,543.95,67350,204,2.735,0.46,0.503,540.755,1,141,1167,True,False,PBAR
2025-06-26,11:40,rth,down,544.405,544.58,541.0386,544.34,664678,1245,3.3014,0.065,0.606,541.0386,1,415808,4,True,True,GHOST
2025-06-26,12:15,rth,down,544.96,545.13,541.0386,544.98,223935,776,3.9214,0.02,0.72,541.0386,1,103962,4,True,True,GHOST
2025-06-26,12:20,rth,down,544.98,545.16,541.0386,544.9501,257734,735,3.9115,0.0299,0.718,541.0386,1,103952,4,True,True,GHOST
2025-06-26,13:35,rth,down,545.4,545.55,541.0386,545.525,383436,1261,4.3614,0.125,0.799,541.0386,2,207904,4,True,True,GHOST
2025-06-26,13:45,rth,down,545.54,545.58,541.0386,545.385,1075025,946,4.3464,0.155,0.797,541.0386,6,935661,5,True,True,GHOST
2025-06-26,14:15,rth,down,546.24,546.5,541.0386,546.255,698196,1764,5.2014,0.015,0.952,541.0386,1,415849,4,True,True,GHOST
2025-06-26,15:30,rth,down,546.16,546.31,541.0386,546.21,772400,1868,5.1214,0.05,0.938,541.0386,2,515849,24,True,True,GHOST
2025-06-26,15:40,rth,down,545.925,546.01,541.0386,545.86,498076,2118,4.8214,0.065,0.883,541.0386,1,103962,3,True,True,GHOST
2025-06-26,15:45,rth,down,545.86,546.24,541.0386,546.19,505518,2539,4.8214,0.33,0.883,541.0386,2,104292,1113,True,True,GHOST
2025-06-26,15:55,rth,down,546.36,546.53,541.0386,546.21,1825617,10290,5.1714,0.15,0.947,541.0386,1,103962,4,True,True,GHOST
2025-06-27,10:25,rth,down,549.14,549.15,546.1431,549.0252,522464,2581,2.8821,0.1148,0.525,546.1431,1,103931,3,True,True,GHOST
2025-06-27,11:35,rth,down,549.62,549.74,546.1431,549.71,924175,1761,3.4769,0.09,0.632,546.1431,2,415684,4,True,True,GHOST
2025-06-27,12:05,rth,down,549.47,549.64,546.1431,549.51,448126,1244,3.3269,0.04,0.605,546.1431,1,207842,4,True,True,GHOST
2025-06-27,12:15,rth,down,549.47,549.5,546.1431,549.03,418515,1921,2.8869,0.44,0.526,546.1431,1,103921,4,True,True,GHOST
2025-06-27,12:25,rth,down,549.05,549.405,546.1431,549.36,428494,1568,2.9069,0.31,0.529,546.1431,1,103921,3,True,True,GHOST
2025-06-27,12:30,rth,down,549.37,549.4293,546.1431,549.249,399537,1219,3.1059,0.121,0.565,546.1431,2,207842,4,True,True,GHOST
2025-06-27,12:40,rth,down,549.12,549.23,546.1431,548.93,373403,1646,2.7869,0.19,0.508,546.1431,1,103921,4,True,True,GHOST
2025-06-27,12:55,rth,down,549.12,549.375,546.1431,549.3,599052,1848,2.9769,0.18,0.542,546.1431,2,207862,5,True,True,GHOST
2025-06-27,13:00,rth,down,549.28,549.3,546.1431,549.02,460374,1824,2.8769,0.26,0.524,546.1431,1,103931,4,True,True,GHOST
2025-06-27,13:10,rth,down,549.16,549.37,546.1431,549.3199,2063170,1062,3.0169,0.1599,0.549,546.1431,2,311794,6,True,True,GHOST
2025-06-30,08:00,pre,down,551.5,552.0,548.09,551.62,71924,316,3.41,0.12,0.618,548.09,93,419,3394899,True,False,not_pbar
2025-06-30,08:05,pre,down,551.65,551.75,548.37,551.73,14106,48,3.28,0.08,0.594,548.37,9,449,3857421,True,True,GHOST
2025-06-30,15:25,rth,down,551.39,551.79,548.2679,551.395,599228,2804,3.1221,0.005,0.566,548.2679,1,103911,4,True,True,GHOST
2025-06-30,15:30,rth,down,551.39,551.57,548.2679,551.49,491656,2543,3.1221,0.1,0.566,548.2679,1,103900,3,True,True,GHOST
2025-06-30,15:40,rth,down,551.31,551.84,548.2679,551.55,487466,2545,3.0421,0.24,0.552,548.2679,1,103900,4,True,True,GHOST
2025-06-30,15:55,rth,down,552.74,552.8,548.2679,551.64,2083172,12303,3.3721,1.1,0.611,548.2679,1,103900,5,True,True,GHOST
2025-07-01,10:30,rth,up,548.84,551.7874,548.0288,548.12,1166302,6264,2.9474,0.72,0.538,551.7874,1,103890,4,True,False,GHOST
2025-07-01,11:10,rth,up,545.74,551.7874,544.66,544.9,1521619,9857,6.0474,0.84,1.11,551.7874,2,207780,3,True,True,GHOST
2025-07-01,11:40,rth,up,546.06,551.7874,545.21,545.7,665081,3337,5.7274,0.36,1.05,551.7874,1,103890,3,True,True,GHOST
2025-07-01,11:50,rth,up,545.8,551.7874,545.64,546.4,579076,2504,5.3874,0.6,0.986,551.7874,1,103890,3,True,True,GHOST
2025-07-01,12:25,rth,up,546.88,551.7874,546.64,546.7,305487,1432,4.9074,0.18,0.898,551.7874,1,103890,4,True,True,GHOST
2025-07-01,13:25,rth,up,548.0,551.7874,547.63,547.808,567556,963,3.7874,0.192,0.691,551.7874,1,415560,3,True,True,GHOST
2025-07-01,14:20,rth,up,548.04,551.7874,547.77,547.8701,474045,1568,3.7474,0.1699,0.684,551.7874,2,207780,4,True,True,GHOST
2025-07-01,14:55,rth,up,547.79,551.7874,547.21,547.24,586399,2224,3.9974,0.55,0.73,551.7874,2,207780,4,True,True,GHOST
2025-07-01,15:00,rth,up,547.23,551.7874,545.92,546.87,1517886,8880,4.5574,0.36,0.833,551.7874,2,207780,4,True,True,GHOST
2025-07-01,15:25,rth,up,547.61,551.7874,547.47,547.785,644494,2180,4.0024,0.175,0.731,551.7874,2,207800,4,True,True,GHOST
2025-07-01,15:40,rth,up,547.05,551.7874,546.99,547.425,676947,2660,4.3624,0.375,0.797,551.7874,2,207780,5,True,True,GHOST
2025-07-01,15:45,rth,up,547.43,551.7874,547.43,547.985,832904,3282,3.8024,0.555,0.694,551.7874,3,311670,585,True,True,GHOST
2025-07-01,15:50,rth,up,547.99,551.7874,547.44,547.605,1130271,6333,3.7974,0.385,0.693,551.7874,1,103890,3,True,True,GHOST
2025-07-01,15:55,rth,up,547.59,551.7874,546.83,546.98,2412227,10760,4.1974,0.61,0.767,551.7874,4,415580,4,True,True,GHOST
2025-07-02,11:40,rth,down,549.87,550.02,546.9377,549.855,320275,1372,2.9173,0.015,0.531,546.9377,1,103880,4,True,True,GHOST
2025-07-03,09:50,rth,down,554.06,554.76,550.94,554.645,583932,4144,3.12,0.585,0.563,550.94,1,300,4,True,False,GHOST
2025-07-03,11:50,rth,down,557.08,557.1,550.9704,556.9,378155,1007,5.9296,0.18,1.065,550.9704,1,200000,18,True,True,GHOST
2025-07-03,11:55,rth,down,556.9,556.93,550.9704,556.78,570730,1194,5.8096,0.12,1.043,550.9704,2,207658,4,True,True,GHOST
2025-07-07,13:10,rth,up,551.935,556.4376,551.9,552.28,342764,1672,4.1576,0.345,0.753,556.4376,1,103808,2,True,False,GHOST
2025-07-07,14:15,rth,up,551.67,556.4376,550.42,550.595,735739,3997,4.7676,1.075,0.866,556.4376,1,103808,3,True,True,GHOST
2025-07-09,15:10,rth,down,555.72,555.8,552.4275,555.7051,812732,995,3.2776,0.0149,0.59,552.4275,1,103777,3,True,True,GHOST
2025-07-09,15:45,rth,down,555.99,556.085,552.4275,556.06,609444,2323,3.5625,0.07,0.641,552.4275,2,207554,3,True,True,GHOST
2025-07-09,15:55,rth,down,556.02,556.38,552.4275,556.26,1733833,8003,3.5925,0.24,0.646,552.4275,2,207554,2,True,True,GHOST
2025-07-15,08:05,pre,down,559.36,559.36,555.793,559.1,23041,146,3.307,0.26,0.591,555.793,1,526,548,True,False,PBAR
2025-07-15,14:20,rth,down,559.42,559.75,556.1514,559.67,338285,1316,3.2686,0.25,0.584,556.1514,1,103695,4,True,True,GHOST
2025-07-15,14:30,rth,down,559.46,559.62,556.1514,559.5,493084,1491,3.3086,0.04,0.591,556.1514,2,207390,4,True,True,GHOST
2025-07-16,11:20,rth,up,554.05,556.8527,553.07,553.48,1465016,8578,2.8027,0.57,0.506,556.8527,1,103685,5,True,True,GHOST
2025-07-16,12:45,rth,up,555.38,560.21,554.6,555.56,386383,2338,4.65,0.18,0.837,560.21,1,440,219,True,False,GHOST
2025-07-17,11:00,rth,down,560.27,560.78,557.4183,560.78,552738,2599,2.8517,0.51,0.509,557.4183,1,103665,4,True,True,GHOST
2025-07-17,11:05,rth,down,560.775,561.44,557.4183,561.19,916283,4634,3.3567,0.415,0.598,557.4183,2,103672,66,True,True,GHOST
2025-07-17,11:50,rth,down,561.34,562.435,557.4183,561.39,301418,1243,3.9217,0.05,0.699,557.4183,1,103665,4,True,True,GHOST
2025-07-17,12:15,rth,down,561.755,561.81,557.4183,561.51,410285,1921,4.0917,0.245,0.729,557.4183,1,103665,4,True,True,GHOST
2025-07-17,12:25,rth,down,561.97,562.21,557.4183,561.825,848287,2429,4.4067,0.145,0.784,557.4183,1,103665,3,True,True,GHOST
2025-07-17,13:00,rth,down,561.78,561.84,557.4183,561.75,662997,1611,4.3317,0.03,0.771,557.4183,3,414660,3,True,True,GHOST
2025-07-17,13:25,rth,down,561.78,561.8299,557.4183,561.815,337137,1438,4.3617,0.035,0.776,557.4183,1,103665,2,True,True,GHOST
2025-07-17,13:45,rth,down,561.87,561.97,557.4183,561.915,549729,1209,4.4517,0.045,0.792,557.4183,3,331728,4,True,True,GHOST
2025-07-17,14:35,rth,down,561.675,561.79,557.4183,561.765,357617,1367,4.2567,0.09,0.758,557.4183,1,103665,4,True,True,GHOST
2025-07-17,14:40,rth,down,561.77,561.805,557.4183,561.74,462641,1475,4.3217,0.03,0.769,557.4183,1,103665,4,True,True,GHOST
2025-07-17,14:50,rth,down,561.8,562.2,557.4183,561.66,361077,1486,4.2417,0.14,0.755,557.4183,1,103665,3,True,True,GHOST
2025-07-17,15:25,rth,down,561.88,561.905,557.4183,561.885,387933,1681,4.4617,0.005,0.794,557.4183,1,103665,2,True,True,GHOST
2025-07-17,15:45,rth,down,561.76,562.0499,557.4183,561.9899,893984,2940,4.3417,0.2299,0.773,557.4183,2,207330,4,True,True,GHOST
2025-07-17,15:50,rth,down,561.98,562.28,557.4183,561.87,1007518,4681,4.4517,0.11,0.792,557.4183,2,207330,3,True,True,GHOST
2025-07-18,11:30,rth,up,561.05,564.7262,561.05,561.375,777727,2008,3.3512,0.325,0.597,564.7262,1,300000,514,True,False,GHOST
2025-07-21,10:00,rth,down,564.93,565.52,561.25,565.3347,640142,3434,3.68,0.4047,0.651,561.25,1,103608,3,True,True,GHOST
2025-07-21,10:20,rth,down,565.34,565.9,561.25,565.6,631794,3446,4.09,0.26,0.723,561.25,1,103608,2,True,True,GHOST
2025-07-21,10:30,rth,down,565.89,566.06,561.25,565.925,792259,2697,4.64,0.035,0.82,561.25,3,310824,3,True,True,GHOST
2025-07-21,11:05,rth,down,565.32,565.37,561.25,565.19,344824,1621,3.94,0.13,0.697,561.25,1,103608,4,True,True,GHOST
2025-07-21,12:00,rth,down,565.16,565.2781,561.25,565.19,475974,1699,3.91,0.03,0.692,561.25,1,103608,2,True,True,GHOST
2025-07-21,12:35,rth,down,565.23,565.33,561.25,565.09,379950,1401,3.84,0.14,0.68,561.25,1,103608,3,True,True,GHOST
2025-07-21,12:50,rth,down,565.395,565.68,561.25,565.68,723852,1612,4.145,0.285,0.733,561.25,1,400000,19,True,True,GHOST
2025-07-21,12:55,rth,down,565.67,565.755,561.25,565.6201,417684,1562,4.3701,0.0499,0.773,561.25,1,103608,3,True,True,GHOST
2025-07-21,13:15,rth,down,565.78,565.99,561.25,565.965,252445,878,4.53,0.185,0.8,561.25,1,103608,3,True,True,GHOST
2025-07-21,13:20,rth,down,565.97,566.04,561.25,565.87,285240,964,4.62,0.1,0.816,561.25,1,103608,2,True,True,GHOST
2025-07-21,13:55,rth,down,565.95,566.01,561.25,565.78,691302,700,4.53,0.17,0.801,561.25,2,518039,4,True,True,GHOST
2025-07-21,15:25,rth,down,564.98,565.02,561.25,564.7499,558515,2488,3.4999,0.2301,0.62,561.25,1,103608,4,True,True,GHOST
2025-07-21,15:30,rth,down,564.745,564.9701,561.25,564.7,455227,2007,3.45,0.045,0.611,561.25,1,103608,3,True,True,GHOST
2025-07-21,15:45,rth,down,564.46,565.64,561.25,564.33,910690,4488,3.08,0.13,0.546,561.25,1,103608,3,True,True,GHOST
2025-07-21,15:50,rth,down,564.32,564.58,561.25,564.18,750041,3984,2.93,0.14,0.519,561.25,2,103626,1451,True,True,GHOST
2025-07-21,15:55,rth,down,564.19,564.27,561.25,564.16,1767527,7142,2.91,0.03,0.516,561.25,2,352266,5,True,True,GHOST
2025-07-22,09:50,rth,up,561.06,564.0345,558.63,559.06,2350348,15466,2.9745,2.0,0.532,564.0345,2,207194,3,True,True,GHOST
2025-07-22,10:10,rth,up,560.21,564.0345,559.99,560.32,912473,4027,3.7145,0.11,0.663,564.0345,1,269350,25,True,True,GHOST
2025-07-22,10:20,rth,up,560.12,564.0345,559.8601,559.8799,716619,2475,3.9145,0.2401,0.699,564.0345,2,372949,2,True,True,GHOST
2025-07-23,11:05,rth,down,560.66,560.91,557.11,560.77,189674,1170,3.55,0.11,0.633,557.11,1,100,3,True,False,GHOST
2025-07-30,16:10,post,down,572.16,573.01,568.02,572.56,472107,1394,4.14,0.4,0.723,568.02,21,539897,849,True,True,not_pbar
2025-07-30,17:15,post,down,572.34,572.34,568.02,572.34,35606,52,4.32,0.0,0.755,568.02,1,20712,963,True,True,GHOST
2025-07-31,10:20,rth,down,572.8,572.8,568.0819,572.26,595429,2644,4.1781,0.54,0.73,568.0819,1,207022,32,True,False,GHOST
2025-07-31,10:35,rth,down,571.47,571.7813,568.0819,571.63,566859,2797,3.3881,0.16,0.593,568.0819,1,103511,4,True,True,GHOST
2025-07-31,10:45,rth,down,571.42,571.48,568.0819,571.07,562339,2920,2.9881,0.35,0.523,568.0819,2,103512,1397,True,True,GHOST
2025-07-31,12:25,rth,down,571.1006,571.35,568.0819,571.14,449416,1461,3.0187,0.0394,0.529,568.0819,2,207022,3,True,True,GHOST
2025-07-31,15:55,rth,up,564.34,568.0819,564.0118,565.0,2650439,14994,3.0819,0.66,0.545,568.0819,3,310533,4,True,True,GHOST
2025-08-01,08:00,pre,up,558.31,565.01,557.867,559.82,224901,528,5.19,1.51,0.927,565.01,163,301,3220344,True,False,not_pbar
2025-08-01,08:10,pre,up,559.79,564.587,559.7001,559.81,16977,95,4.777,0.02,0.853,564.587,1,275,1083,True,True,PBAR
2025-08-01,09:45,rth,up,554.79,565.001,553.48,553.48,1697011,10245,10.211,1.31,1.845,565.001,4,103473,4422,True,False,GHOST
2025-08-01,09:50,rth,up,553.48,565.001,553.32,553.85,1602798,8801,11.151,0.37,2.013,565.001,3,310410,4,True,True,GHOST
2025-08-01,10:10,rth,up,554.07,565.001,554.01,554.535,1626806,8802,10.466,0.465,1.887,565.001,3,310410,3,True,True,GHOST
2025-08-01,10:15,rth,up,554.53,565.001,554.46,555.15,1300538,7034,9.851,0.62,1.774,565.001,3,310399,4,True,True,GHOST
2025-08-01,11:00,rth,up,555.03,565.001,554.36,554.91,640214,3330,9.971,0.12,1.797,565.001,1,103470,4,True,True,GHOST
2025-08-01,11:50,rth,up,556.69,565.001,555.9684,556.6118,563845,2230,8.311,0.0782,1.493,565.001,2,206918,3,True,True,GHOST
2025-08-01,12:30,rth,up,556.96,565.001,556.58,557.17,394056,1827,7.831,0.21,1.405,565.001,1,103459,3,True,True,GHOST
2025-08-01,14:50,rth,up,554.57,565.001,553.2,553.27,647927,2957,10.431,1.3,1.885,565.001,1,103459,3,True,True,GHOST
2025-08-01,15:10,rth,up,553.62,565.001,553.45,553.74,383879,1937,11.261,0.12,2.034,565.001,1,103459,3,True,True,GHOST
2025-08-01,15:45,rth,up,553.98,565.001,553.81,554.88,997074,5436,10.121,0.9,1.824,565.001,2,206918,4,True,True,GHOST
2025-08-01,15:50,rth,up,554.89,565.001,553.58,554.35,1486169,9342,10.111,0.54,1.824,565.001,1,103459,5,True,True,GHOST
2025-08-04,08:00,pre,down,557.95,558.6304,553.88,557.98,128435,412,4.07,0.03,0.729,553.88,264,650,3389596,True,False,not_pbar
2025-08-04,12:00,rth,down,562.97,563.29,553.9286,563.0195,562789,2484,9.0414,0.0495,1.606,553.9286,1,103449,3,True,False,GHOST
2025-08-04,12:05,rth,down,563.03,563.21,553.9286,563.12,338218,1237,9.1014,0.09,1.616,553.9286,1,103449,2,True,True,GHOST
2025-08-04,12:30,rth,down,563.215,563.4,553.9286,563.3301,423090,2174,9.2864,0.1151,1.648,553.9286,1,103449,3,True,True,GHOST
2025-08-04,12:50,rth,down,563.27,563.75,553.9286,563.5177,433779,1356,9.3414,0.2477,1.658,553.9286,1,103449,3,True,True,GHOST
2025-08-04,13:05,rth,down,563.41,563.51,553.9286,563.495,287388,1142,9.4814,0.085,1.683,553.9286,1,103449,3,True,True,GHOST
2025-08-04,13:25,rth,down,563.71,563.71,553.9286,563.605,376410,1025,9.6764,0.105,1.717,553.9286,1,206898,4,True,True,GHOST
2025-08-04,14:10,rth,down,563.39,563.608,553.9286,563.23,316076,1324,9.3014,0.16,1.651,553.9286,1,103439,3,True,True,GHOST
2025-08-04,14:15,rth,down,563.22,563.35,553.9286,563.22,324651,1187,9.2914,0.0,1.65,553.9286,1,103439,2,True,True,GHOST
2025-08-04,14:20,rth,down,563.22,563.445,553.9286,563.35,247790,954,9.2914,0.13,1.649,553.9286,1,103439,4,True,True,GHOST
2025-08-04,15:30,rth,down,563.3,563.365,553.9286,563.15,629128,2123,9.2214,0.15,1.637,553.9286,1,206878,3,True,True,GHOST
2025-08-04,15:55,rth,down,563.905,564.315,553.9286,564.1,3020154,13489,9.9764,0.195,1.769,553.9286,5,517145,3,True,True,GHOST
2025-08-05,10:55,rth,up,560.74,564.2782,560.68,561.36,649263,3970,2.9182,0.62,0.52,564.2782,1,103418,2,True,True,GHOST
2025-08-05,11:55,rth,up,560.54,564.2782,560.36,560.76,341277,1871,3.5182,0.22,0.627,564.2782,1,103418,4,True,True,GHOST
2025-08-05,14:45,rth,up,560.9399,564.2782,560.18,560.71,466576,2633,3.3383,0.2299,0.595,564.2782,1,103418,5,True,True,GHOST
2025-08-05,14:50,rth,up,560.72,564.2782,559.785,560.25,606694,3663,3.5582,0.47,0.635,564.2782,1,103418,5,True,True,GHOST
2025-08-05,15:30,rth,up,561.12,564.2782,560.62,561.0,457747,2018,3.1582,0.12,0.563,564.2782,1,103418,3,True,True,GHOST
2025-08-05,15:40,rth,up,560.77,564.2782,560.4,560.44,515743,2070,3.5082,0.33,0.626,564.2782,1,103418,2,True,True,GHOST
2025-08-05,15:50,rth,up,560.34,564.2782,560.25,560.53,736577,4475,3.7482,0.19,0.669,564.2782,1,103418,3,True,True,GHOST
2025-08-05,15:55,rth,up,560.51,564.2782,559.89,560.19,1786634,8804,3.7682,0.32,0.673,564.2782,3,413673,4,True,True,GHOST
2025-08-06,11:40,rth,down,564.74,565.21,560.1387,565.1446,427217,2286,4.6013,0.4046,0.814,560.1387,1,103408,3,True,True,GHOST
2025-08-06,12:30,rth,down,565.915,565.95,560.1387,565.78,373608,1161,5.6413,0.135,0.997,560.1387,2,206816,5,True,True,GHOST
2025-08-06,12:50,rth,down,566.0199,566.3,560.1387,566.11,788212,1462,5.8812,0.0901,1.039,560.1387,3,517041,4,True,True,GHOST
2025-08-06,13:10,rth,down,566.02,566.14,560.1387,565.85,260773,955,5.7113,0.17,1.009,560.1387,1,103408,3,True,True,GHOST
2025-08-06,13:55,rth,down,565.87,566.138,560.1387,566.04,287817,1186,5.7313,0.17,1.013,560.1387,1,103408,3,True,True,GHOST
2025-08-06,14:35,rth,down,567.36,567.54,560.1387,567.27,527597,2230,7.1313,0.09,1.257,560.1387,1,103408,2,True,True,GHOST
2025-08-06,14:40,rth,down,567.3,567.37,560.1387,567.2957,314817,1368,7.157,0.0043,1.262,560.1387,1,103408,3,True,True,GHOST
2025-08-06,15:10,rth,down,567.18,567.225,560.1387,567.1,319526,1541,6.9613,0.08,1.228,560.1387,1,103408,2,True,True,GHOST
2025-08-06,15:30,rth,down,567.41,567.76,560.1387,567.61,474503,2405,7.2713,0.2,1.281,560.1387,1,103408,2,True,True,GHOST
2025-08-06,15:40,rth,down,567.6599,567.7,560.1387,567.23,454626,2209,7.0913,0.4299,1.25,560.1387,1,103408,2,True,True,GHOST
2025-08-07,08:00,pre,down,571.9,572.5,566.895,571.1303,85399,381,4.2353,0.7697,0.742,566.895,1,648,1199,True,False,PBAR
2025-08-07,08:25,pre,down,571.6,571.6,567.32,571.6,8808,73,4.28,0.0,0.749,567.32,2,132,274,True,True,GHOST
2025-08-08,10:40,rth,down,574.0,574.18,569.182,573.875,631220,3320,4.693,0.125,0.818,569.182,1,103357,2,True,True,GHOST
2025-08-08,11:55,rth,down,573.41,573.75,569.182,573.74,348021,1519,4.228,0.33,0.737,569.182,1,103357,5,True,True,GHOST
2025-08-08,12:45,rth,down,574.02,574.1651,569.182,573.92,233526,948,4.738,0.1,0.826,569.182,1,103357,4,True,True,GHOST
2025-08-08,14:25,rth,down,574.34,574.39,569.182,574.36,316013,1476,5.158,0.02,0.898,569.182,1,103357,4,True,True,GHOST
2025-08-08,14:50,rth,down,574.51,574.64,569.182,574.62,400713,1042,5.328,0.11,0.927,569.182,1,103357,4,True,True,GHOST
2025-08-11,14:10,rth,up,573.98,577.95,573.73,574.11,179289,1243,3.84,0.13,0.669,577.95,1,100,18,True,False,GHOST
2025-08-12,11:10,rth,down,577.01,577.5913,572.5681,577.3599,839531,3103,4.4419,0.3499,0.769,572.5681,1,103336,2,True,True,GHOST
2025-08-12,11:35,rth,down,577.89,578.1,572.5681,578.095,306804,1207,5.3219,0.205,0.921,572.5681,1,103336,3,True,True,GHOST
2025-08-12,12:55,rth,down,579.21,579.41,575.56,579.165,451476,1666,3.605,0.045,0.622,575.56,1,80000,7956758,True,True,GHOST
2025-08-12,13:05,rth,down,579.1708,579.29,575.56,579.02,256708,915,3.46,0.1508,0.598,575.56,1,80000,8480998,True,True,GHOST
2025-08-12,13:10,rth,down,579.01,579.25,572.5681,579.14,225311,785,6.4419,0.13,1.112,572.5681,1,103336,3,True,True,GHOST
2025-08-12,15:45,rth,down,579.66,579.85,572.5681,579.845,637791,2660,7.0919,0.185,1.223,572.5681,1,206671,4,True,True,GHOST
2025-08-12,15:55,rth,down,580.15,580.27,572.5681,580.02,1896236,10062,7.4519,0.13,1.285,572.5681,1,103336,3,True,True,GHOST
2025-08-14,09:30,rth,down,578.28,579.41,575.37,579.4,1539713,9330,2.91,1.12,0.502,575.37,1,100,3,True,False,GHOST
2025-08-15,11:40,rth,up,576.5218,580.0637,575.5743,575.74,1662386,3305,3.5419,0.7818,0.615,580.0637,1,103264,4,True,True,GHOST
2025-08-15,14:30,rth,down,577.72,577.85,574.3,577.7,211236,1033,3.4,0.02,0.589,574.3,1,3750,25,True,False,GHOST
2025-08-15,14:55,rth,down,577.54,577.6473,574.3,577.3943,365095,2252,3.0943,0.1457,0.536,574.3,1,3750,1376113,True,True,GHOST
2025-08-18,09:40,rth,up,577.335,580.36,576.51,576.63,566674,4265,3.025,0.705,0.525,580.36,1,100,4,True,False,GHOST
2025-08-19,11:15,rth,up,571.54,577.1926,571.29,571.765,562175,2832,5.4276,0.225,0.949,577.1926,1,103233,5,True,True,GHOST
2025-08-19,12:15,rth,up,570.59,577.1926,570.59,571.11,572657,2967,6.0826,0.52,1.065,577.1926,1,103233,4,True,True,GHOST
2025-08-19,12:45,rth,up,569.925,577.1926,569.41,569.91,768466,4906,7.2676,0.015,1.275,577.1926,1,103233,4,True,True,GHOST
2025-08-19,13:05,rth,up,569.335,577.1926,568.87,568.92,1065230,4847,7.8576,0.415,1.381,577.1926,2,206466,5,True,True,GHOST
2025-08-19,14:05,rth,up,569.49,577.1926,569.34,570.1193,399071,2083,7.0733,0.6293,1.241,577.1926,1,103233,4,True,True,GHOST
2025-08-19,14:35,rth,up,569.24,577.1926,569.01,569.0299,368068,1506,7.9526,0.2101,1.398,577.1926,1,103233,5,True,True,GHOST
2025-08-19,15:45,rth,up,569.37,577.1926,568.96,569.05,502908,2584,7.8226,0.32,1.375,577.1926,1,103233,4,True,True,GHOST
2025-08-19,15:55,rth,up,568.635,577.1926,568.58,569.28,2642500,12634,7.9126,0.645,1.39,577.1926,4,412952,4,True,True,GHOST
2025-08-20,10:05,rth,up,562.11,569.1856,560.295,560.66,1809844,10697,7.0756,1.45,1.262,569.1856,2,206446,4,True,False,GHOST
2025-08-20,10:10,rth,up,560.66,569.1856,560.15,560.62,1386593,8951,8.5256,0.04,1.521,569.1856,1,206446,4,True,True,GHOST
2025-08-20,10:15,rth,up,560.63,569.1856,559.51,560.74,2413555,9385,8.4456,0.11,1.506,569.1856,1,103223,5,True,True,GHOST
2025-08-20,10:20,rth,up,560.71,569.1856,560.5,561.4,1084131,6783,7.7856,0.69,1.387,569.1856,1,103223,4,True,True,GHOST
2025-08-20,10:30,rth,up,560.31,569.1856,559.96,560.375,993357,6275,8.8106,0.065,1.572,569.1856,1,103223,4,True,True,GHOST
2025-08-20,11:00,rth,up,559.37,569.1856,559.1,559.85,827679,5025,9.3356,0.48,1.668,569.1856,1,103223,3,True,True,GHOST
2025-08-20,11:10,rth,up,560.97,569.1856,560.74,561.19,1109140,3641,7.9956,0.22,1.425,569.1856,3,412892,5,True,True,GHOST
2025-08-20,11:35,rth,up,564.09,569.1856,563.425,563.44,980368,5683,5.0956,0.65,0.904,569.1856,1,103223,4,True,True,GHOST
2025-08-20,12:05,rth,up,563.02,569.1856,562.76,563.13,555278,2597,6.0556,0.11,1.075,569.1856,1,103223,3,True,True,GHOST
2025-08-20,12:15,rth,up,563.775,569.1856,563.74,564.35,515763,2689,4.8356,0.575,0.857,569.1856,1,103223,2,True,True,GHOST
2025-08-20,12:50,rth,up,564.12,569.1856,563.795,564.095,499175,2862,5.0656,0.025,0.898,569.1856,1,103223,3,True,True,GHOST
2025-08-20,14:20,rth,up,562.9,569.1856,562.6,563.25,570273,3568,5.9356,0.35,1.054,569.1856,1,103223,3,True,True,GHOST
2025-08-20,15:15,rth,up,565.51,569.1856,565.4,565.68,542871,3248,3.5056,0.17,0.62,569.1856,1,103223,3,True,True,GHOST
2025-08-20,15:35,rth,up,566.2,569.1856,565.73,565.76,511126,2500,2.9856,0.44,0.528,569.1856,1,103223,3,True,True,GHOST
2025-08-21,13:05,rth,up,562.46,565.9922,562.29,562.5,403399,1799,3.4922,0.04,0.621,565.9922,1,103203,4,True,True,GHOST
2025-08-21,13:15,rth,up,561.81,565.9922,561.275,561.36,526907,2885,4.1822,0.45,0.745,565.9922,1,103203,4,True,True,GHOST
2025-08-21,13:35,rth,up,562.3,565.9922,561.3,562.78,475619,2576,3.2122,0.48,0.571,565.9922,1,103203,4,True,True,GHOST
2025-08-21,13:40,rth,up,562.78,565.9922,561.155,562.955,536016,2352,3.0372,0.175,0.54,565.9922,1,103203,4,True,True,GHOST
2025-08-22,08:00,pre,down,564.72,564.99,560.45,564.54,93380,290,4.09,0.18,0.724,560.45,43,4270,19086705,True,False,not_pbar
2025-08-22,10:05,rth,down,570.04,572.4,563.4356,572.05,1495240,9716,6.6044,2.01,1.155,563.4356,1,103172,5,True,True,GHOST
2025-08-22,10:15,rth,down,572.495,573.58,563.4356,571.97,1651774,10085,8.5344,0.525,1.492,563.4356,2,206344,4,True,True,GHOST
2025-08-22,10:45,rth,down,573.29,573.88,563.4356,573.1,716879,4439,9.6644,0.19,1.686,563.4356,1,103172,4,True,True,GHOST
2025-08-22,10:50,rth,down,573.12,573.435,563.4356,573.25,549252,3074,9.6844,0.13,1.689,563.4356,1,103172,3,True,True,GHOST
2025-08-22,11:45,rth,down,573.17,573.41,563.4356,572.56,436854,2218,9.1244,0.61,1.594,563.4356,1,103172,3,True,True,GHOST
2025-08-22,15:00,rth,down,572.47,572.64,563.4356,572.55,296335,1137,9.0344,0.08,1.578,563.4356,1,103172,5,True,True,GHOST
2025-08-22,15:05,rth,down,572.54,572.565,563.4356,572.26,323709,1253,8.8244,0.28,1.542,563.4356,1,103172,2,True,True,GHOST
2025-08-29,10:05,rth,up,570.53,574.93,569.55,569.975,1169507,8803,4.4,0.555,0.772,574.93,2,105,1,True,True,GHOST
2025-08-29,10:20,rth,up,570.12,577.1159,570.04,570.66,1047864,6952,6.4559,0.54,1.131,577.1159,1,103049,2,True,False,GHOST
2025-08-29,10:45,rth,up,570.285,577.1159,569.61,569.76,915387,4816,6.8309,0.525,1.199,577.1159,3,309180,5,True,True,GHOST
2025-08-29,10:50,rth,up,569.76,577.1159,569.09,569.435,733725,3911,7.3559,0.325,1.292,577.1159,2,206120,4,True,True,GHOST
2025-08-29,10:55,rth,up,569.46,577.1159,568.96,569.42,764745,3696,7.6559,0.04,1.345,577.1159,2,206120,4,True,True,GHOST
2025-08-29,11:20,rth,up,570.24,577.1159,570.21,570.685,378322,1805,6.4309,0.445,1.127,577.1159,1,103060,4,True,True,GHOST
2025-08-29,11:55,rth,up,569.65,577.1159,569.17,569.32,453760,2370,7.4659,0.33,1.311,577.1159,1,103060,3,True,True,GHOST
2025-08-29,14:00,rth,up,569.97,577.1159,569.0,569.64,341445,1561,7.1459,0.33,1.254,577.1159,1,103060,4,True,True,GHOST
2025-08-29,15:10,rth,up,570.25,577.1159,570.0501,570.18,519134,2019,6.8659,0.07,1.204,577.1159,1,206119,4,True,True,GHOST
2025-08-29,15:35,rth,up,570.04,577.1159,569.66,569.98,543951,2799,7.0759,0.06,1.241,577.1159,1,103060,3,True,True,GHOST
2025-08-29,15:40,rth,up,569.98,577.1159,569.7563,570.4426,685622,3762,6.6733,0.4626,1.17,577.1159,1,103060,3,True,True,GHOST
2025-09-02,04:00,pre,up,565.6,569.69,565.44,566.66,27591,154,3.03,1.06,0.535,569.69,21,484,25,True,False,not_pbar
2025-09-02,08:00,pre,up,564.77,570.827,563.51,563.6,190838,685,6.057,1.17,1.075,570.827,1,466,1356,True,False,PBAR
2025-09-02,12:15,rth,up,560.4,570.1129,560.39,560.89,487192,2530,9.2229,0.49,1.644,570.1129,1,103038,4,True,False,GHOST
2025-09-02,15:25,rth,up,564.38,570.1129,564.26,564.59,432117,2152,5.5229,0.21,0.978,570.1129,1,103038,3,True,True,GHOST
2025-09-02,15:30,rth,up,564.58,570.1129,564.5,564.6201,1004073,3189,5.4928,0.0401,0.973,570.1129,3,412152,4,True,True,GHOST
2025-09-02,15:45,rth,up,564.93,570.1129,564.64,565.045,743834,4083,5.0679,0.115,0.897,570.1129,1,103038,3,True,True,GHOST
2025-09-02,15:55,rth,up,565.72,570.1129,565.27,565.62,1743861,10172,4.3929,0.1,0.777,570.1129,1,103038,3,True,True,GHOST
2025-09-03,08:00,pre,down,569.14,570.0403,566.044,569.56,147648,470,3.096,0.42,0.544,566.044,207,677,3381755,True,False,not_pbar
2025-09-03,10:40,rth,down,570.62,571.47,565.6284,571.29,829858,5035,4.9916,0.67,0.874,565.6284,1,103029,4,True,False,GHOST
2025-09-03,15:50,rth,down,568.88,569.54,565.6284,569.39,1217195,7524,3.2516,0.51,0.571,565.6284,1,103029,6,True,True,GHOST
2025-09-03,15:55,rth,down,569.38,570.07,565.6284,569.99,2739383,15182,3.7516,0.61,0.658,565.6284,1,103029,4,True,True,GHOST
2025-09-04,14:05,rth,down,573.48,573.505,570.1486,573.4301,318421,1479,3.2815,0.0499,0.572,570.1486,1,103008,5,True,True,GHOST
2025-09-04,14:10,rth,down,573.44,573.58,570.1486,573.55,409030,1403,3.2914,0.11,0.574,570.1486,1,103008,5,True,True,GHOST
2025-09-04,14:50,rth,down,574.0899,574.205,570.1486,574.04,440461,2076,3.8914,0.0499,0.678,570.1486,1,103008,4,True,True,GHOST
2025-09-04,15:20,rth,down,574.47,574.665,570.1486,574.515,463458,2119,4.3214,0.045,0.752,570.1486,1,103008,5,True,True,GHOST
2025-09-04,15:50,rth,down,574.3,575.07,570.1486,575.01,1323881,6255,4.1514,0.71,0.722,570.1486,2,206016,4,True,True,GHOST
2025-09-04,15:55,rth,down,574.99,575.6,570.1486,575.27,3016231,13554,4.8414,0.28,0.842,570.1486,4,412032,4,True,True,GHOST
2025-09-05,08:00,pre,down,578.36,578.7,574.799,578.3236,138040,501,3.5246,0.0364,0.609,574.799,1,333,613,True,False,PBAR
2025-09-05,09:50,rth,down,580.58,580.9,575.5252,580.185,1655489,9801,4.6598,0.395,0.803,575.5252,1,102967,14,True,False,GHOST
2025-09-05,10:05,rth,down,579.53,579.57,575.5252,578.56,1667841,7037,3.0348,0.97,0.525,575.5252,1,102967,4,True,True,GHOST
2025-09-05,11:00,rth,up,572.56,575.5252,571.78,572.25,1120186,5519,2.9652,0.31,0.518,575.5252,1,102967,4,True,True,GHOST
2025-09-05,16:05,post,up,576.06,579.631,575.66,575.66,456628,342,3.571,0.4,0.62,579.631,1,210000,21434381,True,False,GHOST
2025-09-08,10:50,rth,down,580.56,580.6839,576.0192,580.46,603068,2450,4.4408,0.1,0.765,576.0192,1,102957,4,True,False,GHOST
2025-09-08,12:30,rth,down,579.49,579.65,576.0192,579.0099,491426,2677,2.9907,0.4801,0.517,576.0192,1,102957,5,True,True,GHOST
2025-09-11,12:45,rth,down,584.15,584.21,580.8049,584.18,327202,1352,3.3451,0.03,0.573,580.8049,1,102915,5,True,False,GHOST
2025-09-11,14:25,rth,down,584.3,584.48,580.8049,584.31,296433,1161,3.4951,0.01,0.598,580.8049,1,102915,4,True,True,GHOST
2025-09-11,14:40,rth,down,584.51,584.62,580.8049,584.5808,419924,1281,3.7051,0.0708,0.634,580.8049,2,205830,4,True,True,GHOST
2025-09-11,15:05,rth,down,584.5314,584.69,580.8049,584.385,387517,1737,3.5801,0.1464,0.613,580.8049,1,102915,3,True,True,GHOST
2025-09-11,15:35,rth,down,584.67,584.72,580.8049,584.66,402707,1780,3.8551,0.01,0.659,580.8049,1,102915,3,True,True,GHOST
2025-09-15,11:20,rth,down,590.19,590.3,586.7653,590.115,461309,2409,3.3497,0.075,0.568,586.7653,1,102853,3,True,False,GHOST
2025-09-15,11:30,rth,down,590.27,590.36,586.7653,590.21,453117,2254,3.4447,0.06,0.584,586.7653,1,102853,3,True,True,GHOST
2025-09-15,11:35,rth,down,590.22,590.5999,586.7653,590.56,590237,1565,3.4547,0.34,0.585,586.7653,1,102853,3,True,True,GHOST
2025-09-15,11:55,rth,down,590.94,591.13,586.7653,590.91,448143,2214,4.1447,0.03,0.701,586.7653,1,102853,4,True,True,GHOST
2025-09-15,14:05,rth,down,591.1,591.1799,586.7653,590.97,346319,1631,4.2047,0.13,0.711,586.7653,1,102853,3,True,True,GHOST
2025-09-15,14:35,rth,down,590.815,590.865,586.7653,590.58,322016,1490,3.8147,0.235,0.646,586.7653,2,102854,672,True,True,GHOST
2025-09-15,15:05,rth,down,590.6,591.05,586.7653,590.74,366094,1224,3.8347,0.14,0.649,586.7653,1,102853,4,True,True,GHOST
2025-09-15,15:20,rth,down,590.76,590.84,586.7653,590.74,441007,1630,3.9747,0.02,0.673,586.7653,1,200000,31,True,True,GHOST
2025-09-15,15:55,rth,down,591.1,591.79,586.7653,591.7,2876789,16357,4.3347,0.6,0.733,586.7653,1,102853,2,True,True,GHOST
2025-09-18,08:00,pre,down,596.22,596.7895,592.87,596.5,119621,393,3.35,0.28,0.562,592.87,176,3129,20827423,True,False,not_pbar
2025-09-18,08:05,pre,down,596.49,596.54,590.0,596.23,15495,80,6.23,0.26,1.045,590.0,35,163,3842383,True,False,not_pbar
2025-09-18,10:05,rth,down,595.89,596.54,589.9613,596.535,887343,5247,5.9287,0.645,0.994,589.9613,1,104036,4,True,False,GHOST
2025-09-18,10:15,rth,down,596.54,597.085,589.9613,597.05,936834,4895,6.5787,0.51,1.102,589.9613,1,104036,4,True,True,GHOST
2025-09-18,11:15,rth,down,597.24,597.99,589.9613,597.95,773931,3516,7.2787,0.71,1.217,589.9613,2,208072,4,True,True,GHOST
2025-09-18,11:20,rth,down,597.96,598.14,589.9613,597.67,1485972,3281,7.7087,0.29,1.29,589.9613,2,208072,4,True,True,GHOST
2025-09-18,11:30,rth,down,597.34,597.9,589.9613,597.53,732576,3116,7.3787,0.19,1.235,589.9613,2,208072,5,True,True,GHOST
2025-09-18,12:25,rth,down,597.0,597.165,589.9613,597.0693,692306,1541,7.0387,0.0693,1.179,589.9613,1,205604,2,True,True,GHOST
2025-09-18,12:30,rth,down,597.08,597.48,589.9613,597.37,408339,1637,7.1187,0.29,1.192,589.9613,1,104036,4,True,True,GHOST
2025-09-18,13:30,rth,down,596.88,596.95,589.9613,596.5,522032,2104,6.5387,0.38,1.096,589.9613,1,102813,3,True,True,GHOST
2025-09-18,13:40,rth,down,596.495,596.515,589.9613,596.23,483611,2061,6.2687,0.265,1.051,589.9613,1,102813,3,True,True,GHOST
2025-09-18,14:25,rth,down,596.41,596.59,589.9613,596.2851,301408,1327,6.3238,0.1249,1.061,589.9613,1,102823,4,True,True,GHOST
2025-09-18,15:00,rth,down,596.72,596.7709,586.7615,596.57,243692,1413,9.8085,0.15,1.644,586.7615,1,13000,393664,True,False,GHOST
2025-09-18,15:35,rth,down,595.79,596.02,589.9613,595.735,572021,2716,5.7737,0.055,0.969,589.9613,1,104036,4,True,True,GHOST
2025-09-22,14:20,rth,down,602.375,603.88,599.1211,602.24,668011,1504,3.1189,0.135,0.518,599.1211,4,415936,5,True,True,GHOST
2025-09-22,15:40,rth,down,602.15,602.4,598.67,602.065,480301,2728,3.395,0.085,0.564,598.67,1,8100,20602397,True,True,GHOST
2025-09-22,15:55,rth,down,602.25,602.63,599.1211,602.24,2555458,11837,3.1189,0.01,0.518,599.1211,4,415852,4,True,True,GHOST
2025-09-23,13:35,rth,up,599.1,602.3977,597.91,597.97,1451730,8839,3.2977,1.13,0.551,602.3977,1,103957,3,True,True,GHOST
2025-09-23,14:10,rth,up,597.94,602.3977,597.35,597.71,573387,2267,4.4577,0.23,0.746,602.3977,2,207914,5,True,True,GHOST
2025-09-23,15:55,rth,up,598.35,602.3977,597.84,598.14,2351690,10639,4.0477,0.21,0.677,602.3977,2,207914,3,True,True,GHOST
2025-09-24,12:00,rth,up,594.6,598.0044,594.32,594.48,1173079,6025,3.4044,0.12,0.573,598.0044,2,207892,4,True,True,GHOST
2025-09-24,12:05,rth,up,594.46,598.0044,593.77,593.8499,1180011,5539,3.5444,0.6101,0.597,598.0044,2,207892,5,True,True,GHOST
2025-09-24,12:10,rth,up,593.84,598.0044,593.36,593.93,1108754,5435,4.0744,0.09,0.686,598.0044,1,103946,3,True,True,GHOST
2025-09-24,12:15,rth,up,593.92,598.0044,593.52,594.19,1151198,4511,3.8144,0.27,0.642,598.0044,1,103946,3,True,True,GHOST
2025-09-24,12:35,rth,up,594.75,598.0044,594.735,594.99,429695,1977,3.0144,0.24,0.507,598.0044,1,103946,4,True,True,GHOST
2025-09-25,09:55,rth,up,589.38,596.1379,588.6927,589.23,990908,4832,6.7579,0.15,1.147,596.1379,1,103936,14,True,False,GHOST
2025-09-25,10:35,rth,down,593.49,593.63,588.6473,593.55,591403,3604,4.8427,0.06,0.816,588.6473,1,16500,2154743,True,True,GHOST
2025-09-25,11:05,rth,up,593.1,596.1379,592.39,592.74,952906,3639,3.0379,0.36,0.513,596.1379,1,103936,4,True,True,GHOST
2025-09-25,14:05,rth,up,589.34,596.1379,589.26,590.26,1192477,6285,5.8779,0.92,0.996,596.1379,1,103936,5,True,True,GHOST
2025-09-25,15:20,rth,up,592.98,596.1379,592.61,592.69,572998,2747,3.1579,0.29,0.533,596.1379,1,103936,5,True,True,GHOST
2025-09-29,08:00,pre,down,600.1,600.23,595.524,599.55,83332,322,4.026,0.55,0.672,595.524,1,554,1570,True,False,PBAR
2025-09-29,10:00,rth,down,601.26,601.64,596.1417,600.905,1025252,5573,4.7633,0.355,0.793,596.1417,1,103885,4,True,False,GHOST
2025-09-29,12:20,rth,down,599.14,599.3,596.1417,599.2399,467480,1439,2.9983,0.0999,0.5,596.1417,2,207770,4,True,True,GHOST
2025-09-29,15:20,rth,down,597.91,598.26,569.34,598.2,460861,2740,28.57,0.29,4.776,569.34,1,2550,26,True,False,GHOST
2025-10-02,08:25,pre,down,606.99,606.99,603.25,606.82,16375,128,3.57,0.17,0.588,603.25,4,141,336,True,False,GHOST
2025-10-03,14:05,rth,up,601.7751,605.7081,601.45,601.91,840644,4542,3.7981,0.1349,0.631,605.7081,1,103782,4,True,True,GHOST
2025-10-03,15:35,rth,up,603.52,607.4,603.46,603.53,863294,1712,3.87,0.01,0.641,607.4,1,500000,10664087,True,True,GHOST
2025-10-06,10:15,rth,down,607.15,607.4125,603.0894,607.2,420138,2293,4.0606,0.05,0.669,603.0894,2,103781,2056,True,False,GHOST
2025-10-06,11:55,rth,down,608.36,608.495,603.0894,608.305,434209,1700,5.2156,0.055,0.857,603.0894,1,103772,4,True,True,GHOST
2025-10-06,12:50,rth,down,607.91,608.19,603.0894,608.155,277394,991,4.8206,0.245,0.793,603.0894,1,103772,2,True,True,GHOST
2025-10-06,13:05,rth,down,608.07,608.08,603.0894,607.918,291037,1019,4.8286,0.152,0.794,603.0894,1,103772,3,True,True,GHOST
2025-10-06,14:45,rth,down,608.98,609.15,603.0894,609.035,211537,661,5.8906,0.055,0.967,603.0894,1,103772,3,True,True,GHOST
2025-10-06,15:45,rth,down,608.33,608.4,603.0894,607.95,1300053,7417,4.8606,0.38,0.8,603.0894,1,103782,3,True,True,GHOST
2025-10-06,15:50,rth,down,607.94,608.265,603.0894,608.06,1341541,7282,4.8506,0.12,0.798,603.0894,2,207564,4,True,True,GHOST
2025-10-06,15:55,rth,down,608.07,608.15,603.0894,607.71,1872191,9818,4.6206,0.36,0.76,603.0894,1,103782,3,True,True,GHOST
2025-10-07,11:30,rth,up,605.18,609.1,604.45,604.73,856227,5904,3.92,0.45,0.648,609.1,1,16800,27,True,True,GHOST
2025-10-07,11:35,rth,up,604.72,607.7818,603.5258,604.05,1795568,7752,3.0618,0.67,0.507,607.7818,1,103762,2,True,True,GHOST
2025-10-07,11:55,rth,up,603.31,607.7818,603.21,604.14,984745,4759,3.6418,0.83,0.603,607.7818,1,103751,2,True,True,GHOST
2025-10-07,12:15,rth,up,603.76,607.7818,603.36,603.42,511654,2796,4.0218,0.34,0.667,607.7818,1,103751,2,True,True,GHOST
2025-10-07,14:35,rth,up,604.28,607.7818,604.27,604.52,316429,1302,3.2618,0.24,0.54,607.7818,1,103751,3,True,True,GHOST
2025-10-08,10:50,rth,down,608.08,608.1,604.4136,607.8,681301,2568,3.3864,0.28,0.557,604.4136,1,103751,2,True,False,GHOST
2025-10-08,11:55,rth,down,609.61,609.685,604.4136,609.538,393766,1710,5.1244,0.072,0.841,604.4136,1,103751,4,True,True,GHOST
2025-10-08,13:55,rth,down,609.93,610.04,604.4136,610.03,277047,930,5.5164,0.1,0.904,604.4136,1,103751,4,True,True,GHOST
2025-10-08,14:10,rth,down,610.28,610.56,604.4136,610.44,549391,1597,5.8664,0.16,0.961,604.4136,2,207502,4,True,True,GHOST
2025-10-08,14:15,rth,down,610.43,610.59,604.4136,610.53,569174,1867,6.0164,0.1,0.985,604.4136,2,207502,4,True,True,GHOST
2025-10-08,14:20,rth,down,610.555,610.59,604.4136,610.495,354874,1395,6.0814,0.06,0.996,604.4136,1,103751,4,True,True,GHOST
2025-10-08,15:20,rth,down,610.84,610.92,604.4136,610.81,680040,2014,6.3964,0.03,1.047,604.4136,3,311253,4,True,True,GHOST
2025-10-08,15:25,rth,down,610.805,611.05,604.4136,610.94,710732,1986,6.3914,0.135,1.046,604.4136,4,332003,4,True,True,GHOST
2025-10-08,15:35,rth,down,610.98,611.04,604.4136,610.905,930518,2542,6.4914,0.075,1.063,604.4136,1,103751,4,True,True,GHOST
2025-10-08,15:55,rth,down,611.44,611.75,604.4136,611.45,3439838,15259,7.0264,0.01,1.149,604.4136,2,207492,4,True,True,GHOST
2025-10-08,16:35,post,down,612.0825,612.12,608.0333,612.11,116298,40,4.0492,0.0275,0.662,608.0333,4,934928,539,True,False,PBAR
2025-10-09,13:15,rth,up,608.43,611.6308,607.79,608.24,510368,2852,3.2008,0.19,0.526,611.6308,1,103720,3,True,True,GHOST
2025-10-10,11:20,rth,up,602.675,610.694,599.46,599.57,1730288,10091,8.019,3.105,1.337,610.694,1,103669,4,True,True,GHOST
2025-10-10,11:25,rth,up,599.55,610.694,599.1001,599.565,2163405,9800,11.129,0.015,1.856,610.694,2,207338,2,True,True,GHOST
2025-10-10,11:30,rth,up,599.5,610.694,595.93,597.2299,2387661,13495,11.194,2.2701,1.874,610.694,2,207338,4,True,True,GHOST
2025-10-10,11:50,rth,up,600.09,610.29,599.93,600.72,850799,5568,9.57,0.63,1.593,610.29,1,295,1,True,True,GHOST
2025-10-10,12:10,rth,up,598.95,611.55,597.99,599.4568,633477,4078,12.0932,0.5068,2.017,611.55,4,230,4392844,True,True,GHOST
2025-10-10,12:20,rth,up,598.52,610.694,597.701,599.31,682449,3155,11.384,0.79,1.9,610.694,1,103669,4,True,True,GHOST
2025-10-10,12:50,rth,up,596.57,610.694,595.68,596.07,753024,3069,14.124,0.5,2.37,610.694,2,207338,3,True,True,GHOST
2025-10-10,12:55,rth,up,596.0799,610.15,595.42,595.67,670532,3591,14.0701,0.4099,2.362,610.15,3,150,7134070,True,True,GHOST
2025-10-10,13:00,rth,up,595.64,610.694,594.632,594.81,663562,3075,15.054,0.83,2.531,610.694,1,103669,4,True,True,GHOST
2025-10-10,13:40,rth,up,597.12,610.694,596.81,596.8755,1450809,1779,13.574,0.2445,2.274,610.694,1,103669,4,True,True,GHOST
2025-10-10,13:45,rth,up,596.83,610.694,595.77,596.69,547768,2213,13.864,0.14,2.323,610.694,1,103669,3,True,True,GHOST
2025-10-10,13:50,rth,up,596.68,606.6,595.59,595.63,243307,1518,9.92,1.05,1.665,606.6,1,6000,25,True,True,GHOST
2025-10-10,14:45,rth,up,594.92,610.694,594.41,594.6247,454886,1634,15.774,0.2953,2.653,610.694,1,103669,3,True,True,GHOST
2025-10-10,16:10,post,up,589.9,596.8333,589.88,590.45,186787,624,6.3833,0.55,1.081,596.8333,1,2250,7546109,True,False,GHOST
2025-10-10,17:00,post,up,584.64,589.5,584.18,585.32,195004,532,4.18,0.68,0.714,589.5,1,17422,1403,True,True,GHOST
2025-10-13,08:00,pre,up,594.82,602.38,594.82,598.62,549131,2190,3.76,3.8,0.628,602.38,21,599,16137803,True,False,not_pbar
2025-10-13,10:10,rth,down,601.49,601.74,589.3652,601.0601,772474,3950,11.6949,0.4299,1.946,589.3652,1,103669,1,True,False,GHOST
2025-10-13,11:25,rth,down,600.63,601.09,589.3652,600.8956,423584,1882,11.2648,0.2656,1.875,589.3652,1,103669,2,True,True,GHOST
2025-10-13,12:50,rth,down,602.03,602.3,589.3652,602.13,527051,2745,12.6648,0.1,2.103,589.3652,1,103679,5,True,True,GHOST
2025-10-13,13:00,rth,down,602.6,602.83,589.3652,602.6801,628929,2727,13.2348,0.0801,2.196,589.3652,1,103679,4,True,True,GHOST
2025-10-13,14:15,rth,down,602.09,602.41,589.3652,602.14,243604,866,12.7248,0.05,2.113,589.3652,1,103669,3,True,True,GHOST
2025-10-13,15:10,rth,down,601.67,601.9,589.3652,601.57,339189,1415,12.2048,0.1,2.029,589.3652,1,103669,2,True,True,GHOST
2025-10-13,15:40,rth,down,602.07,602.49,589.3652,602.38,471461,1494,12.7048,0.31,2.109,589.3652,2,207338,3,True,True,GHOST
2025-10-13,15:50,rth,down,601.83,602.61,589.3652,602.49,1038121,5324,12.4648,0.66,2.069,589.3652,2,207338,3,True,True,GHOST
2025-10-13,15:55,rth,down,602.49,602.6699,589.3652,602.04,2972540,9849,12.6748,0.45,2.105,589.3652,7,829311,4,True,True,GHOST
2025-10-14,08:00,pre,up,593.365,601.85,592.04,594.88,337124,1356,6.97,1.515,1.172,601.85,108,258,28827482,True,False,not_pbar
2025-10-14,11:10,rth,down,597.08,597.46,591.14,597.14,208111,1516,5.94,0.06,0.995,591.14,1,5500,4998854,True,True,GHOST
2025-10-14,15:55,rth,up,597.85,602.2178,597.45,598.05,2161999,11103,4.1678,0.2,0.697,602.2178,1,103659,4,True,True,GHOST
2025-10-15,08:00,pre,down,603.06,603.71,597.552,603.25,135194,663,5.508,0.19,0.913,597.552,1,469,882,True,False,PBAR
2025-10-15,10:00,rth,down,604.33,604.98,598.0565,604.88,935070,3797,6.2735,0.55,1.037,598.0565,2,207307,4,True,False,GHOST
2025-10-15,12:35,rth,down,602.505,603.21,598.0565,602.74,303637,1173,4.4485,0.235,0.738,598.0565,1,103648,4,True,True,GHOST
2025-10-15,13:55,rth,up,601.66,605.5,601.01,601.7199,335463,1709,3.7801,0.0599,0.628,605.5,1,3000,10741348,True,True,GHOST
2025-10-15,14:15,rth,down,601.47,601.8852,598.0565,601.4405,278174,868,3.384,0.0295,0.563,598.0565,1,103648,2,True,True,GHOST
2025-10-15,14:45,rth,down,602.2,602.4299,598.0565,602.13,225460,672,4.0735,0.07,0.677,598.0565,1,103648,2,True,True,GHOST
2025-10-15,15:05,rth,down,602.37,602.4392,598.0565,602.03,432763,916,3.9735,0.34,0.66,598.0565,1,207297,2,True,True,GHOST
2025-10-15,15:25,rth,down,602.56,602.82,598.0565,602.57,200404,525,4.5035,0.01,0.747,598.0565,1,103648,4,True,True,GHOST
2025-10-15,15:30,rth,down,602.62,602.74,598.0565,602.42,261251,724,4.3635,0.2,0.724,598.0565,1,103648,2,True,True,GHOST
2025-10-15,15:35,rth,down,602.415,602.55,598.0565,601.24,936698,2195,3.1835,1.175,0.529,598.0565,1,103648,4,True,True,GHOST
2025-10-15,15:40,rth,down,601.25,601.87,598.0565,601.85,430492,1777,3.1935,0.6,0.531,598.0565,1,103648,2,True,True,GHOST
2025-10-16,08:00,pre,down,605.57,606.0491,602.1,605.76,137556,730,3.47,0.19,0.573,602.1,22,1087,28889933,True,False,not_pbar
2025-10-16,08:05,pre,down,605.69,605.8,601.769,605.2,41910,355,3.431,0.49,0.567,601.769,1,459,1536,True,False,PBAR
2025-10-16,10:25,rth,down,606.09,606.47,602.0922,605.96,590281,2728,3.8678,0.13,0.638,602.0922,1,103648,2,True,False,GHOST
2025-10-16,10:35,rth,down,606.64,607.5,602.0922,607.07,613171,2557,4.5478,0.43,0.749,602.0922,1,103648,4,True,True,GHOST
2025-10-16,11:15,rth,down,606.97,607.0799,602.0922,606.91,351509,1255,4.8178,0.06,0.794,602.0922,1,103648,3,True,True,GHOST
2025-10-16,11:35,rth,down,605.46,605.77,602.0922,605.1599,536294,2416,3.0677,0.3001,0.507,602.0922,1,103638,2,True,True,GHOST
2025-10-16,12:35,rth,up,598.44,602.0922,598.43,598.8,799857,4272,3.2922,0.36,0.55,602.0922,1,103638,2,True,True,GHOST
2025-10-16,13:05,rth,up,600.72,606.0,599.89,601.41,645719,3557,4.59,0.69,0.763,606.0,1,10000,7332850,True,True,GHOST
2025-10-16,14:10,rth,up,598.48,602.0922,596.4444,597.08,768718,3169,3.6122,1.4,0.605,602.0922,1,103638,2,True,True,GHOST
2025-10-16,14:15,rth,up,597.07,602.0922,595.52,596.169,887784,4053,5.0222,0.901,0.842,602.0922,2,207256,4,True,True,GHOST
2025-10-16,14:40,rth,up,596.98,602.0922,596.84,598.41,623627,2707,3.6822,1.43,0.615,602.0922,1,103628,1,True,True,GHOST
2025-10-16,14:50,rth,up,598.36,602.0922,597.93,599.04,335534,1449,3.0522,0.68,0.51,602.0922,1,103628,2,True,True,GHOST
2025-10-16,15:15,rth,up,598.24,602.0922,597.485,597.63,516049,2388,3.8522,0.61,0.645,602.0922,1,103638,4,True,True,GHOST
2025-10-16,15:30,rth,up,597.7,602.0922,597.04,597.45,585608,3046,4.3922,0.25,0.735,602.0922,1,103638,4,True,True,GHOST
2025-10-17,08:00,pre,down,597.71,599.541,590.41,597.77,294433,1157,7.3,0.06,1.221,590.41,25,256,14026920,True,True,not_pbar
2025-10-17,14:10,rth,down,603.48,603.78,599.9455,603.4699,350670,1502,3.5244,0.0101,0.584,599.9455,1,103607,14,True,True,GHOST
2025-10-17,15:35,rth,down,604.39,604.7309,599.9455,604.6299,308269,1041,4.4445,0.2399,0.735,599.9455,1,103607,2,True,True,GHOST
2025-10-17,15:55,rth,down,604.24,604.42,599.9455,603.88,1857415,8729,3.9345,0.36,0.652,599.9455,2,207214,4,True,True,GHOST
2025-10-20,09:55,rth,down,609.85,610.07,603.8447,609.63,795505,3635,5.7853,0.22,0.949,603.8447,1,103597,6,True,False,GHOST
2025-10-20,10:10,rth,down,610.3042,610.5,603.8447,610.0499,497482,2227,6.2052,0.2543,1.017,603.8447,1,103597,2,True,True,GHOST
2025-10-20,10:25,rth,down,610.3201,611.14,603.8447,611.0991,615241,3065,6.4754,0.779,1.06,603.8447,1,103597,4,True,True,GHOST
2025-10-20,10:30,rth,down,611.09,611.17,603.8447,610.8,554621,2723,6.9553,0.29,1.139,603.8447,1,103597,4,True,True,GHOST
2025-10-20,10:45,rth,down,611.4199,611.78,607.1099,611.73,423115,2281,4.31,0.3101,0.705,607.1099,4,552,4793832,True,True,GHOST
2025-10-20,11:05,rth,down,611.74,612.005,603.8447,611.885,392507,1700,7.8953,0.145,1.29,603.8447,1,103597,2,True,True,GHOST
2025-10-20,11:45,rth,down,611.82,612.34,603.8447,612.32,409417,2019,7.9753,0.5,1.302,603.8447,1,103597,4,True,True,GHOST
2025-10-20,11:50,rth,down,612.32,612.58,603.8447,612.13,726181,4329,8.2853,0.19,1.354,603.8447,1,103597,4,True,True,GHOST
2025-10-20,12:10,rth,down,611.75,611.88,603.8447,611.52,392602,1425,7.6753,0.23,1.255,603.8447,1,103597,4,True,True,GHOST
2025-10-20,13:35,rth,down,612.43,612.61,603.8447,612.55,209090,717,8.5853,0.12,1.402,603.8447,1,103597,4,True,True,GHOST
2025-10-20,15:40,rth,down,612.115,612.145,603.8447,611.8,376561,1789,7.9553,0.315,1.3,603.8447,1,103597,2,True,True,GHOST
2025-10-20,15:55,rth,down,612.21,612.21,603.8447,611.55,1590911,7559,7.7053,0.66,1.26,603.8447,1,103597,2,True,True,GHOST
2025-10-22,11:55,rth,up,607.25,611.3589,606.67,606.82,412678,1721,4.1089,0.43,0.677,611.3589,1,103577,3,True,True,GHOST
2025-10-22,12:30,rth,up,605.16,611.3589,601.26,604.47,2131702,13919,6.1989,0.69,1.026,611.3589,1,103566,2,True,True,GHOST
2025-10-22,13:25,rth,up,601.77,611.3589,601.45,602.28,534873,2910,9.0789,0.51,1.507,611.3589,1,103566,4,True,True,GHOST
2025-10-22,13:45,rth,up,600.325,611.3589,600.26,601.25,599307,3703,10.1089,0.925,1.681,611.3589,1,103566,2,True,True,GHOST
2025-10-22,14:25,rth,up,602.88,611.3589,602.14,602.41,446605,1960,8.4789,0.47,1.407,611.3589,1,103566,3,True,True,GHOST
2025-10-22,14:40,rth,up,602.71,611.3589,600.9,602.8199,617948,2582,8.539,0.1099,1.417,611.3589,1,103566,1,True,True,GHOST
2025-10-22,14:45,rth,up,602.77,607.0,602.61,602.98,437366,1937,4.02,0.21,0.667,607.0,1,71750,14097438,True,True,GHOST
2025-10-22,15:05,rth,up,603.37,611.3589,603.2,604.33,533894,2309,7.0289,0.96,1.163,611.3589,1,103566,2,True,True,GHOST
2025-10-22,15:25,rth,up,604.32,611.3589,604.2304,604.6793,309283,909,6.6796,0.3593,1.105,611.3589,1,103566,2,True,True,GHOST
2025-10-22,15:55,rth,up,605.14,611.3589,604.92,605.38,1305211,6968,5.9789,0.24,0.988,611.3589,1,103566,3,True,True,GHOST
2025-10-23,08:00,pre,up,603.87,607.55,603.54,603.6,128423,566,3.68,0.27,0.61,607.55,18,2898,17308371,True,False,GHOST
2025-10-23,11:25,rth,down,608.475,608.95,605.3199,608.81,299499,1119,3.1551,0.335,0.518,605.3199,1,103556,2,True,True,GHOST
2025-10-23,11:30,rth,down,608.85,609.4399,605.3199,609.04,371101,1485,3.5301,0.19,0.58,605.3199,1,103556,3,True,True,GHOST
2025-10-23,13:55,rth,down,611.22,611.3,605.3199,611.1899,382502,1046,5.87,0.0301,0.96,605.3199,1,103566,4,True,True,GHOST
2025-10-23,14:05,rth,down,610.87,611.25,605.3199,610.85,260574,988,5.5301,0.02,0.905,605.3199,1,103566,2,True,True,GHOST
2025-10-23,15:05,rth,down,611.1,611.13,605.3199,610.97,291035,759,5.6501,0.13,0.925,605.3199,1,103556,3,True,True,GHOST
2025-10-23,15:30,rth,down,611.14,611.14,605.3199,610.98,335747,1445,5.6601,0.16,0.926,605.3199,1,103556,3,True,True,GHOST
2025-10-24,08:05,pre,down,613.85,613.99,610.123,613.91,12681,52,3.727,0.06,0.607,610.123,1,172,349,True,False,PBAR
2025-10-24,10:10,rth,down,617.56,617.77,610.6299,617.68,739290,4297,6.9301,0.12,1.122,610.6299,1,103525,2,True,False,GHOST
2025-10-24,10:30,rth,down,616.75,616.84,610.6299,616.79,552984,3018,6.1201,0.04,0.992,610.6299,1,103525,4,True,True,GHOST
2025-10-24,10:55,rth,down,616.11,616.2,610.6299,616.045,959669,4531,5.4151,0.065,0.879,610.6299,1,103525,2,True,True,GHOST
2025-10-24,11:10,rth,down,616.49,616.88,610.6299,616.86,338873,1549,5.8601,0.37,0.95,610.6299,1,103515,3,True,True,GHOST
2025-10-24,13:35,rth,down,618.02,618.25,610.6299,618.195,293770,1088,7.3901,0.175,1.195,610.6299,1,103525,3,True,True,GHOST
2025-10-24,14:05,rth,down,617.885,618.09,610.6299,618.0,393776,1046,7.2551,0.115,1.174,610.6299,2,207030,4,True,True,GHOST
2025-10-24,14:20,rth,down,618.06,618.1,610.6299,617.97,371280,694,7.3401,0.09,1.188,610.6299,1,103515,5,True,True,GHOST
2025-10-24,14:50,rth,down,617.7,617.73,610.6299,617.6874,373160,1574,7.0575,0.0126,1.143,610.6299,1,103515,4,True,True,GHOST
2025-10-24,15:05,rth,down,618.13,618.3,610.6299,618.2401,819001,2463,7.5001,0.1101,1.213,610.6299,3,310545,4,True,True,GHOST
2025-10-24,15:10,rth,down,618.2499,618.35,610.6299,618.17,559470,1465,7.5401,0.0799,1.22,610.6299,1,103515,3,True,True,GHOST
2025-10-24,15:45,rth,down,617.84,618.02,610.6299,617.9,718429,3575,7.2101,0.06,1.167,610.6299,1,103515,4,True,True,GHOST
2025-10-24,15:50,rth,down,617.89,617.9699,610.6299,617.6,1117195,6317,6.9701,0.29,1.129,610.6299,1,103515,3,True,True,GHOST
2025-10-24,15:55,rth,down,617.58,617.8,610.6299,617.02,2571613,12756,6.3901,0.56,1.036,610.6299,4,310573,784,True,True,GHOST
2025-10-27,10:40,rth,down,626.1,626.29,616.9623,626.27,378770,1610,9.1377,0.17,1.459,616.9623,1,103505,2,True,False,GHOST
2025-10-27,10:50,rth,down,625.96,625.97,616.9623,625.77,430469,1945,8.8077,0.19,1.407,616.9623,1,103505,2,True,True,GHOST
2025-10-27,10:55,rth,down,625.765,626.01,616.9623,625.54,384732,1742,8.5777,0.225,1.371,616.9623,1,103505,1,True,True,GHOST
2025-10-27,11:05,rth,down,626.04,626.275,616.9623,626.01,596278,2551,9.0477,0.03,1.445,616.9623,2,207010,6,True,True,GHOST
2025-10-27,11:50,rth,down,626.67,626.68,616.9623,626.36,486219,2710,9.3977,0.31,1.5,616.9623,2,103506,51,True,True,GHOST
2025-10-27,11:55,rth,down,626.36,626.55,616.9623,626.39,347153,1741,9.3977,0.03,1.5,616.9623,1,103505,4,True,True,GHOST
2025-10-27,12:40,rth,down,626.67,626.795,616.9623,626.7099,282416,1093,9.7077,0.0399,1.549,616.9623,1,103505,2,True,True,GHOST
2025-10-27,12:55,rth,down,626.96,626.98,616.9623,626.9,345015,1434,9.9377,0.06,1.585,616.9623,1,103505,2,True,True,GHOST
2025-10-27,13:10,rth,down,626.725,626.81,616.9623,626.785,451776,1569,9.7627,0.06,1.558,616.9623,2,206999,3,True,True,GHOST
2025-10-27,13:15,rth,down,626.78,626.84,616.9623,626.625,405425,1128,9.6627,0.155,1.542,616.9623,1,103505,1,True,True,GHOST
2025-10-27,13:30,rth,down,626.6,626.82,616.9623,626.76,435718,1284,9.6377,0.16,1.538,616.9623,2,206988,4,True,True,GHOST
2025-10-27,13:40,rth,down,626.91,627.24,616.9623,627.135,813358,3502,9.9477,0.225,1.586,616.9623,1,103494,3,True,True,GHOST
2025-10-27,14:45,rth,down,627.435,627.53,616.9623,627.3501,503144,2159,10.3878,0.0849,1.656,616.9623,1,103494,2,True,True,GHOST
2025-10-27,15:00,rth,down,627.57,627.61,616.9623,627.345,458246,1829,10.3827,0.225,1.655,616.9623,1,103494,2,True,True,GHOST
2025-10-27,15:05,rth,down,627.342,627.59,616.9623,627.525,523361,1775,10.3797,0.183,1.654,616.9623,2,206988,3,True,True,GHOST
2025-10-27,15:10,rth,down,627.52,627.6,616.9623,627.36,426853,1749,10.3977,0.16,1.657,616.9623,1,103505,2,True,True,GHOST
2025-10-27,15:15,rth,down,627.36,627.36,616.9623,627.18,878422,2703,10.2177,0.18,1.629,616.9623,2,206999,4,True,True,GHOST
2025-10-27,15:30,rth,down,627.22,627.3399,616.9623,627.295,560857,2493,10.2577,0.075,1.635,616.9623,1,103494,2,True,True,GHOST
2025-10-27,15:35,rth,down,627.31,627.855,616.9623,627.6,957046,4162,10.3477,0.29,1.649,616.9623,1,103494,1,True,True,GHOST
2025-10-27,15:40,rth,down,627.605,627.62,616.9623,627.4601,922331,3021,10.4978,0.1449,1.673,616.9623,3,310493,2,True,True,GHOST
2025-10-27,15:45,rth,down,627.47,627.875,616.9623,627.81,1349896,6310,10.5077,0.34,1.674,616.9623,1,103494,2,True,True,GHOST
2025-10-27,15:50,rth,down,627.81,628.54,616.9623,628.49,1872723,9030,10.8477,0.68,1.726,616.9623,2,206988,3,True,True,GHOST
2025-10-27,15:55,rth,down,628.49,628.55,616.9623,628.08,2629906,11789,11.1177,0.41,1.77,616.9623,4,413976,4,True,True,GHOST
2025-10-28,12:40,rth,down,631.53,631.88,628.2388,631.88,497317,2286,3.2912,0.35,0.521,628.2388,1,103484,4,True,True,GHOST
2025-10-28,13:00,rth,down,631.66,632.13,628.2388,631.96,1651565,1702,3.4212,0.3,0.541,628.2388,1,103484,4,True,True,GHOST
2025-10-28,13:10,rth,down,631.7614,632.38,628.2388,632.205,791212,4104,3.5226,0.4436,0.557,628.2388,2,206968,2,True,True,GHOST
2025-10-28,13:15,rth,down,632.21,632.43,628.2388,632.155,701961,3328,3.9162,0.055,0.619,628.2388,1,206968,4,True,True,GHOST
2025-10-28,13:30,rth,down,632.14,632.45,628.2388,632.41,693062,1458,3.9012,0.27,0.617,628.2388,2,310452,4,True,True,GHOST
2025-10-28,14:15,rth,down,632.86,633.36,628.2388,633.3599,608430,2328,4.6212,0.4999,0.73,628.2388,1,103484,2,True,True,GHOST
2025-10-28,14:20,rth,down,633.35,633.51,628.2388,633.4025,1381929,2577,5.1112,0.0525,0.807,628.2388,2,955385,605,True,True,GHOST
2025-10-28,15:10,rth,down,634.13,634.2,628.2388,634.1001,423353,2331,5.8613,0.0299,0.924,628.2388,1,103484,2,True,True,GHOST
2025-10-28,15:15,rth,down,634.1,634.1,628.2388,634.0555,638132,2619,5.8167,0.0445,0.917,628.2388,1,103484,3,True,True,GHOST
2025-10-28,15:35,rth,down,634.54,634.5699,628.2388,634.1303,522941,2160,5.8915,0.4097,0.929,628.2388,2,103487,86,True,True,GHOST
2025-10-28,15:40,rth,down,634.14,634.14,628.2388,633.74,1087717,4954,5.5012,0.4,0.868,628.2388,2,206968,3,True,True,GHOST
2025-10-28,15:50,rth,down,633.52,633.57,628.2388,633.31,1306066,7107,5.0712,0.21,0.801,628.2388,1,103484,3,True,True,GHOST
2025-10-28,15:55,rth,down,633.32,633.4688,628.2388,632.89,2065561,10315,4.6512,0.43,0.735,628.2388,3,310472,4,True,True,GHOST
2025-10-29,08:00,pre,down,635.82,636.64,632.446,635.86,140258,538,3.374,0.04,0.531,632.446,1,483,1120,True,False,PBAR
2025-10-29,09:55,rth,down,636.165,636.835,632.877,636.835,721749,3978,3.288,0.67,0.516,632.877,1,103474,2,True,False,GHOST
2025-10-30,09:45,rth,up,628.56,635.4923,628.32,630.5503,1194569,6726,4.942,1.9903,0.784,635.4923,1,103463,2,True,False,GHOST
2025-10-30,10:05,rth,up,631.58,635.4923,630.4,631.36,773733,3790,3.9123,0.22,0.62,635.4923,1,103463,4,True,True,GHOST
2025-10-30,11:40,rth,up,629.18,635.4923,628.52,629.15,626303,2927,6.3123,0.03,1.003,635.4923,1,103463,1,True,True,GHOST
2025-10-30,14:55,rth,up,629.3653,635.4923,628.7301,628.89,492616,1917,6.127,0.4753,0.974,635.4923,1,103463,2,True,True,GHOST
2025-10-30,15:15,rth,up,627.97,635.4923,627.2,627.73,704632,3034,7.5223,0.24,1.198,635.4923,1,103463,4,True,True,GHOST
2025-10-30,15:35,rth,up,627.67,635.4923,626.96,627.08,442386,1716,7.8223,0.59,1.247,635.4923,1,103474,2,True,True,GHOST
2025-10-30,15:55,rth,up,626.92,635.4923,624.97,626.01,2337641,10562,8.5723,0.91,1.369,635.4923,1,103474,2,True,True,GHOST
2025-10-30,16:25,post,down,629.65,630.0,626.05,629.96,154703,216,3.6,0.31,0.571,626.05,2,100416,961,True,True,GHOST
2025-10-30,17:05,post,down,633.08,633.29,626.05,633.1,114057,164,7.03,0.02,1.11,626.05,1,70362,684,True,True,GHOST
2025-10-30,17:30,post,down,632.73,632.84,626.05,632.73,193396,40,6.68,0.0,1.056,626.05,1,182477,327,True,True,GHOST
2025-10-31,08:05,pre,down,634.88,635.11,625.581,635.09,32901,187,9.299,0.21,1.464,625.581,1,611,1281,True,False,PBAR
2025-10-31,15:15,rth,down,630.1424,630.5,626.1832,630.4852,423022,2075,3.9592,0.3428,0.628,626.1832,1,103432,4,True,True,GHOST
2025-10-31,15:30,rth,down,631.455,632.22,626.1832,632.19,670620,3408,5.2718,0.735,0.834,626.1832,1,103432,4,True,True,GHOST
2025-10-31,15:45,rth,down,631.65,631.68,626.1832,630.75,860931,4615,4.5668,0.9,0.724,626.1832,1,103432,3,True,True,GHOST
2025-10-31,15:50,rth,down,630.77,631.67,626.1832,630.11,1208731,7234,3.9268,0.66,0.623,626.1832,1,103432,3,True,True,GHOST
2025-11-03,08:00,pre,down,633.09,633.8009,629.07,632.8,182511,1209,3.73,0.29,0.589,629.07,816,955,3388344,True,False,not_pbar
2025-11-04,08:00,pre,up,624.58,631.606,621.09,623.77,442512,1904,7.026,0.81,1.126,631.606,202,608,3373533,True,False,not_pbar
2025-11-04,08:05,pre,up,623.74,632.08,623.48,623.49,34966,327,8.34,0.25,1.338,632.08,13,145,3822671,True,False,GHOST
2025-11-04,12:40,rth,up,621.995,631.9692,621.35,621.765,431353,3196,9.9742,0.23,1.604,631.9692,1,103401,5,True,False,GHOST
2025-11-04,13:25,rth,down,620.88,621.01,602.93,620.4827,697964,3408,17.5527,0.3973,2.829,602.93,1,300000,306846,True,False,GHOST
2025-11-04,13:35,rth,up,620.42,631.9692,620.03,620.04,531992,3657,11.5492,0.38,1.863,631.9692,1,103412,4,True,True,GHOST
2025-11-04,15:20,rth,up,620.33,631.9692,619.38,619.6399,562588,3861,11.6392,0.6901,1.878,631.9692,1,103412,3,True,True,GHOST
2025-11-04,15:30,rth,up,620.32,631.9692,619.65,619.92,545355,3706,11.6492,0.4,1.879,631.9692,1,103412,4,True,True,GHOST
2025-11-04,15:45,rth,up,620.5399,631.9692,619.55,619.65,605589,4607,11.4293,0.8899,1.844,631.9692,1,103412,4,True,True,GHOST
2025-11-04,15:50,rth,up,619.67,631.9692,618.69,618.8,1297057,9914,12.2992,0.87,1.988,631.9692,1,103412,4,True,True,GHOST
2025-11-04,15:55,rth,up,618.805,631.9692,618.455,619.24,5803891,26064,12.7292,0.435,2.056,631.9692,13,1344476,4,True,True,GHOST
2025-11-04,16:45,post,up,618.92,622.7,618.75,618.8526,27228,146,3.78,0.0674,0.611,622.7,3,52,26147547,True,False,GHOST
2025-11-05,11:00,rth,down,622.82,623.11,618.8975,622.56,731012,5287,3.6625,0.26,0.588,618.8975,2,206782,3,True,True,GHOST
2025-11-05,11:20,rth,up,621.6465,627.7445,621.37,622.61,524777,4476,5.1345,0.9635,0.825,627.7445,1,27000,264028,True,False,GHOST
2025-11-05,15:05,rth,down,626.19,626.27,618.8975,626.11,425352,2698,7.2125,0.08,1.152,618.8975,1,103401,4,True,True,GHOST
2025-11-05,15:10,rth,down,626.1,626.5,618.8975,626.225,331238,2081,7.2025,0.125,1.15,618.8975,1,103401,5,True,True,GHOST
2025-11-05,15:30,rth,down,625.545,625.55,618.8975,625.17,1492070,2956,6.2725,0.375,1.003,618.8975,3,310203,4,True,True,GHOST
2025-11-05,15:35,rth,down,625.17,625.4145,618.8975,625.09,532514,3490,6.1925,0.08,0.991,618.8975,1,103401,2,True,True,GHOST
2025-11-05,15:50,rth,down,624.59,624.8,618.8975,624.25,1261560,9056,5.3525,0.34,0.857,618.8975,1,300000,6,True,True,GHOST
2025-11-05,15:55,rth,down,624.25,624.47,618.8975,623.29,2003183,15214,4.3925,0.96,0.705,618.8975,1,103401,1,True,True,GHOST
2025-11-06,10:40,rth,up,614.23,623.3779,613.23,613.35,1203358,11980,9.1479,0.88,1.491,623.3779,1,103381,2,True,False,GHOST
2025-11-06,13:10,rth,up,611.26,623.3779,610.99,611.5545,593911,4844,11.8234,0.2945,1.933,623.3779,1,103370,4,True,True,GHOST
2025-11-06,13:40,rth,up,614.22,623.3779,614.0,614.29,395077,2632,9.0879,0.07,1.479,623.3779,1,103370,3,True,True,GHOST
2025-11-06,13:45,rth,up,614.3,623.3779,613.43,614.09,575378,3964,9.0779,0.21,1.478,623.3779,1,103370,4,True,True,GHOST
2025-11-06,15:55,rth,up,611.47,623.3779,610.9488,611.7,3442238,24006,11.6779,0.23,1.909,623.3779,3,310143,4,True,True,GHOST
2025-11-07,08:00,pre,up,609.8,614.3,607.3,607.86,256258,1433,4.5,1.94,0.74,614.3,17,553,17305956,True,False,GHOST
2025-11-07,08:55,pre,up,608.95,613.81,608.33,608.42,137603,562,4.86,0.53,0.799,613.81,1,77977,1159,True,True,PBAR
2025-11-07,09:55,rth,up,605.63,611.4681,604.04,606.08,1285318,8665,5.3881,0.45,0.889,611.4681,1,206680,5,True,False,GHOST
2025-11-07,11:50,rth,up,600.1,605.5,600.04,600.145,642542,6445,5.355,0.045,0.892,605.5,1,2750,5863312,True,True,GHOST
2025-11-07,11:55,rth,up,600.14,605.1,598.89,599.58,1014058,8681,4.96,0.56,0.827,605.1,1,50000,5892159,True,True,GHOST
2025-11-07,12:15,rth,up,600.16,611.4681,600.095,600.67,764749,5841,10.7981,0.51,1.798,611.4681,1,103340,2,True,True,GHOST
2025-11-07,13:15,rth,up,602.7,611.4681,602.1,602.76,589324,5566,8.7081,0.06,1.445,611.4681,1,103330,2,True,True,GHOST
2025-11-07,14:05,rth,up,604.13,611.4681,603.84,604.25,532339,4401,7.2181,0.12,1.195,611.4681,1,103340,2,True,True,GHOST
2025-11-07,14:20,rth,up,604.0,611.4681,604.0,604.775,560303,3787,6.6931,0.775,1.107,611.4681,2,206660,4,True,True,GHOST
2025-11-07,15:20,rth,up,607.51,611.4681,606.66,606.805,665353,5989,3.9581,0.705,0.652,611.4681,1,103340,4,True,True,GHOST
2025-11-07,15:25,rth,up,606.79,611.4681,606.34,607.08,738785,6440,4.3881,0.29,0.723,611.4681,1,103340,4,True,True,GHOST
2025-11-07,15:50,rth,up,607.4,611.4681,607.4,608.32,1662942,14946,3.1481,0.92,0.518,611.4681,3,309990,4,True,True,GHOST
2025-11-07,16:10,post,down,610.4,610.58,604.22,610.58,183321,640,6.18,0.18,1.012,604.22,1,15750,5812624,True,False,GHOST
2025-11-10,08:00,pre,down,617.82,619.47,610.197,618.87,219773,1304,7.623,1.05,1.232,610.197,116,246,3401515,True,False,not_pbar
2025-11-10,10:55,rth,down,619.35,619.37,609.8294,618.57,851673,5673,8.7406,0.78,1.413,609.8294,1,103298,3,True,False,GHOST
2025-11-10,11:05,rth,down,618.16,618.75,609.8294,618.31,1179519,7489,8.3306,0.15,1.347,609.8294,4,413222,3,True,True,GHOST
2025-11-10,11:10,rth,down,618.32,618.94,609.8294,618.305,737579,5375,8.4756,0.015,1.371,609.8294,2,206596,2,True,True,GHOST
2025-11-10,12:25,rth,down,618.96,619.65,609.8294,619.2401,305466,2011,9.1306,0.2801,1.474,609.8294,1,103298,3,True,True,GHOST
2025-11-10,12:35,rth,down,619.74,620.21,609.8294,620.11,497921,2580,9.9106,0.37,1.598,609.8294,2,206596,3,True,True,GHOST
2025-11-10,12:40,rth,down,620.13,620.78,609.8294,620.2387,770999,3944,10.3006,0.1087,1.661,609.8294,3,309894,4,True,True,GHOST
2025-11-10,14:45,rth,down,622.81,622.98,609.8294,622.8244,388339,2143,12.9806,0.0144,2.084,609.8294,1,103308,4,True,True,GHOST
2025-11-10,15:10,rth,down,623.22,623.55,609.8294,623.465,715185,3610,13.3906,0.245,2.148,609.8294,2,309894,4,True,True,GHOST
2025-11-10,15:15,rth,down,623.46,623.4645,609.8294,623.175,513130,3554,13.3456,0.285,2.142,609.8294,1,103308,2,True,True,GHOST
2025-11-10,15:25,rth,down,623.04,623.37,609.8294,623.085,424934,2849,13.2106,0.045,2.12,609.8294,1,103308,4,True,True,GHOST
2025-11-10,15:45,rth,down,623.7,624.22,609.8294,624.18,836728,4735,13.8706,0.48,2.222,609.8294,1,103308,3,True,True,GHOST
2025-11-10,15:50,rth,down,624.175,624.31,609.8294,624.0,1375754,9010,14.1706,0.175,2.271,609.8294,3,309924,3,True,True,GHOST
2025-11-10,15:55,rth,down,624.01,624.08,609.8294,623.18,2442033,18899,13.3506,0.83,2.142,609.8294,1,103308,2,True,True,GHOST
2025-11-13,08:00,pre,up,620.32,623.48,618.88,619.79,112520,668,3.16,0.53,0.51,623.48,10,237,22594938,True,False,GHOST
2025-11-13,10:50,rth,up,611.86,620.9633,610.98,611.16,1428327,7626,9.1033,0.7,1.49,620.9633,1,103290,29,True,False,GHOST
2025-11-13,11:00,rth,up,612.3,620.9633,611.285,611.37,870846,5831,8.6633,0.93,1.417,620.9633,2,206558,4,True,True,GHOST
2025-11-13,12:45,rth,up,610.59,620.9633,609.54,610.2,665053,5473,10.3733,0.39,1.7,620.9633,1,103290,4,True,True,GHOST
2025-11-13,13:45,rth,up,607.49,620.9633,606.91,607.24,658592,4584,13.4733,0.25,2.219,620.9633,1,103290,4,True,True,GHOST
2025-11-13,14:25,rth,up,607.89,620.9633,607.86,608.98,860128,5746,11.9833,1.09,1.968,620.9633,2,206580,2,True,True,GHOST
2025-11-13,14:45,rth,up,608.23,620.9633,607.16,607.4482,668354,3854,12.7333,0.7818,2.096,620.9633,1,206559,3,True,True,GHOST
2025-11-13,15:15,rth,up,607.6,620.9633,606.975,607.14,634573,5256,13.3633,0.46,2.201,620.9633,1,103290,3,True,True,GHOST
2025-11-13,15:25,rth,up,607.23,620.9633,606.75,607.79,835126,7585,13.1733,0.56,2.167,620.9633,1,103290,4,True,True,GHOST
2025-11-13,15:50,rth,up,608.06,620.9633,606.83,606.99,1602020,16015,12.9033,1.07,2.126,620.9633,1,103279,3,True,True,GHOST
2025-11-13,15:55,rth,up,607.0,620.9633,606.99,608.41,3322472,29888,12.5533,1.41,2.063,620.9633,2,206580,2,True,True,GHOST
2025-11-14,08:00,pre,up,601.83,608.93,598.22,600.54,530258,2645,7.1,1.29,1.182,608.93,19,1320,26185869,True,False,GHOST
2025-11-14,08:05,pre,up,600.48,608.856,599.62,599.9,76949,540,8.376,0.58,1.396,608.856,1,273,622,True,True,PBAR
2025-11-14,09:35,rth,up,597.62,608.2913,597.6,601.43,2682729,20930,6.8613,3.81,1.141,608.2913,2,206498,4,True,False,GHOST
2025-11-14,09:40,rth,up,601.39,608.2913,600.14,602.28,2056627,14233,6.0113,0.89,0.998,608.2913,2,206498,4,True,True,GHOST
2025-11-14,09:45,rth,up,602.27,608.2913,601.9,603.75,1955097,14352,4.5413,1.48,0.752,608.2913,1,103249,2,True,True,GHOST
2025-11-14,09:55,rth,up,604.64,608.2913,604.41,605.16,1697328,13753,3.1313,0.52,0.517,608.2913,1,206497,2,True,True,GHOST
2025-11-14,10:00,rth,up,605.14,608.2913,602.91,604.11,1315226,9848,3.1513,1.03,0.522,608.2913,1,103249,3,True,True,GHOST
2025-11-14,10:10,rth,up,604.78,608.2913,602.93,603.7,1237912,10489,3.5113,1.08,0.582,608.2913,1,103249,2,True,True,GHOST
2025-11-14,10:20,rth,up,604.62,608.2913,604.0,604.55,954120,7833,3.6713,0.07,0.607,608.2913,1,103249,2,True,True,GHOST
2025-11-14,10:40,rth,down,608.11,608.67,602.8063,608.5599,1205930,8655,5.3037,0.4499,0.872,602.8063,1,12800,3313936,True,True,GHOST
2025-11-14,11:25,rth,down,611.64,612.74,608.2913,612.08,884350,6915,3.3487,0.44,0.547,608.2913,1,103249,4,True,True,GHOST
2025-11-14,11:30,rth,down,612.12,612.23,608.2913,611.48,924721,6232,3.1887,0.64,0.521,608.2913,2,206498,4,True,True,GHOST
2025-11-14,11:40,rth,down,612.3,612.71,608.2913,611.43,842430,5479,3.1387,0.87,0.513,608.2913,1,206497,3,True,True,GHOST
2025-11-14,11:50,rth,down,611.63,612.26,608.2913,612.12,619472,3702,3.3387,0.49,0.545,608.2913,1,206497,2,True,True,GHOST
2025-11-14,11:55,rth,down,612.15,612.515,608.2913,612.27,511634,3857,3.8587,0.12,0.63,608.2913,1,103249,4,True,True,GHOST
2025-11-14,12:10,rth,down,612.55,613.35,608.2913,613.02,747735,5496,4.2587,0.47,0.695,608.2913,1,103249,3,True,True,GHOST
2025-11-14,12:25,rth,down,612.56,612.8,608.2913,612.62,733296,5602,4.2687,0.06,0.697,608.2913,1,103249,1,True,True,GHOST
2025-11-14,12:30,rth,down,612.63,612.67,608.2913,612.14,600739,4329,3.8487,0.49,0.629,608.2913,1,103249,3,True,True,GHOST
2025-11-14,12:40,rth,down,612.96,613.01,608.2913,612.2,635942,4605,3.9087,0.76,0.638,608.2913,1,103249,4,True,True,GHOST
2025-11-14,14:55,rth,down,611.63,611.93,608.2913,611.782,459064,3471,3.3387,0.152,0.546,608.2913,1,103249,3,True,True,GHOST
2025-11-17,08:00,pre,up,610.05,615.07,608.404,609.15,229243,1199,5.02,0.9,0.824,615.07,22,490,15485848,True,True,not_pbar
2025-11-17,14:20,rth,up,603.05,608.15,602.62,603.01,358215,3419,5.1,0.04,0.846,608.15,1,3200,12708078,True,True,GHOST
2025-11-17,15:30,rth,up,601.23,608.6528,600.56,600.802,816839,6141,7.4228,0.428,1.235,608.6528,1,103228,3,True,True,GHOST
2025-11-17,15:45,rth,up,601.42,608.6528,601.36,602.6107,1083040,8760,6.0421,1.1907,1.003,608.6528,1,103228,4,True,True,GHOST
2025-11-17,15:50,rth,up,602.64,608.6528,601.34,602.47,1484377,11867,6.0128,0.17,0.998,608.6528,1,103228,4,True,True,GHOST
2025-11-17,15:55,rth,up,602.44,608.6528,602.36,603.65,2836548,17350,5.0028,1.21,0.829,608.6528,5,516140,4,True,True,GHOST
2025-11-18,04:00,pre,down,601.74,602.0,598.3,601.54,89773,695,3.24,0.2,0.539,598.3,33,1000,22,True,False,not_pbar
2025-11-18,08:00,pre,down,603.5854,603.5854,596.9,600.43,314525,1872,3.53,3.1554,0.588,596.9,11,139,21311718,True,False,GHOST
2025-11-18,09:00,pre,up,599.88,603.66,599.78,600.14,62283,596,3.52,0.26,0.587,603.66,4,269,679,True,False,GHOST
2025-11-18,09:55,rth,up,596.15,603.5956,594.8,594.86,1731358,17590,7.4456,1.29,1.252,603.5956,1,103206,4,True,False,GHOST
2025-11-18,10:00,rth,up,594.83,603.5956,592.69,592.91,2244347,19749,8.7656,1.92,1.478,603.5956,1,103206,2,True,True,GHOST
2025-11-18,12:40,rth,down,597.655,599.93,594.5,599.61,945290,7922,3.155,1.955,0.526,594.5,1,6600,27,True,True,GHOST
2025-11-18,12:50,rth,down,599.66,600.2,595.5,600.1,621371,5263,4.16,0.44,0.693,595.5,1,13000,27,True,True,GHOST
2025-11-18,13:05,rth,down,600.46,601.18,597.0,600.68,471591,4207,3.46,0.22,0.576,597.0,1,6000,3466898,True,True,GHOST
2025-11-18,15:15,rth,up,599.57,603.5956,599.21,599.3431,896610,4135,4.0256,0.2269,0.672,603.5956,1,103206,4,True,True,GHOST
2025-11-18,15:55,rth,up,597.46,603.5956,596.19,596.33,3019101,22959,6.1356,1.13,1.029,603.5956,3,309655,1138,True,True,GHOST
2025-11-18,16:05,post,up,595.72,599.13,595.48,595.65,173845,964,3.41,0.07,0.572,599.13,7,367,9704547,True,False,GHOST
2025-11-18,16:15,post,up,596.31,600.6,595.37,595.37,35496,222,4.29,0.94,0.721,600.6,1,1848,5240433,True,False,GHOST
2025-11-19,08:00,pre,down,599.12,599.86,593.05,598.55,251803,1597,5.5,0.57,0.919,593.05,3,101,26102497,True,False,GHOST
2025-11-19,10:00,rth,down,603.89,604.795,598.0,604.62,1726022,11074,5.89,0.73,0.974,598.0,1,205000,2,True,True,GHOST
2025-11-19,10:50,rth,down,603.18,604.38,596.3751,602.11,1898139,9685,5.7349,1.07,0.952,596.3751,2,206412,3,True,True,GHOST
2025-11-19,11:05,rth,down,600.79,601.23,596.3751,600.11,960790,6544,3.7349,0.68,0.622,596.3751,1,103206,2,True,True,GHOST
2025-11-19,11:15,rth,down,599.59,600.21,596.3751,599.74,983394,6946,3.2149,0.15,0.536,596.3751,1,103206,2,True,True,GHOST
2025-11-19,14:00,rth,up,598.87,606.8032,597.87,598.2,530924,5078,7.9332,0.67,1.326,606.8032,1,23250,10851970,True,False,GHOST
2025-11-19,16:40,post,down,604.13,605.71,599.87,605.68,156692,814,4.26,1.55,0.703,599.87,1,12150,9,True,True,GHOST
2025-11-19,16:50,post,down,605.56,605.71,599.87,605.25,164111,772,5.38,0.31,0.889,599.87,1,80,11,True,True,GHOST
2025-11-19,16:55,post,down,605.25,605.59,599.87,605.35,134073,549,5.38,0.1,0.889,599.87,1,3057,510,True,True,PBAR
2025-11-19,17:00,post,down,605.52,605.6,599.87,605.48,241557,674,5.61,0.04,0.927,599.87,1,139604,1079,True,True,GHOST
2025-11-20,08:00,pre,down,610.28,611.56,600.319,610.63,197840,1251,9.961,0.35,1.631,600.319,129,249,3311008,True,False,not_pbar
2025-11-20,09:15,pre,down,611.46,612.16,598.0,612.06,42615,399,13.46,0.6,2.199,598.0,2,100,503,True,False,GHOST
2025-11-20,10:05,rth,down,613.28,613.31,599.8238,611.33,1318286,9630,11.5062,1.95,1.882,599.8238,1,103195,4,True,False,GHOST
2025-11-20,10:10,rth,down,611.31,612.2827,599.8238,611.0,974292,7968,11.1762,0.31,1.829,599.8238,1,103195,4,True,True,GHOST
2025-11-20,11:00,rth,down,610.49,610.53,599.8238,608.9331,1191069,9227,9.1093,1.5569,1.496,599.8238,1,103195,2,True,True,GHOST
2025-11-20,11:15,rth,down,606.83,610.9375,599.8238,605.11,2161815,15621,5.2862,1.72,0.874,599.8238,1,103185,2,True,True,GHOST
2025-11-20,11:20,rth,down,605.1,605.94,599.8238,604.51,1931538,13398,4.6862,0.59,0.775,599.8238,3,309555,3,True,True,GHOST
2025-11-20,11:25,rth,down,604.51,606.04,599.8238,604.29,2079141,16593,4.4662,0.22,0.739,599.8238,2,206370,1,True,True,GHOST
2025-11-20,12:00,rth,up,595.75,600.47,594.92,596.84,2401572,22841,3.63,1.09,0.608,600.47,1,7500,28,True,True,GHOST
2025-11-20,12:25,rth,up,592.72,599.8238,591.56,593.25,1309759,12416,6.5738,0.53,1.108,599.8238,1,103185,16,True,True,GHOST
2025-11-20,12:55,rth,up,590.49,599.8238,590.31,591.9344,1534631,15939,7.8894,1.4444,1.333,599.8238,2,206370,3,True,True,GHOST
2025-11-20,13:00,rth,up,591.94,599.8238,591.21,593.05,1913135,15884,6.7738,1.11,1.142,599.8238,1,103185,3,True,True,GHOST
2025-11-20,13:10,rth,up,594.8,599.8238,593.0,596.74,1716402,12602,3.0838,1.94,0.517,599.8238,3,309555,2,True,True,GHOST
2025-11-20,13:30,rth,up,594.46,599.8238,592.18,593.45,1012673,7465,5.3638,1.01,0.904,599.8238,2,206370,4,True,True,GHOST
2025-11-20,14:20,rth,up,589.38,599.8238,588.68,588.82,774580,6786,10.4438,0.56,1.774,599.8238,1,206370,2,True,True,GHOST
2025-11-20,14:25,rth,up,588.81,599.8238,588.69,590.78,794501,6849,9.0438,1.97,1.531,599.8238,1,103185,4,True,True,GHOST
2025-11-20,15:50,rth,up,584.79,599.8238,584.79,585.71,1469673,11228,14.1138,0.92,2.41,599.8238,1,206370,4,True,True,GHOST
2025-11-21,08:00,pre,down,583.43,588.874,580.36,586.29,624588,2953,3.07,2.86,0.524,580.36,17,307,9141949,True,True,GHOST
2025-11-21,10:30,rth,up,583.61,587.15,582.75,583.03,1799650,16079,3.54,0.58,0.607,587.15,2,4200,3236081,True,True,GHOST
2025-11-21,11:25,rth,down,585.57,586.845,582.5,586.78,1128505,7499,3.07,1.21,0.523,582.5,1,5000,25,True,True,GHOST
2025-11-21,11:55,rth,down,589.22,591.6156,585.6043,591.59,2087123,13224,3.6157,2.37,0.611,585.6043,3,515720,2,True,True,GHOST
2025-11-21,12:20,rth,down,590.46,591.9,585.6043,591.74,730687,6020,4.8557,1.28,0.821,585.6043,1,103154,4,True,True,GHOST
2025-11-21,13:00,rth,down,591.04,591.28,585.6043,589.13,778969,6384,3.5257,1.91,0.598,585.6043,1,103154,2,True,True,GHOST
2025-11-21,13:30,rth,down,588.94,590.74,585.6043,590.27,959187,6695,3.3357,1.33,0.565,585.6043,2,206308,4,True,True,GHOST
2025-11-21,13:35,rth,down,590.27,591.65,585.6043,591.49,852462,4927,4.6657,1.22,0.789,585.6043,2,206308,4,True,True,GHOST
2025-11-21,13:45,rth,down,591.87,595.39,585.6043,594.87,1568322,11947,6.2657,3.0,1.053,585.6043,2,206308,4,True,True,GHOST
2025-11-21,15:10,rth,down,593.95,594.56,585.6043,594.1,600260,5650,8.3457,0.15,1.405,585.6043,1,103154,1,True,True,GHOST
2025-11-21,15:35,rth,down,591.99,593.525,589.0,592.54,811480,7864,2.99,0.55,0.505,589.0,1,4500,31,True,True,GHOST
2025-11-21,15:55,rth,down,590.43,590.65,585.6043,590.16,3777095,30664,4.5557,0.27,0.772,585.6043,1,103154,4,True,True,GHOST
2025-11-21,16:05,post,up,590.99,594.67,590.07,590.11,996477,682,3.68,0.88,0.624,594.67,1,300000,4737738,True,False,GHOST
2025-11-21,16:15,post,up,590.07,594.67,590.07,590.33,277838,393,4.34,0.26,0.735,594.67,1,202500,0,True,True,GHOST
2025-11-21,16:25,post,up,590.11,594.67,590.06,590.3,375419,534,4.37,0.19,0.74,594.67,1,300000,0,True,True,GHOST
2025-11-24,08:00,pre,down,594.82,596.29,590.07,595.03,184269,1109,4.75,0.21,0.798,590.07,103,351,3398473,True,False,not_pbar
2025-11-24,11:50,rth,down,603.77,603.94,590.107,603.7,489575,2685,13.593,0.07,2.252,590.107,1,206288,1,True,False,GHOST
2025-11-24,14:00,rth,down,605.01,605.64,590.107,605.44,375909,2332,14.903,0.43,2.462,590.107,1,103144,2,True,True,GHOST
2025-11-24,14:25,rth,down,605.4,605.55,590.107,605.205,456697,2540,15.098,0.195,2.495,590.107,1,103144,4,True,True,GHOST
2025-11-25,09:50,rth,up,598.04,605.5352,597.32,600.8398,2152148,14347,4.6954,2.7998,0.781,605.5352,1,103115,4,True,False,GHOST
2025-11-25,10:05,rth,up,599.4,605.5352,598.82,601.429,1130806,7931,4.1062,2.029,0.683,605.5352,1,103115,4,True,True,GHOST
2025-11-25,10:35,rth,up,602.31,605.5352,601.0,602.0349,686323,4260,3.2252,0.2751,0.536,605.5352,1,103115,4,True,True,GHOST
2025-11-25,11:10,rth,up,601.7,605.5352,601.5,601.7,615167,2843,3.8352,0.0,0.637,605.5352,2,206230,4,True,True,GHOST
2025-11-25,14:35,rth,down,606.31,606.5,600.6447,605.96,488881,2735,5.3153,0.35,0.877,600.6447,1,11750,15478691,True,True,GHOST
2025-11-26,12:55,rth,down,615.35,615.6201,609.0838,615.3101,328445,1795,6.2263,0.0399,1.012,609.0838,1,103093,2,True,False,GHOST
2025-11-26,13:05,rth,down,615.5799,615.68,609.0838,614.63,739764,6431,5.5462,0.9499,0.902,609.0838,1,103093,3,True,True,GHOST
2025-11-26,15:25,rth,down,615.635,615.75,609.0838,615.5101,297923,2019,6.4263,0.1249,1.044,609.0838,1,103093,3,True,True,GHOST
2025-11-26,15:45,rth,down,615.31,615.5,609.0838,614.95,616060,5293,5.8662,0.36,0.954,609.0838,1,103093,3,True,True,GHOST
2025-11-26,15:55,rth,down,614.57,614.86,609.0838,614.31,2793603,20925,5.2262,0.26,0.851,609.0838,1,103093,3,True,True,GHOST
2025-12-01,08:00,pre,up,614.81,619.25,612.13,613.06,340475,1932,4.44,1.75,0.724,619.25,188,293,3382715,True,False,not_pbar
2025-12-02,08:00,pre,down,619.18,619.83,615.49,619.45,97523,625,3.69,0.27,0.596,615.49,24,329,17573326,True,False,not_pbar
2025-12-02,09:50,rth,down,621.66,622.28,616.9797,621.308,1253449,9297,4.3283,0.352,0.697,616.9797,1,103023,2,True,False,GHOST
2025-12-02,15:15,rth,down,622.79,622.83,616.9797,622.75,580618,1870,5.7703,0.04,0.927,616.9797,4,412092,5,True,True,GHOST
2025-12-02,15:50,rth,down,622.65,622.875,616.9797,621.89,1577059,10619,4.9103,0.76,0.79,616.9797,3,412091,3,True,True,GHOST
2025-12-02,15:55,rth,down,621.9,622.8,616.9797,622.07,1843346,14361,4.9203,0.17,0.791,616.9797,2,206046,3,True,True,GHOST
2025-12-05,10:30,rth,down,628.18,628.765,622.9227,628.62,617161,4949,5.2573,0.44,0.836,622.9227,1,102960,4,True,True,GHOST
2025-12-05,13:15,rth,up,625.485,628.9333,625.23,625.43,291618,2627,3.4483,0.055,0.551,628.9333,1,12000,27,True,True,GHOST
2025-12-05,13:50,rth,up,625.79,628.9333,625.3855,625.72,253327,2053,3.1433,0.07,0.502,628.9333,1,12000,2308821,True,True,GHOST
2025-12-09,10:45,rth,down,624.54,624.6,597.875,623.87,551187,5297,25.995,0.67,4.167,597.875,1,12000,56,True,False,GHOST
2025-12-10,15:05,rth,down,628.53,628.72,625.0809,628.56,907782,7413,3.4491,0.03,0.549,625.0809,1,102908,4,True,True,GHOST
2025-12-10,15:30,rth,down,628.42,629.06,625.0809,628.785,819742,6399,3.3391,0.365,0.531,625.0809,1,144072,4,True,True,GHOST
2025-12-10,15:40,rth,down,628.71,628.91,625.0809,628.49,623528,5161,3.4091,0.22,0.542,625.0809,1,102908,5,True,True,GHOST
2025-12-11,08:00,pre,down,623.37,625.2,619.71,624.7762,190471,1075,3.66,1.4062,0.586,619.71,24,3790,23521676,True,True,not_pbar
2025-12-11,08:05,pre,up,624.76,628.08,624.37,624.37,23890,162,3.32,0.39,0.532,628.08,1,316,1834,True,False,PBAR
2025-12-11,12:20,rth,up,622.42,627.6971,622.42,623.24,674536,4770,4.4571,0.82,0.715,627.6971,1,102888,4,True,False,GHOST
2025-12-11,13:55,rth,up,623.91,627.6971,623.545,623.72,542906,3314,3.7871,0.19,0.607,627.6971,1,102888,2,True,True,GHOST
2025-12-12,04:00,pre,down,624.0,624.7,618.29,624.53,17783,203,5.71,0.53,0.914,618.29,4,461,16,True,False,PBAR
2025-12-12,08:00,pre,up,621.83,626.049,621.56,622.32,156629,911,3.729,0.49,0.599,626.049,1,290,1211,True,False,PBAR
2025-12-12,11:00,rth,up,614.3,625.5325,612.715,612.715,1615062,13458,11.2325,1.585,1.833,625.5325,1,102847,5,True,False,GHOST
2025-12-12,11:15,rth,up,613.19,617.0,612.67,613.02,849434,9102,3.81,0.17,0.622,617.0,1,18000,1029555,True,True,GHOST
2025-12-12,11:50,rth,up,612.6,625.5325,611.98,612.3,920885,8263,12.9325,0.3,2.112,625.5325,1,102847,3,True,True,GHOST
2025-12-12,12:50,rth,up,615.89,625.5325,615.1087,615.41,467359,3729,9.6425,0.48,1.567,625.5325,1,102847,3,True,True,GHOST
2025-12-12,15:50,rth,up,613.34,625.5325,612.61,613.25,1839513,13855,12.1925,0.09,1.988,625.5325,3,617082,4,True,True,GHOST
2025-12-12,15:55,rth,up,613.25,625.5325,613.16,613.57,3407994,20770,11.9625,0.32,1.95,625.5325,5,925623,4,True,True,GHOST
2025-12-15,08:00,pre,down,617.1502,617.19,613.16,617.02,127233,722,3.86,0.1302,0.626,613.16,1,342,1409,True,False,PBAR
2025-12-15,10:30,rth,up,610.14,615.15,609.82,611.3099,1048158,9051,3.8401,1.1699,0.628,615.15,1,415,2381163,True,True,GHOST
2025-12-16,08:00,pre,down,609.74,610.997,604.5,609.39,201671,1137,4.89,0.35,0.802,604.5,27,251,19008536,True,False,not_pbar
2025-12-17,10:45,rth,up,606.5,610.9,605.47,606.24,1383958,14537,4.4,0.26,0.726,610.9,1,10200,27,True,True,GHOST
2025-12-17,10:50,rth,up,606.22,612.0943,604.39,605.1,1523176,13718,5.8743,1.12,0.971,612.0943,1,143942,4,True,True,GHOST
2025-12-17,10:55,rth,up,605.08,610.05,603.91,604.51,984750,10414,4.97,0.57,0.822,610.05,1,14400,1682330,True,True,GHOST
2025-12-17,11:00,rth,up,604.48,612.0943,604.2301,605.19,1056377,10188,6.9043,0.71,1.141,612.0943,1,103957,4,True,True,GHOST
2025-12-17,12:10,rth,up,603.2,612.0943,602.92,603.13,838482,8534,8.8943,0.07,1.475,612.0943,1,103947,1,True,True,GHOST
2025-12-17,12:30,rth,up,604.15,612.0943,604.11,604.465,580406,4814,7.6293,0.315,1.262,612.0943,1,123379,4,True,True,GHOST
2025-12-17,13:15,rth,up,603.39,612.0943,603.01,603.21,740496,6115,8.7043,0.18,1.443,612.0943,1,102816,4,True,True,GHOST
2025-12-17,13:35,rth,up,603.29,612.0943,602.62,602.68,560953,5656,8.8043,0.61,1.461,612.0943,1,102816,4,True,True,GHOST
2025-12-17,14:45,rth,up,602.17,612.0943,601.92,602.14,895931,5539,9.9243,0.03,1.648,612.0943,3,415745,4,True,True,GHOST
2025-12-17,14:50,rth,up,602.14,612.0943,601.5,602.66,806528,5975,9.4343,0.52,1.565,612.0943,2,206752,4,True,True,GHOST
2025-12-17,15:35,rth,up,602.01,612.0943,601.61,601.74,700190,7146,10.0843,0.27,1.676,612.0943,1,103947,3,True,True,GHOST
2025-12-18,08:00,pre,down,605.45,605.89,602.11,605.35,151284,1025,3.24,0.1,0.535,602.11,157,968,22100054,True,False,not_pbar
2025-12-18,08:10,pre,down,605.2507,605.75,600.41,605.75,22773,196,4.8407,0.4993,0.799,600.41,4,102,1447,True,False,GHOST
2025-12-18,11:30,rth,down,611.53,612.27,600.2853,612.15,681316,5303,11.2447,0.62,1.837,600.2853,1,207914,4,True,False,GHOST
2025-12-18,11:40,rth,down,612.41,612.73,600.2853,612.495,960780,4654,12.1247,0.085,1.98,600.2853,1,103957,2,True,True,GHOST
2025-12-18,12:05,rth,down,611.47,611.5,600.2853,609.15,1765556,12753,8.8647,2.32,1.455,600.2853,1,103957,4,True,True,GHOST
2025-12-18,12:25,rth,down,607.86,608.86,600.2853,608.61,1284999,8010,7.5747,0.75,1.245,600.2853,2,493488,4,True,True,GHOST
2025-12-18,13:15,rth,down,611.36,611.8165,606.89,611.65,343771,3089,4.47,0.29,0.731,606.89,1,54080,10306173,True,True,GHOST
2025-12-18,13:50,rth,down,611.54,611.88,600.2853,611.36,515138,4208,11.0747,0.18,1.811,600.2853,1,102816,5,True,True,GHOST
2025-12-18,15:00,rth,down,608.09,609.2,600.2853,609.175,775601,6735,7.8047,1.085,1.281,600.2853,1,103957,2,True,True,GHOST
2025-12-18,15:40,rth,down,610.49,611.04,600.2853,610.965,726471,5047,10.2047,0.475,1.67,600.2853,1,103957,4,True,True,GHOST
2025-12-19,09:35,rth,down,614.15,614.37,609.3249,614.15,1645312,18948,4.8251,0.0,0.786,609.3249,1,103926,4,True,False,GHOST
2025-12-19,10:10,rth,down,616.5144,616.62,609.3249,616.09,979794,5450,6.7651,0.4244,1.098,609.3249,1,103926,4,True,True,GHOST
2025-12-19,10:30,rth,down,615.4,616.13,609.3249,615.75,720704,7047,6.0751,0.35,0.987,609.3249,1,103926,4,True,True,GHOST
2025-12-19,11:05,rth,down,615.29,616.071,612.0688,615.8429,873046,4678,3.2212,0.5529,0.523,612.0688,1,400000,848,True,True,PBAR
2025-12-19,11:35,rth,down,616.45,616.68,609.3249,616.29,795723,3951,6.9651,0.16,1.13,609.3249,2,416158,241941,True,True,GHOST
2025-12-19,11:45,rth,down,615.96,616.1401,609.3249,615.22,794362,4132,5.8951,0.74,0.958,609.3249,1,374171,4,True,True,GHOST
2025-12-19,12:00,rth,down,615.36,616.29,609.3249,616.0944,398904,3351,6.0351,0.7344,0.98,609.3249,1,103926,2,True,True,GHOST
2025-12-19,12:10,rth,down,616.19,616.44,609.3249,616.4,379491,2929,6.8651,0.21,1.114,609.3249,1,103926,4,True,True,GHOST
2025-12-19,12:20,rth,down,616.7801,617.09,609.3249,617.02,841581,3662,7.4552,0.2399,1.208,609.3249,3,415724,3,True,True,GHOST
2025-12-19,13:25,rth,down,616.83,617.05,609.3249,616.99,385895,1897,7.5051,0.16,1.216,609.3249,1,207873,4,True,True,GHOST
2025-12-19,14:25,rth,down,617.175,617.24,609.3249,617.12,514888,1594,7.7951,0.055,1.263,609.3249,1,207852,2,True,True,GHOST
2025-12-19,14:40,rth,down,617.14,617.28,609.3249,617.2,484801,1635,7.8151,0.06,1.266,609.3249,2,311778,5,True,True,GHOST
2025-12-19,15:10,rth,down,616.99,617.18,609.3249,617.04,577666,3390,7.6651,0.05,1.242,609.3249,2,207852,4,True,True,GHOST
2025-12-19,15:15,rth,down,617.05,617.12,609.3249,617.06,397354,2753,7.7251,0.01,1.252,609.3249,1,103926,3,True,True,GHOST
2025-12-19,15:35,rth,down,617.12,617.19,609.3249,616.98,482053,3643,7.6551,0.14,1.241,609.3249,1,103926,2,True,True,GHOST
2025-12-19,15:45,rth,down,616.735,617.15,609.3249,616.844,955772,6199,7.4101,0.109,1.201,609.3249,2,311778,2,True,True,GHOST
2025-12-19,15:55,rth,down,617.22,617.39,609.3249,617.24,3603776,24860,7.8951,0.02,1.279,609.3249,6,727452,10,True,True,GHOST
2025-12-22,08:25,pre,down,620.731,620.77,617.05,620.6,13106,134,3.55,0.131,0.572,617.05,2,171,372,True,False,GHOST
2025-12-22,11:25,rth,down,619.75,619.84,616.5372,619.74,933887,3313,3.2028,0.01,0.517,616.5372,1,41000,0,True,True,GHOST
2025-12-29,11:05,rth,up,619.645,623.7554,619.49,619.72,433563,2700,4.0354,0.075,0.651,623.7554,1,207697,2,True,False,GHOST
2025-12-29,11:30,rth,up,620.03,623.7554,619.83,619.86,333251,2430,3.7254,0.17,0.601,623.7554,1,103849,4,True,True,GHOST
2025-12-29,11:50,rth,up,619.99,623.7554,619.8,620.0,319594,2111,3.7554,0.01,0.606,623.7554,1,103849,4,True,True,GHOST
2025-12-31,15:25,rth,up,615.145,619.353,614.75,614.88,509496,3973,4.208,0.265,0.684,619.353,1,103797,4,True,True,GHOST
2025-12-31,15:40,rth,up,615.36,619.353,615.09,615.55,718735,4861,3.803,0.19,0.618,619.353,1,207595,5,True,True,GHOST
2025-12-31,15:45,rth,up,615.55,619.353,614.94,614.96,1261708,5617,3.803,0.59,0.618,619.353,3,518987,4,True,True,GHOST
2025-12-31,15:55,rth,up,614.92,619.353,614.0,614.28,3396429,24356,4.433,0.64,0.722,619.353,3,415231,4,True,True,GHOST
2026-01-02,08:20,pre,down,620.49,620.57,614.31,620.26,24221,315,5.95,0.23,0.959,614.31,4,190,556,True,False,GHOST
2026-01-02,13:50,rth,up,610.63,614.2441,610.15,610.8432,671135,5189,3.4009,0.2132,0.557,614.2441,1,103736,2,True,True,GHOST
2026-01-06,12:25,rth,down,621.57,621.8,617.9146,621.5825,663272,2958,3.6554,0.0125,0.588,617.9146,1,103705,2,True,False,GHOST
2026-01-06,12:30,rth,down,621.59,622.19,617.9146,622.175,442538,3312,3.6754,0.585,0.591,617.9146,1,103705,4,True,True,GHOST
2026-01-06,14:55,rth,down,623.3699,623.42,617.9146,623.29,401992,2229,5.3754,0.0799,0.862,617.9146,1,103715,4,True,True,GHOST
2026-01-06,15:35,rth,down,623.45,623.79,617.9146,623.75,563625,2941,5.5354,0.3,0.887,617.9146,1,207431,4,True,True,GHOST
2026-01-06,15:40,rth,down,623.75,623.95,617.9146,623.82,435169,2779,5.8354,0.07,0.935,617.9146,1,103715,3,True,True,GHOST
2026-01-06,15:50,rth,down,623.86,623.95,617.9146,623.875,1004485,7521,5.9454,0.015,0.953,617.9146,1,207431,2,True,True,GHOST
2026-01-06,17:00,post,down,623.8295,624.05,619.29,623.9343,58934,55,4.5395,0.1048,0.728,619.29,1,27762,472,True,False,PBAR
2026-01-07,09:30,rth,down,623.04,623.8,619.41,623.8,1837256,13962,3.63,0.76,0.582,619.41,1,500,1,True,False,GHOST
2026-01-07,11:50,rth,down,626.86,626.97,623.7077,626.94,560708,3114,3.1523,0.08,0.503,623.7077,1,103685,4,True,True,GHOST
2026-01-08,11:40,rth,up,619.09,624.0497,619.015,619.68,568081,3941,4.3697,0.59,0.705,624.0497,1,207349,2,True,False,GHOST
2026-01-08,11:50,rth,up,620.14,624.0497,619.27,619.54,479166,4133,3.9097,0.6,0.631,624.0497,1,103674,3,True,True,GHOST
2026-01-08,12:45,rth,up,620.27,624.0497,620.26,620.55,403605,2130,3.4997,0.28,0.564,624.0497,2,207348,1,True,True,GHOST
2026-01-08,13:10,rth,up,619.76,624.0497,618.99,619.1285,630933,5380,4.2897,0.6315,0.693,624.0497,1,103674,4,True,True,GHOST
2026-01-08,14:05,rth,up,619.61,624.0497,619.42,619.42,369335,2958,4.4397,0.19,0.717,624.0497,1,103674,3,True,True,GHOST
2026-01-08,14:10,rth,up,619.44,624.0497,618.8199,618.83,458700,3722,4.6097,0.61,0.745,624.0497,1,103674,2,True,True,GHOST
2026-01-08,15:45,rth,up,620.36,624.0497,620.27,620.56,493778,3681,3.4897,0.2,0.562,624.0497,1,103674,4,True,True,GHOST
2026-01-09,13:15,rth,down,625.66,625.81,620.4909,625.68,432184,2839,5.1691,0.02,0.826,620.4909,1,207307,2,True,True,GHOST
2026-01-09,14:40,rth,down,627.27,627.38,620.4909,627.33,276632,1852,6.7791,0.06,1.081,620.4909,1,103654,4,True,True,GHOST
2026-01-09,15:25,rth,down,627.78,627.89,620.4909,627.465,508806,3677,6.9741,0.315,1.111,620.4909,1,103654,4,True,True,GHOST
2026-01-09,15:30,rth,down,627.46,627.59,620.4909,627.54,763719,3327,6.9691,0.08,1.111,620.4909,1,103654,2,True,True,GHOST
2026-01-09,15:50,rth,down,627.35,627.36,620.4909,627.13,1230319,10630,6.6391,0.22,1.059,620.4909,1,103643,4,True,True,GHOST
2026-01-14,08:10,pre,up,623.11,626.24,622.9,622.9,12189,111,3.13,0.21,0.502,626.24,4,127,1258,True,False,GHOST
2026-01-14,11:50,rth,up,615.89,626.2264,615.05,615.28,1069137,10612,10.3364,0.61,1.68,626.2264,1,103603,4,True,False,GHOST
2026-01-14,11:55,rth,up,615.28,626.2264,615.03,615.5,1066901,7320,10.7264,0.22,1.743,626.2264,3,414411,4,True,True,GHOST
2026-01-14,12:30,rth,up,616.27,626.2264,615.16,615.28,536076,4830,9.9564,0.99,1.618,626.2264,1,103603,4,True,True,GHOST
2026-01-14,13:35,rth,up,615.17,626.2264,614.56,614.88,605739,5323,11.0564,0.29,1.798,626.2264,1,103603,2,True,True,GHOST
2026-01-14,13:50,rth,up,615.695,626.2264,615.66,616.3901,874934,7122,9.8363,0.6951,1.596,626.2264,1,103613,4,True,True,GHOST
2026-01-14,14:20,rth,up,616.765,626.2264,616.54,616.81,449094,3750,9.4164,0.045,1.527,626.2264,1,103613,4,True,True,GHOST
2026-01-14,15:05,rth,up,616.98,626.2264,616.87,618.09,1210988,8586,8.1364,1.11,1.316,626.2264,2,207226,5,True,True,GHOST
2026-01-14,15:10,rth,up,618.09,626.2264,617.63,617.7,653163,4185,8.1364,0.39,1.317,626.2264,1,103613,6,True,True,GHOST
2026-01-14,15:25,rth,up,617.7,626.2264,617.44,617.93,432487,3410,8.2964,0.23,1.343,626.2264,1,103613,2,True,True,GHOST
2026-01-14,15:30,rth,up,617.94,626.2264,617.92,618.98,802962,6577,7.2464,1.04,1.171,626.2264,1,103613,3,True,True,GHOST
2026-01-14,15:35,rth,up,618.98,626.2264,618.75,619.45,1387367,5876,6.7764,0.47,1.094,626.2264,3,310869,4,True,True,GHOST
2026-01-14,15:55,rth,up,618.8,626.2264,618.78,619.65,2335999,19191,6.5764,0.85,1.061,626.2264,1,103623,4,True,True,GHOST
2026-01-14,16:45,post,down,619.28,619.55,614.68,619.29,69418,126,4.6,0.01,0.743,614.68,1,31250,11636546,True,False,GHOST
2026-01-15,08:00,pre,down,623.1,625.1,618.4,625.1,258606,1629,4.7,2.0,0.752,618.4,15,170,28806271,True,False,GHOST
2026-01-15,09:50,rth,down,626.09,626.19,619.5117,626.19,1354738,13273,6.5783,0.1,1.051,619.5117,1,103619,4,True,False,GHOST
2026-01-15,10:05,rth,down,625.34,625.51,619.5117,625.48,850933,6574,5.8283,0.14,0.932,619.5117,1,207238,3,True,True,GHOST
2026-01-15,10:30,rth,down,625.15,626.21,619.5117,626.19,653740,4547,5.6383,1.04,0.9,619.5117,1,103609,2,True,True,GHOST
2026-01-15,10:35,rth,down,626.16,626.65,619.5117,626.17,677890,5513,6.6483,0.01,1.062,619.5117,1,103609,4,True,True,GHOST
2026-01-15,10:40,rth,down,626.18,626.3288,619.5117,624.91,1044935,6396,5.3983,1.27,0.864,619.5117,2,207218,2,True,True,GHOST
2026-01-15,10:55,rth,up,624.38,630.0,623.8,625.7,1016896,9627,4.3,1.32,0.687,630.0,2,60,0,True,False,PBAR
2026-01-15,11:20,rth,down,626.4,626.77,619.5117,626.575,448460,3310,6.8883,0.175,1.099,619.5117,1,103609,2,True,True,GHOST
2026-01-15,12:15,rth,down,626.26,626.32,619.5117,626.22,470456,2556,6.7083,0.04,1.071,619.5117,1,103609,1,True,True,GHOST
2026-01-15,12:30,rth,down,625.6033,625.79,619.5117,625.3521,640541,3964,5.8404,0.2512,0.934,619.5117,1,207218,2,True,True,GHOST
2026-01-15,12:35,rth,down,625.345,625.5667,619.5117,625.41,614000,3064,5.8333,0.065,0.933,619.5117,1,207218,4,True,True,GHOST
2026-01-15,13:05,rth,down,625.54,625.95,619.5117,625.9001,425433,2171,6.0283,0.3601,0.963,619.5117,1,103609,2,True,True,GHOST
2026-01-15,13:55,rth,down,625.83,625.93,619.5117,625.7371,421768,1993,6.2254,0.0929,0.995,619.5117,2,207218,5,True,True,GHOST
2026-01-15,14:25,rth,down,624.27,624.3,619.5117,623.66,692079,5170,4.1483,0.61,0.665,619.5117,1,103609,4,True,True,GHOST
2026-01-15,14:35,rth,down,623.03,626.15,619.5117,623.42,783860,5810,3.5183,0.39,0.564,619.5117,2,207218,3,True,True,GHOST
2026-01-16,16:10,post,up,620.87,625.3,620.73,620.95,245906,307,4.35,0.08,0.701,625.3,1,47975,638,True,False,GHOST
2026-01-20,08:00,pre,up,610.98,621.725,607.06,610.7,376885,2348,10.745,0.28,1.759,621.725,1,863,732,True,False,PBAR
2026-01-20,10:45,rth,up,614.11,621.0361,613.08,613.2,1130400,9139,6.9261,0.91,1.13,621.0361,1,207095,2,True,False,GHOST
2026-01-20,10:55,rth,up,612.79,621.0361,612.31,613.48,950175,9202,7.5561,0.69,1.232,621.0361,1,103547,5,True,True,GHOST
2026-01-20,11:00,rth,up,613.48,621.0361,613.37,613.84,951424,8057,7.1961,0.36,1.172,621.0361,2,103548,401,True,True,GHOST
2026-01-20,11:10,rth,up,614.18,621.0361,612.5652,614.35,834577,6740,6.6861,0.17,1.088,621.0361,1,103547,4,True,True,GHOST
2026-01-20,11:55,rth,up,613.05,621.0361,612.85,614.3,981199,7850,6.7361,1.25,1.097,621.0361,1,103547,2,True,True,GHOST
2026-01-20,12:45,rth,up,611.745,621.0361,611.103,611.188,856189,7272,9.2911,0.557,1.52,621.0361,1,103547,3,True,True,GHOST
2026-01-20,12:50,rth,up,611.18,621.0361,610.9,611.57,932189,6797,9.4661,0.39,1.548,621.0361,2,207094,4,True,True,GHOST
2026-01-20,13:00,rth,up,611.77,621.0361,611.6,611.65,566214,3137,9.2661,0.12,1.515,621.0361,1,103547,4,True,True,GHOST
2026-01-20,14:15,rth,up,609.35,621.0361,608.71,608.92,725034,5706,11.6861,0.43,1.919,621.0361,1,103547,2,True,True,GHOST
2026-01-20,14:35,rth,up,608.01,621.0361,607.78,608.615,716389,5063,12.4211,0.605,2.041,621.0361,1,103547,2,True,True,GHOST
2026-01-20,15:10,rth,up,608.11,621.0361,607.56,607.6299,781386,6158,12.9261,0.4801,2.127,621.0361,1,103547,4,True,True,GHOST
2026-01-20,15:15,rth,up,607.64,621.0361,607.56,608.2,1284117,8546,12.8361,0.56,2.111,621.0361,2,207094,2,True,True,GHOST
2026-01-20,15:35,rth,up,607.83,621.0361,607.36,607.49,806713,5167,13.2061,0.34,2.174,621.0361,1,103547,2,True,True,GHOST
2026-01-20,15:45,rth,up,607.59,621.0361,607.46,607.68,1606610,5850,13.3561,0.09,2.198,621.0361,4,414190,46,True,True,GHOST
2026-01-20,15:50,rth,up,607.68,621.0361,607.05,607.3,1607603,11506,13.3561,0.38,2.199,621.0361,1,207095,4,True,True,GHOST
2026-01-20,15:55,rth,up,607.3,621.0361,607.13,608.04,3423616,21768,12.9961,0.74,2.137,621.0361,4,414221,4,True,True,GHOST
2026-01-20,16:00,post,up,608.08,611.551,607.6,608.09,2254987,1622,3.461,0.01,0.569,611.551,2,207291,47,True,False,PBAR
2026-01-20,16:30,post,up,608.11,613.5414,607.75,607.8254,38785,167,5.4314,0.2846,0.894,613.5414,1,8700,20424715,True,False,GHOST
2026-01-21,08:00,pre,up,606.06,610.6,605.46,606.65,183347,1233,3.95,0.59,0.651,610.6,43,874,20524207,True,False,not_pbar
2026-01-21,10:20,rth,down,613.17,613.52,607.8528,613.44,721512,5975,5.3172,0.27,0.867,607.8528,1,165615,3,True,True,GHOST
2026-01-21,10:55,rth,down,616.4175,616.49,607.8528,616.055,755878,6296,8.2022,0.3625,1.331,607.8528,1,103519,3,True,True,GHOST
2026-01-21,11:00,rth,down,616.05,616.24,607.8528,615.885,572707,4734,8.0322,0.165,1.304,607.8528,1,103519,4,True,True,GHOST
2026-01-21,11:30,rth,down,615.75,615.8,607.8528,614.8,871872,6975,6.9472,0.95,1.13,607.8528,1,103519,4,True,True,GHOST
2026-01-21,11:35,rth,down,614.79,615.8,607.8528,612.815,1648637,11821,4.9622,1.975,0.81,607.8528,2,207038,4,True,True,GHOST
2026-01-21,11:45,rth,down,611.83,612.23,607.8528,611.92,1409019,12603,3.9772,0.09,0.65,607.8528,1,103509,2,True,True,GHOST
2026-01-21,14:25,rth,down,611.34,615.77,607.8528,615.08,2294008,21153,3.4872,3.74,0.567,607.8528,1,103509,3,True,True,GHOST
2026-01-21,14:30,rth,down,615.08,616.42,611.3,616.045,1932129,19932,3.78,0.965,0.614,611.3,1,2500,39,True,True,GHOST
2026-01-21,14:35,rth,down,616.04,617.3,607.8528,617.02,1605861,14248,8.1872,0.98,1.327,607.8528,1,103519,3,True,True,GHOST
2026-01-21,14:50,rth,down,619.57,620.3,607.8528,619.31,1967079,18686,11.4572,0.26,1.85,607.8528,1,207039,2,True,True,GHOST
2026-01-21,15:00,rth,down,620.09,620.42,607.8528,619.3953,1433675,12345,11.5425,0.6947,1.864,607.8528,1,103519,2,True,True,GHOST
2026-01-21,15:05,rth,down,619.4,619.56,607.8528,619.1,866861,8336,11.2472,0.3,1.817,607.8528,1,103519,2,True,True,GHOST
2026-01-21,15:30,rth,down,616.46,616.94,607.8528,616.78,1293873,10486,8.6072,0.32,1.396,607.8528,1,103509,3,True,True,GHOST
2026-01-21,15:35,rth,down,616.76,617.19,607.8528,616.73,906748,6600,8.8772,0.03,1.439,607.8528,1,103509,4,True,True,GHOST
2026-01-21,15:50,rth,down,616.43,616.7143,607.8528,616.0999,1431584,12353,8.2471,0.3301,1.339,607.8528,1,207039,2,True,True,GHOST
2026-01-21,15:55,rth,down,616.09,616.44,607.8528,616.12,1885887,16003,8.2372,0.03,1.337,607.8528,1,103519,4,True,True,GHOST
2026-01-22,08:00,pre,down,621.03,622.02,616.58,621.79,309110,1789,4.45,0.76,0.716,616.58,439,2344,24574065,True,False,not_pbar
2026-01-22,08:10,pre,down,621.49,621.53,616.28,621.47,16700,150,5.19,0.02,0.835,616.28,9,131,2461,True,False,GHOST
2026-01-22,10:40,rth,down,620.12,620.45,616.097,620.4,580452,3530,4.023,0.28,0.648,616.097,1,206991,2,True,True,GHOST
2026-01-22,15:05,rth,down,620.36,620.54,616.097,620.17,403410,2883,4.073,0.19,0.657,616.097,1,103496,2,True,True,GHOST
2026-01-22,15:30,rth,down,619.48,619.68,616.097,619.31,815149,6780,3.213,0.17,0.519,616.097,1,103496,3,True,True,GHOST
2026-01-23,11:00,rth,down,624.95,625.3999,620.759,625.32,731905,5852,4.191,0.37,0.67,620.759,1,103485,5,True,True,GHOST
2026-01-26,13:25,rth,down,627.02,627.14,622.8688,626.98,388962,1998,4.1112,0.04,0.656,622.8688,1,206929,5,True,True,GHOST
2026-01-27,08:00,pre,down,630.02,630.27,624.991,629.5,182556,1042,4.509,0.52,0.716,624.991,1,242,1660,True,False,PBAR
2026-01-27,12:00,rth,down,631.19,631.31,625.4868,631.14,349744,1951,5.6532,0.05,0.896,625.4868,1,103464,4,True,False,GHOST
2026-01-27,12:05,rth,down,631.14,631.42,625.4868,631.125,407399,2525,5.6382,0.015,0.893,625.4868,1,103464,4,True,True,GHOST
2026-01-27,12:10,rth,down,631.11,631.135,625.4868,630.99,301295,1740,5.5032,0.12,0.872,625.4868,1,103464,5,True,True,GHOST
2026-01-27,12:55,rth,up,630.85,645.7,630.69,630.775,241888,1412,14.85,0.075,2.354,645.7,1,60500,8036330,True,False,GHOST
2026-01-27,15:50,rth,down,631.67,631.68,625.4868,631.15,1378772,7790,5.6632,0.52,0.897,625.4868,1,103464,4,True,True,GHOST
2026-01-27,15:55,rth,down,631.13,631.5,625.4868,631.08,1950107,12148,5.5932,0.05,0.886,625.4868,1,103464,3,True,True,GHOST
2026-01-28,08:00,pre,down,636.99,637.61,631.13,636.47,153430,972,5.34,0.52,0.839,631.13,162,885,3425135,True,False,not_pbar
2026-01-28,08:05,pre,down,636.52,636.58,630.657,636.3,16636,115,5.643,0.22,0.887,630.657,1,282,1131,True,False,PBAR
2026-01-29,10:00,rth,up,626.2,633.0333,623.52,624.58,1957388,16528,6.8333,1.62,1.094,633.0333,1,103433,5,True,True,GHOST
2026-01-29,10:30,rth,up,623.09,633.0333,621.89,622.21,1087508,10038,9.9433,0.88,1.598,633.0333,1,103433,5,True,True,GHOST
2026-01-29,11:10,rth,up,619.2,633.0333,618.7,621.35,1356789,11520,11.6833,2.15,1.88,633.0333,1,206865,4,True,True,GHOST
2026-01-29,11:15,rth,up,621.36,633.0333,621.12,621.8264,1153778,8509,11.2069,0.4664,1.802,633.0333,2,206866,4,True,True,GHOST
2026-01-29,11:30,rth,up,621.88,633.0333,621.69,621.77,861259,6513,11.1533,0.11,1.794,633.0333,2,206866,5,True,True,GHOST
2026-01-29,11:35,rth,up,621.76,633.0333,621.47,622.21,866665,6655,10.8233,0.45,1.739,633.0333,2,206866,4,True,True,GHOST
2026-01-29,11:40,rth,up,622.2,633.0333,621.8,622.49,1193377,6980,10.5433,0.29,1.694,633.0333,4,413732,377915,True,True,GHOST
2026-01-29,11:55,rth,up,622.37,633.0333,621.89,622.53,908616,6092,10.5033,0.16,1.687,633.0333,3,310299,4,True,True,GHOST
2026-01-29,12:05,rth,up,623.3,633.0333,623.06,623.49,726175,5362,9.5433,0.19,1.531,633.0333,2,206866,1982958,True,True,GHOST
2026-01-29,12:10,rth,up,623.48,633.0333,623.42,624.655,1014082,7723,8.3783,1.175,1.341,633.0333,2,206866,2367694,True,True,GHOST
2026-01-29,12:50,rth,up,625.03,633.0333,623.53,623.65,864469,8293,8.0033,1.38,1.283,633.0333,1,103433,5,True,True,GHOST
2026-01-29,13:00,rth,up,623.72,633.0333,623.67,624.86,752120,6566,8.1733,1.14,1.308,633.0333,1,103433,4,True,True,GHOST
2026-01-29,13:40,rth,up,626.35,633.0333,626.09,626.31,610442,5622,6.6833,0.04,1.067,633.0333,1,103433,4,True,True,GHOST
2026-01-29,13:50,rth,up,626.39,633.0333,626.0,626.085,516603,4495,6.6433,0.305,1.061,633.0333,1,103433,4,True,True,GHOST
2026-01-29,14:55,rth,up,626.21,633.0333,625.75,625.85,583305,3347,6.8233,0.36,1.09,633.0333,2,206866,4,True,True,GHOST
2026-01-29,15:10,rth,up,626.56,633.0333,626.255,626.32,394106,2784,6.4733,0.24,1.034,633.0333,1,103433,4,True,True,GHOST
2026-01-29,15:30,rth,up,625.95,633.0333,625.78,626.47,528090,4106,6.5633,0.52,1.048,633.0333,1,103433,2,True,True,GHOST
2026-01-29,15:55,rth,up,629.14,633.0333,627.6076,629.36,2773092,19746,3.6733,0.22,0.584,633.0333,2,206866,4,True,True,GHOST
2026-01-30,08:00,pre,down,627.22,627.36,621.23,626.4,211314,1166,5.17,0.82,0.825,621.23,15,1173,11415514,True,True,GHOST
2026-01-30,08:05,pre,down,626.39,626.73,623.14,626.37,26789,228,3.23,0.02,0.516,623.14,54,869,19468844,True,True,not_pbar
2026-01-30,10:30,rth,up,624.73,629.7225,624.19,625.02,1076090,7847,4.7025,0.29,0.752,629.7225,2,206784,5,True,False,GHOST
2026-01-30,11:10,rth,up,625.54,629.7225,625.19,625.65,598711,5221,4.0725,0.11,0.651,629.7225,1,103392,4,True,True,GHOST
2026-01-30,13:40,rth,up,620.53,629.7225,620.27,620.63,436869,3961,9.0925,0.1,1.465,629.7225,1,103392,4,True,True,GHOST
2026-01-30,15:05,rth,up,621.41,629.7225,620.43,620.97,734992,4698,8.3125,0.44,1.339,629.7225,1,103392,5,True,True,GHOST
2026-01-30,15:20,rth,up,619.89,629.7225,619.33,619.8,784016,5763,9.8325,0.09,1.586,629.7225,1,103392,4,True,True,GHOST
2026-01-30,15:40,rth,up,620.51,629.7225,620.32,621.22,947367,5676,8.5025,0.71,1.369,629.7225,1,103392,4,True,True,GHOST
2026-01-30,15:50,rth,up,622.78,629.7225,620.975,621.41,1853663,14487,6.9425,1.37,1.117,629.7225,1,103402,4,True,True,GHOST
2026-01-30,15:55,rth,up,621.37,629.7225,620.59,621.81,3229236,22086,7.9125,0.44,1.272,629.7225,7,827216,667,True,True,GHOST
2026-02-02,08:00,pre,down,616.49,621.404,610.05,616.8,387896,2209,6.44,0.31,1.044,610.05,11,247,23008273,True,False,GHOST
2026-02-02,08:10,pre,down,617.28,617.66,610.24,617.48,22825,205,7.04,0.2,1.14,610.24,5,201,24753056,True,True,GHOST
2026-02-02,08:15,pre,up,617.58,621.87,617.1,617.14,25288,180,4.29,0.44,0.695,621.87,3,81,848,True,False,GHOST
2026-02-02,10:20,rth,down,627.39,627.6,621.6394,627.1483,856356,6351,5.5089,0.2417,0.878,621.6394,1,103392,4,True,True,GHOST
2026-02-02,12:00,rth,down,627.17,627.815,621.6394,627.7981,760621,6252,5.5306,0.6281,0.881,621.6394,1,103392,5,True,True,GHOST
2026-02-02,12:50,rth,down,627.696,628.1,621.6394,628.05,342150,2514,6.0566,0.354,0.964,621.6394,1,103392,4,True,True,GHOST
2026-02-02,14:45,rth,down,627.4699,627.54,621.6394,627.08,344260,2402,5.4406,0.3899,0.868,621.6394,1,103392,3,True,True,GHOST
2026-02-02,15:50,rth,down,626.07,626.4,621.6394,626.04,1116713,11022,4.4006,0.03,0.703,621.6394,1,103392,2,True,True,GHOST
2026-02-02,15:55,rth,down,626.04,626.36,621.6394,626.24,2352852,20628,4.4006,0.2,0.703,621.6394,2,206784,4,True,True,GHOST
2026-02-03,08:05,pre,down,629.46,630.0,626.14,629.78,17775,159,3.32,0.32,0.527,626.14,26,137,3875598,True,False,not_pbar
2026-02-03,08:10,pre,down,629.78,629.92,626.14,629.6,12628,148,3.46,0.18,0.55,626.14,2,138,960,True,True,GHOST
2026-02-03,09:40,rth,up,625.51,629.98,623.19,623.8899,1664634,14969,4.47,1.6201,0.716,629.98,2,194,0,True,False,PBAR
2026-02-03,10:45,rth,up,618.35,626.1664,617.74,620.03,1270756,9522,6.1364,1.68,0.99,626.1664,1,103371,4,True,True,GHOST
2026-02-03,13:20,rth,up,614.5,626.1664,613.79,613.83,456712,3321,11.6664,0.67,1.901,626.1664,1,103371,3,True,True,GHOST
2026-02-03,13:50,rth,up,612.57,626.1664,612.07,612.1376,707591,3718,13.5964,0.4324,2.221,626.1664,1,103371,3,True,True,GHOST
2026-02-03,14:10,rth,up,611.21,626.1664,611.14,613.48,1273003,10193,12.6864,2.27,2.068,626.1664,1,103371,4,True,True,GHOST
2026-02-03,15:00,rth,up,613.33,626.1664,612.55,612.66,752784,5419,12.8364,0.67,2.095,626.1664,1,103371,4,True,True,GHOST
2026-02-03,15:15,rth,up,613.15,626.1664,612.55,613.36,700791,6390,12.8064,0.21,2.088,626.1664,1,103371,3,True,True,GHOST
2026-02-03,15:55,rth,up,615.94,626.1664,615.76,616.45,4208586,27651,9.7164,0.51,1.576,626.1664,2,310113,4,True,True,GHOST
2026-02-04,12:50,rth,up,601.12,605.85,600.47,601.95,1567697,8577,3.9,0.83,0.648,605.85,2,28000,26,True,True,GHOST
2026-02-04,14:05,rth,up,603.26,616.4334,602.44,603.4317,1006695,6381,13.0017,0.1717,2.155,616.4334,1,103361,4,True,False,GHOST
2026-02-04,14:25,rth,up,603.99,616.4334,602.99,604.83,745303,6501,11.6034,0.84,1.918,616.4334,1,103361,4,True,True,GHOST
2026-02-04,14:40,rth,up,605.52,616.4334,605.435,606.35,868640,7299,10.0834,0.83,1.663,616.4334,1,103361,3,True,True,GHOST
2026-02-04,14:45,rth,down,606.35,608.95,603.25,607.315,1421026,13145,3.1,0.965,0.51,603.25,1,35500,29,True,True,GHOST
2026-02-04,15:10,rth,up,607.77,616.4334,604.96,606.89,811335,5220,8.6634,0.88,1.428,616.4334,1,103361,2,True,True,GHOST
2026-02-04,15:20,rth,up,606.94,616.4334,606.5088,607.48,593817,4976,8.9534,0.54,1.474,616.4334,1,103361,3,True,True,GHOST
2026-02-04,15:50,rth,up,607.79,616.4334,605.71,605.85,1131367,10763,8.6434,1.94,1.427,616.4334,1,103350,4,True,True,GHOST
2026-02-04,15:55,rth,up,605.84,616.4334,605.21,605.62,2808131,19786,10.5934,0.22,1.749,616.4334,6,620155,5,True,True,GHOST
2026-02-05,08:05,pre,up,600.55,608.72,600.44,601.73,85399,635,6.99,1.18,1.162,608.72,5,344,17237530,True,True,GHOST
2026-02-05,08:20,pre,up,600.63,605.75,600.62,601.15,44591,396,4.6,0.52,0.765,605.75,4,164,1317,True,True,GHOST
2026-02-05,09:40,rth,down,603.39,604.215,599.0,603.69,1886195,17380,4.39,0.3,0.727,599.0,3,6051,481,True,True,GHOST
2026-02-05,10:10,rth,up,597.8935,601.2457,594.42,595.13,1606723,14269,3.3522,2.7635,0.563,601.2457,1,15400,41,True,True,GHOST
2026-02-05,10:20,rth,up,597.04,601.3134,595.61,596.2197,1130104,10731,4.2734,0.8203,0.717,601.3134,1,15950,29,True,True,GHOST
2026-02-05,10:25,rth,up,596.19,601.2457,595.1,595.59,1089144,10517,5.0557,0.6,0.849,601.2457,1,15400,988041,True,True,GHOST
2026-02-05,13:00,rth,up,600.55,605.5474,600.45,600.92,1101177,5315,4.6274,0.37,0.77,605.5474,5,620101,4,True,False,GHOST
2026-02-05,13:25,rth,down,599.24,599.85,596.1969,599.31,428550,3595,3.0431,0.07,0.508,596.1969,1,133,1,True,True,GHOST
2026-02-05,13:35,rth,up,599.65,605.5474,598.78,598.92,703546,2955,5.8974,0.73,0.985,605.5474,1,103350,4,True,True,GHOST
2026-02-05,14:55,rth,up,598.2,605.5474,598.08,598.74,680967,5444,6.8074,0.54,1.137,605.5474,1,103350,4,True,True,GHOST
2026-02-05,15:15,rth,up,599.65,605.5474,595.1767,598.39,1287232,8177,5.8974,1.26,0.986,605.5474,3,310050,4,True,True,GHOST
2026-02-05,15:25,rth,up,597.39,605.5474,596.84,597.0,700761,5482,8.1574,0.39,1.366,605.5474,1,103350,4,True,True,GHOST
2026-02-05,15:50,rth,up,596.36,605.5474,595.29,596.6,1561842,13336,8.9474,0.24,1.5,605.5474,2,206700,5,True,True,GHOST
2026-02-05,15:55,rth,up,596.58,605.5474,596.4,597.04,2023972,17711,8.5074,0.46,1.425,605.5474,2,206700,4,True,True,GHOST
2026-02-05,16:45,post,up,592.83,597.6811,592.09,592.09,145448,587,4.8511,0.74,0.819,597.6811,1,11100,2777305,True,True,GHOST
2026-02-05,17:00,post,up,591.85,597.03,591.17,591.17,135684,232,5.18,0.68,0.876,597.03,1,100900,591,True,True,GHOST
2026-02-05,17:45,post,up,590.64,597.03,590.29,591.01,106822,258,6.02,0.37,1.019,597.03,1,19765,1333,True,True,GHOST
2026-02-05,17:55,post,up,591.03,597.03,590.57,591.1,175164,204,5.93,0.07,1.003,597.03,1,144363,10,True,True,GHOST
2026-02-06,08:00,pre,down,602.52,602.8,592.3,600.39,395233,2239,8.09,2.13,1.347,592.3,13,349,28782472,True,False,GHOST
2026-02-06,08:05,pre,down,600.42,600.64,592.48,600.29,49750,439,7.81,0.13,1.301,592.48,5,84,29193811,True,True,GHOST
2026-02-06,08:15,pre,down,601.12,601.65,597.03,601.62,63041,448,4.09,0.5,0.68,597.03,4,167,1659,True,True,GHOST
2026-02-06,09:30,rth,down,600.23,603.24,597.1,602.535,3412212,26319,3.13,2.305,0.519,597.1,1,100,296,True,False,GHOST
2026-02-06,09:50,rth,down,604.36,606.1,597.2118,603.6881,1663536,12475,6.4763,0.6719,1.073,597.2118,1,103309,4,True,True,GHOST
2026-02-06,11:20,rth,down,605.81,606.85,597.2118,606.24,860544,7069,8.5982,0.43,1.418,597.2118,1,103309,2,True,True,GHOST
2026-02-06,11:45,rth,down,606.61,606.87,597.2118,606.7,582202,5781,9.3982,0.09,1.549,597.2118,1,103309,5,True,True,GHOST
2026-02-06,12:00,rth,down,606.01,606.66,597.2118,606.66,811989,6230,8.7982,0.65,1.45,597.2118,1,103309,4,True,True,GHOST
2026-02-06,12:10,rth,down,607.15,607.35,597.2118,607.02,653001,5495,9.8082,0.13,1.616,597.2118,1,103309,4,True,True,GHOST
2026-02-06,12:30,rth,down,607.69,608.36,597.2118,608.13,705201,6157,10.4782,0.44,1.723,597.2118,1,103309,5,True,True,GHOST
2026-02-06,14:20,rth,down,607.82,608.56,597.2118,608.46,467299,4016,10.6082,0.64,1.743,597.2118,1,103309,4,True,True,GHOST
2026-02-06,14:55,rth,down,608.24,608.29,597.2118,607.71,440487,3568,10.4982,0.53,1.728,597.2118,1,103309,4,True,True,GHOST
2026-02-06,15:10,rth,down,608.385,608.47,597.2118,608.37,482174,4082,11.1582,0.015,1.834,597.2118,1,103309,3,True,True,GHOST
2026-02-06,15:15,rth,down,608.37,608.87,597.2118,608.82,611653,4866,11.1582,0.45,1.833,597.2118,1,103309,4,True,True,GHOST
2026-02-06,15:20,rth,down,608.84,609.09,597.2118,608.86,743664,6391,11.6282,0.02,1.91,597.2118,1,103309,3,True,True,GHOST
2026-02-06,15:25,rth,down,608.87,608.995,597.2118,608.69,456063,3605,11.4782,0.18,1.886,597.2118,1,103309,4,True,True,GHOST
2026-02-06,15:30,rth,down,608.69,608.88,597.2118,608.56,753518,5635,11.3482,0.13,1.865,597.2118,1,103309,4,True,True,GHOST
2026-02-06,15:35,rth,down,608.57,608.94,597.2118,608.92,728137,5816,11.3582,0.35,1.865,597.2118,1,103299,4,True,True,GHOST
2026-02-06,15:40,rth,down,608.925,609.68,597.2118,609.66,1201995,10374,11.7132,0.735,1.921,597.2118,1,103299,3,True,True,GHOST
2026-02-06,15:45,rth,down,609.66,610.13,597.2118,610.01,1306997,9931,12.4482,0.35,2.041,597.2118,2,206608,4,True,True,GHOST
2026-02-06,15:50,rth,down,610.01,611.41,597.2118,610.97,2383105,21480,12.7982,0.96,2.095,597.2118,2,206618,4,True,True,GHOST
2026-02-06,15:55,rth,down,610.97,611.02,597.2118,609.63,3837330,31088,12.4182,1.34,2.037,597.2118,3,309897,4,True,True,GHOST
2026-02-09,08:00,pre,down,608.58,611.45,605.32,608.88,196225,1225,3.26,0.3,0.535,605.32,5,208,8280876,True,True,GHOST
2026-02-09,08:40,pre,up,608.86,612.05,608.51,608.77,73440,198,3.19,0.09,0.524,612.05,1,46540,842,True,False,PBAR
2026-02-09,10:20,rth,down,611.98,612.24,608.0,611.14,904487,7061,3.14,0.84,0.514,608.0,1,90000,1937810,True,True,GHOST
2026-02-09,10:55,rth,down,613.22,614.05,609.38,613.65,594757,5184,3.84,0.43,0.626,609.38,1,22400,3,True,True,GHOST
2026-02-09,13:25,rth,down,614.82,614.84,610.0699,614.41,636696,5405,4.3401,0.41,0.706,610.0699,1,103288,4,True,True,GHOST
2026-02-09,14:00,rth,down,615.06,615.73,610.0699,615.665,577270,4516,4.9901,0.605,0.811,610.0699,1,103288,2,True,True,GHOST
2026-02-09,14:05,rth,down,615.67,615.68,610.0699,615.22,549633,4203,5.1501,0.45,0.837,610.0699,1,103288,3,True,True,GHOST
2026-02-09,14:20,rth,down,615.7602,616.14,610.0699,616.06,492695,3630,5.6903,0.2998,0.924,610.0699,1,103288,5,True,True,GHOST
2026-02-09,14:30,rth,down,616.25,616.43,610.0699,616.2799,455939,3097,6.1801,0.0299,1.003,610.0699,1,103288,4,True,True,GHOST
2026-02-09,15:15,rth,down,615.82,615.84,610.0699,615.58,659149,5473,5.5101,0.24,0.895,610.0699,1,103288,4,True,True,GHOST
2026-02-10,15:55,rth,up,611.7,614.7685,611.01,611.48,2488744,17351,3.0685,0.22,0.502,614.7685,4,413072,4,True,True,GHOST
2026-02-12,10:40,rth,up,609.59,613.1403,608.32,608.43,1241408,11203,3.5503,1.16,0.584,613.1403,1,103232,4,True,True,GHOST
2026-02-12,10:55,rth,up,607.62,613.1403,606.53,606.61,1172952,9557,5.5203,1.01,0.91,613.1403,1,103232,4,True,True,GHOST
2026-02-12,11:00,rth,up,606.63,613.1403,606.07,606.34,1461928,12724,6.5103,0.29,1.074,613.1403,1,103232,3,True,True,GHOST
2026-02-12,11:05,rth,up,606.33,613.1403,605.0,605.44,1517497,13150,6.8103,0.89,1.125,613.1403,1,206465,4,True,True,GHOST
2026-02-12,11:10,rth,up,605.45,610.6875,604.64,604.91,1093484,9873,5.2375,0.54,0.866,610.6875,1,16000,2460849,True,True,GHOST
2026-02-12,11:30,rth,up,601.945,613.1403,601.65,602.62,1957244,17680,10.5203,0.675,1.746,613.1403,2,206464,4,True,True,GHOST
2026-02-12,11:35,rth,up,602.63,613.1403,602.45,603.915,1754314,16584,9.2253,1.285,1.528,613.1403,1,103232,4,True,True,GHOST
2026-02-12,11:40,rth,up,603.92,613.1403,603.11,603.36,1789405,15606,9.2203,0.56,1.528,613.1403,2,206464,4,True,True,GHOST
2026-02-12,12:10,rth,up,603.75,613.1403,602.515,602.94,668914,4617,9.3903,0.81,1.557,613.1403,1,103232,3,True,True,GHOST
2026-02-12,12:25,rth,up,603.84,613.1403,602.94,603.28,1033648,8257,9.3003,0.56,1.542,613.1403,1,103232,4,True,True,GHOST
2026-02-12,15:25,rth,up,601.96,613.1403,601.41,601.585,788211,6215,11.1803,0.375,1.858,613.1403,1,103232,2,True,True,GHOST
2026-02-12,15:30,rth,up,601.58,613.1403,601.08,601.59,947126,7337,11.5503,0.01,1.92,613.1403,1,103232,3,True,True,GHOST
2026-02-12,15:40,rth,up,601.77,613.1403,601.38,601.55,659282,4813,11.3703,0.22,1.89,613.1403,1,103232,3,True,True,GHOST
2026-02-12,15:45,rth,up,601.56,613.1403,600.7,600.96,1060459,9019,11.5803,0.6,1.927,613.1403,1,103232,4,True,True,GHOST
2026-02-12,15:55,rth,up,601.09,613.1403,600.14,600.56,3486279,26421,12.0503,0.53,2.007,613.1403,5,516215,5,True,True,GHOST
2026-02-13,12:15,rth,down,605.42,605.505,600.7143,604.68,709364,4975,3.9657,0.74,0.656,600.7143,1,103191,4,True,True,GHOST
2026-02-13,13:30,rth,down,605.51,606.19,601.6,606.1,458215,4161,3.91,0.59,0.645,601.6,1,855,6888674,True,True,GHOST
2026-02-17,08:00,pre,up,597.61,602.371,596.0,596.2,277955,1455,4.761,1.41,0.799,602.371,1,208,1382,True,False,PBAR
2026-02-17,13:40,rth,down,602.24,603.09,599.0,602.42,667542,6716,3.24,0.18,0.538,599.0,1,3000,26,True,True,GHOST
2026-02-17,16:15,post,down,601.3,602.25,593.64,601.61,105675,590,7.66,0.31,1.273,593.64,1,20250,27,True,False,PBAR
2026-02-18,11:10,rth,down,608.78,609.12,601.0686,609.07,520667,4447,7.7114,0.29,1.266,601.0686,1,103171,2,True,True,GHOST
2026-02-18,11:55,rth,down,608.455,608.66,601.0686,608.18,547557,4750,7.1114,0.275,1.169,601.0686,1,103171,4,True,True,GHOST
2026-02-18,14:05,rth,down,607.4531,607.515,601.0686,607.0101,463016,2679,5.9415,0.443,0.979,601.0686,1,103171,4,True,True,GHOST
2026-02-18,14:35,rth,down,605.86,607.2,601.0686,605.005,1302861,10204,3.9364,0.855,0.651,601.0686,1,103171,3,True,True,GHOST
2026-02-18,15:45,rth,down,605.34,606.18,602.11,605.95,1091689,9751,3.23,0.61,0.533,602.11,3,141,1718,True,True,GHOST
2026-02-18,15:55,rth,down,606.46,606.61,601.0686,605.7,2600263,18181,4.6314,0.76,0.765,601.0686,1,103160,5,True,True,GHOST
2026-02-18,16:40,post,up,605.41,608.45,605.37,605.39,99630,580,3.04,0.02,0.502,608.45,1,4000,30,True,False,PBAR
2026-02-19,08:00,pre,up,603.89,608.05,602.3755,603.4123,132562,839,4.16,0.4777,0.689,608.05,48,2138,16885683,True,False,not_pbar
2026-02-19,09:30,rth,down,602.81,603.97,597.91,602.84,1830006,16424,4.9,0.03,0.813,597.91,1,100,108,True,False,GHOST
2026-02-19,15:15,rth,up,601.87,605.9571,601.43,602.06,478826,4158,3.8971,0.19,0.647,605.9571,1,103150,4,True,True,GHOST
2026-02-23,08:00,pre,up,605.06,608.81,602.46,604.96,175306,1199,3.75,0.1,0.62,608.81,187,221,3402935,True,False,not_pbar
2026-02-23,11:20,rth,up,600.32,608.7234,600.08,600.4,1355711,10682,8.3234,0.08,1.386,608.7234,2,206198,4,True,False,GHOST
2026-02-23,12:15,rth,up,600.61,608.7234,600.59,600.75,2023184,3319,7.9734,0.14,1.327,608.7234,2,1643973,0,True,True,GHOST
2026-02-23,12:30,rth,up,600.84,608.7234,600.29,600.37,520719,4622,7.8834,0.47,1.313,608.7234,1,103099,5,True,True,GHOST
2026-02-23,12:45,rth,up,599.84,608.7234,599.67,599.855,498428,4727,8.8684,0.015,1.478,608.7234,1,103099,4,True,True,GHOST
2026-02-23,13:10,rth,up,601.6,608.7234,601.2837,601.84,481839,4215,6.8834,0.24,1.144,608.7234,1,103099,3,True,True,GHOST
2026-02-23,15:10,rth,up,599.57,608.7234,599.305,599.45,588403,3832,9.1534,0.12,1.527,608.7234,1,103099,4,True,True,GHOST
2026-02-24,12:20,rth,down,608.27,608.66,601.3324,608.58,518309,3995,6.9376,0.31,1.14,601.3324,1,103099,4,True,True,GHOST
2026-02-24,12:55,rth,down,608.25,608.34,601.3324,608.2,346467,2121,6.8676,0.05,1.129,601.3324,1,103099,4,True,True,GHOST
2026-02-24,13:00,rth,down,608.18,608.99,601.3324,608.84,443417,2526,6.8476,0.66,1.125,601.3324,1,103099,3,True,True,GHOST
2026-02-24,13:05,rth,down,608.82,608.83,601.3324,608.3534,363414,2128,7.021,0.4666,1.154,601.3324,1,103099,8,True,True,GHOST
2026-02-24,13:35,rth,down,607.79,608.31,601.3324,608.125,598533,4304,6.4576,0.335,1.062,601.3324,1,103099,4,True,True,GHOST
2026-02-24,13:50,rth,down,607.7801,608.1,601.3324,608.015,400657,2608,6.4477,0.2349,1.06,601.3324,1,103099,4,True,True,GHOST
2026-02-24,15:10,rth,down,607.26,607.38,601.3324,607.19,464125,3305,5.8576,0.07,0.965,601.3324,1,103099,5,True,True,GHOST
2026-02-24,15:45,rth,down,607.83,608.15,601.3324,607.99,625065,4744,6.4976,0.16,1.069,601.3324,1,103099,3,True,True,GHOST
2026-02-24,15:55,rth,down,608.4,608.5093,601.3324,607.8,1657202,14709,6.4676,0.6,1.064,601.3324,1,103099,3,True,True,GHOST
2026-02-25,14:00,rth,down,615.7,616.16,607.8536,616.01,694952,4461,7.8464,0.31,1.274,607.8536,1,103078,5,True,False,GHOST
2026-02-25,14:25,rth,down,616.17,616.32,607.8536,616.185,324736,2198,8.3164,0.015,1.35,607.8536,1,103078,4,True,True,GHOST
2026-02-25,15:25,rth,down,616.025,616.28,607.8536,616.11,1024637,4981,8.1714,0.085,1.326,607.8536,1,103078,4,True,True,GHOST
2026-02-25,15:45,rth,down,616.3,616.62,607.8536,616.47,1064510,6960,8.4464,0.17,1.37,607.8536,3,309234,4,True,True,GHOST
2026-02-25,15:50,rth,down,616.47,616.83,607.8536,616.61,1673210,14334,8.6164,0.14,1.397,607.8536,2,206156,4,True,True,GHOST
2026-02-25,15:55,rth,down,616.62,616.64,607.8536,616.52,3179830,22665,8.6664,0.1,1.406,607.8536,5,515390,5,True,True,GHOST
2026-02-26,10:10,rth,up,610.84,616.4221,608.87,608.93,2302932,25221,5.5821,1.91,0.917,616.4221,2,206088,4,True,False,GHOST
2026-02-26,10:20,rth,up,606.19,616.4221,604.89,605.3,2551797,26820,10.2321,0.89,1.69,616.4221,1,103044,4,True,True,GHOST
2026-02-26,10:25,rth,up,605.3,616.4221,604.55,605.7,2443466,24780,10.7221,0.4,1.77,616.4221,1,103034,5,True,True,GHOST
2026-02-26,10:30,rth,up,605.71,616.4221,603.98,604.2,2157929,20031,10.7121,1.51,1.773,616.4221,2,206068,5,True,True,GHOST
2026-02-26,10:35,rth,up,604.21,616.4221,604.18,606.72,2612847,23849,9.7021,2.51,1.599,616.4221,4,412136,4,True,True,GHOST
2026-02-26,10:40,rth,up,606.71,616.4221,606.32,607.05,2054878,20675,9.3721,0.34,1.544,616.4221,2,206068,4,True,True,GHOST
2026-02-26,10:45,rth,up,607.05,616.4221,606.81,607.67,1864370,18469,8.7521,0.62,1.44,616.4221,4,1830274,4,True,True,GHOST
2026-02-26,10:55,rth,up,607.55,616.4221,606.84,607.295,1877009,14918,8.8721,0.255,1.461,616.4221,4,721308,5,True,True,GHOST
2026-02-26,11:00,rth,up,607.3,616.4221,606.96,607.88,1098461,11596,8.5421,0.58,1.405,616.4221,1,103044,4,True,True,GHOST
2026-02-26,11:05,rth,up,607.85,616.4221,607.24,607.87,1039323,11464,8.5521,0.02,1.407,616.4221,1,103044,4,True,True,GHOST
2026-02-26,11:10,rth,up,607.87,616.4221,607.78,608.41,1010520,9186,8.0121,0.54,1.317,616.4221,2,206088,5,True,True,GHOST
2026-02-26,11:15,rth,down,608.42,608.9599,604.7,608.14,883802,10312,3.44,0.28,0.566,604.7,1,5500,37,True,True,GHOST
2026-02-26,11:25,rth,up,608.5,616.4221,608.49,608.72,1220372,11758,7.7021,0.22,1.265,616.4221,1,103044,5,True,True,GHOST
2026-02-26,11:30,rth,up,608.725,616.4221,608.2,608.86,1106592,8263,7.5621,0.135,1.242,616.4221,3,309132,4,True,True,GHOST
2026-02-26,11:40,rth,up,607.71,616.4221,607.22,607.33,658545,6236,8.7121,0.38,1.434,616.4221,1,103044,4,True,True,GHOST
2026-02-26,11:50,rth,up,607.7699,616.4221,606.75,606.76,1167137,8533,8.6522,1.0099,1.426,616.4221,4,412176,4,True,True,GHOST
2026-02-26,12:25,rth,up,606.46,616.4221,606.31,606.52,691290,5858,9.9021,0.06,1.633,616.4221,2,206088,4,True,True,GHOST
2026-02-26,13:05,rth,up,605.28,616.4221,604.54,604.9997,883615,7417,11.1421,0.2803,1.842,616.4221,2,206088,4,True,True,GHOST
2026-02-26,13:10,rth,up,604.9963,616.4221,604.9,605.055,625987,5768,11.3671,0.0587,1.879,616.4221,1,103044,4,True,True,GHOST
2026-02-26,13:45,rth,up,607.29,616.4221,606.86,607.28,778925,7530,9.1321,0.01,1.504,616.4221,3,1727230,4,True,True,GHOST
2026-02-26,13:50,rth,up,607.27,616.4221,606.75,607.09,531169,4534,9.1521,0.18,1.508,616.4221,1,103044,4,True,True,GHOST
2026-02-26,14:10,rth,up,608.65,616.4221,608.46,608.72,935114,7272,7.7021,0.07,1.265,616.4221,2,206088,4,True,True,GHOST
2026-02-26,14:15,rth,up,608.72,616.4221,608.7,608.8,740749,6663,7.6221,0.08,1.252,616.4221,1,103044,3,True,True,GHOST
2026-02-26,14:40,rth,up,608.81,616.4221,608.63,608.825,547864,4131,7.5971,0.015,1.248,616.4221,1,103044,4,True,True,GHOST
2026-02-26,14:50,rth,up,609.35,616.4221,608.99,609.48,560688,4474,6.9421,0.13,1.139,616.4221,1,103044,4,True,True,GHOST
2026-02-26,15:25,rth,up,608.08,616.4221,607.9,607.97,961721,4471,8.3421,0.11,1.372,616.4221,5,515220,5,True,True,GHOST
2026-02-26,15:35,rth,up,608.95,616.4221,608.639,608.97,592029,4427,7.4521,0.02,1.224,616.4221,1,103044,3,True,True,GHOST
2026-02-26,15:50,rth,up,608.64,616.4221,608.25,608.84,1230568,11275,7.5821,0.2,1.245,616.4221,1,103044,4,True,True,GHOST
2026-02-26,15:55,rth,up,608.85,616.4221,608.65,609.26,1757264,16200,7.1621,0.41,1.176,616.4221,1,103044,3,True,True,GHOST
2026-02-27,08:25,pre,up,604.89,609.24,604.41,604.64,53200,304,4.35,0.25,0.719,609.24,4,291,726,True,True,GHOST
2026-02-27,12:20,rth,up,606.055,609.3181,605.04,605.9834,841346,6846,3.2631,0.0716,0.538,609.3181,1,103018,4,True,True,GHOST
2026-02-27,15:40,rth,up,605.67,609.3181,605.62,605.92,941639,9753,3.3981,0.25,0.561,609.3181,1,103018,3,True,True,GHOST
2026-03-02,08:00,pre,up,599.98,607.29,594.93,598.62,438171,2661,7.31,1.36,1.221,607.29,95,14530,3386258,True,False,not_pbar
2026-03-02,08:05,pre,down,598.65,600.14,595.06,600.07,69574,520,3.59,1.42,0.598,595.06,16,165,17488722,True,True,GHOST
2026-03-02,08:20,pre,up,599.4181,607.29,599.34,600.59,127158,764,6.7,1.1719,1.116,607.29,15,59022,1457,True,True,GHOST
2026-03-03,08:00,pre,up,596.0758,603.48,592.48,597.03,545160,3280,6.45,0.9542,1.08,603.48,272,180,28287269,True,False,not_pbar
2026-03-03,08:05,pre,up,597.0,607.634,595.92,596.53,109344,593,10.634,0.47,1.783,607.634,22,459,3874379,True,False,not_pbar
2026-03-03,08:20,pre,up,596.8199,601.71,596.4,596.57,76122,553,4.8901,0.2499,0.82,601.71,1,5000,1155,True,True,PBAR
2026-03-03,09:55,rth,up,596.54,608.321,595.0,595.24,1164189,11157,11.781,1.3,1.979,608.321,1,102982,4,True,False,GHOST
2026-03-03,10:05,rth,up,595.09,608.321,594.55,595.54,1615890,16180,12.781,0.45,2.146,608.321,1,102982,5,True,True,GHOST
2026-03-03,10:10,rth,up,595.56,608.321,594.99,595.51,1515621,14078,12.761,0.05,2.143,608.321,1,102982,4,True,True,GHOST
2026-03-03,10:15,rth,up,595.5,608.321,593.74,593.9,1520938,14740,12.821,1.6,2.159,608.321,2,205964,5,True,True,GHOST
2026-03-03,10:50,rth,up,593.52,608.321,592.401,592.606,1204526,13679,14.801,0.914,2.498,608.321,1,102982,4,True,True,GHOST
2026-03-03,11:20,rth,down,597.5,598.6599,594.0429,598.57,1057342,11755,3.4571,1.07,0.578,594.0429,1,28000,2347795,True,True,GHOST
2026-03-03,12:10,rth,down,598.78,599.3,593.5,599.225,721514,7923,5.28,0.445,0.881,593.5,1,2400,6370022,True,True,GHOST
2026-03-03,12:30,rth,down,600.395,600.48,593.6258,598.34,662302,7169,4.7142,2.055,0.788,593.6258,1,17250,0,True,True,GHOST
2026-03-03,13:15,rth,up,599.8,608.321,599.71,600.4,701241,6860,7.921,0.6,1.319,608.321,1,102982,4,True,True,GHOST
2026-03-03,14:35,rth,up,600.89,608.321,600.54,602.36,1571869,16641,5.961,1.47,0.99,608.321,1,102993,3,True,True,GHOST
2026-03-03,14:55,rth,up,602.53,608.321,601.94,602.42,675065,6019,5.791,0.11,0.961,608.321,1,102982,4,True,True,GHOST
2026-03-04,08:00,pre,down,599.35,605.01,595.57,603.75,503441,2640,3.78,4.4,0.626,595.57,18,563,24069498,True,False,GHOST
2026-03-04,10:20,rth,down,608.44,609.89,601.7029,609.85,1932083,16775,6.7371,1.41,1.105,601.7029,2,205964,4,True,False,GHOST
2026-03-04,10:30,rth,down,610.98,611.18,601.7029,610.36,1567586,16871,8.6571,0.62,1.418,601.7029,1,102982,3,True,True,GHOST
2026-03-04,10:40,rth,down,609.62,609.9818,601.7029,609.13,1228020,11753,7.4271,0.49,1.219,601.7029,2,205964,4,True,True,GHOST
2026-03-04,10:45,rth,down,609.14,609.9818,601.7029,609.105,1566877,12229,7.4021,0.035,1.215,601.7029,2,205964,5,True,True,GHOST
2026-03-04,10:50,rth,down,609.1,609.71,601.7029,609.59,1208544,10175,7.3971,0.49,1.213,601.7029,1,102982,4,True,True,GHOST
2026-03-04,11:00,rth,down,610.7,611.45,601.7029,610.9899,1303054,12689,8.9971,0.2899,1.473,601.7029,1,102982,3,True,True,GHOST
2026-03-04,12:05,rth,down,611.665,611.825,601.7029,611.54,564125,4617,9.8371,0.125,1.609,601.7029,1,102982,4,True,True,GHOST
2026-03-04,15:35,rth,down,611.075,611.496,601.7029,611.235,861310,3307,9.3721,0.16,1.533,601.7029,1,102972,3,True,True,GHOST
2026-03-04,15:55,rth,down,611.09,611.27,601.7029,610.55,2243436,18864,8.8471,0.54,1.449,601.7029,1,102972,4,True,True,GHOST
2026-03-04,16:00,post,down,610.54,610.84,594.1,610.51,1976706,1183,16.41,0.03,2.688,594.1,1,20000,632331,True,False,GHOST
2026-03-05,12:10,rth,down,608.82,609.1,604.21,608.51,1126344,9288,4.3,0.31,0.707,604.21,1,1500,59,True,False,GHOST
2026-03-05,12:50,rth,up,603.2,610.8337,602.7,603.17,1583011,12499,7.6337,0.03,1.266,610.8337,3,308868,4,True,True,GHOST
2026-03-05,13:30,rth,up,602.705,607.45,602.26,602.84,731108,7017,4.61,0.135,0.765,607.45,1,48,56,True,True,GHOST
2026-03-06,08:00,pre,up,603.91,611.28,603.2798,604.02,296218,1750,7.26,0.11,1.202,611.28,53,5870,26810312,True,False,not_pbar
2026-03-06,08:15,pre,up,604.31,608.91,604.01,604.2822,13101,142,4.6,0.0278,0.761,608.91,4,100,781,True,True,GHOST
2026-03-06,09:45,rth,up,600.22,609.1378,599.15,600.09,1540090,12937,8.9178,0.13,1.486,609.1378,1,205818,4,True,False,GHOST
2026-03-06,10:05,rth,up,602.26,609.1378,600.03,600.12,1583154,14663,6.8778,2.14,1.146,609.1378,1,205818,3,True,True,GHOST
2026-03-06,10:30,rth,up,603.64,609.1378,603.5612,604.33,1315965,10845,4.8078,0.69,0.796,609.1378,1,102919,4,True,True,GHOST
2026-03-06,11:35,rth,up,603.19,609.1378,603.06,604.51,875325,8025,4.6278,1.32,0.766,609.1378,1,102919,3,True,True,GHOST
2026-03-06,12:25,rth,up,604.03,609.1378,602.92,603.4,752494,6401,5.1078,0.63,0.847,609.1378,1,102919,4,True,True,GHOST
2026-03-06,12:40,rth,up,602.47,609.1378,601.73,602.36,756250,6105,6.6678,0.11,1.107,609.1378,1,102919,4,True,True,GHOST
2026-03-06,13:10,rth,up,603.55,609.1378,603.23,605.22,976303,8976,3.9178,1.67,0.647,609.1378,1,102919,4,True,True,GHOST
2026-03-06,13:15,rth,up,605.23,609.1378,604.54,605.13,672190,5871,3.9078,0.1,0.646,609.1378,1,102919,4,True,True,GHOST
2026-03-06,14:10,rth,up,603.58,609.1378,603.51,604.1,773027,7447,5.0378,0.52,0.834,609.1378,1,102919,4,True,True,GHOST
2026-03-06,14:35,rth,up,603.69,609.1378,602.71,603.19,683878,6216,5.4478,0.5,0.903,609.1378,1,102919,2,True,True,GHOST
2026-03-06,14:40,rth,up,603.21,609.1378,603.02,603.03,1005192,10375,5.9278,0.18,0.983,609.1378,1,102919,3,True,True,GHOST
2026-03-06,15:30,rth,up,599.53,609.1378,598.91,599.16,1603293,16205,9.6078,0.37,1.604,609.1378,1,102909,4,True,True,GHOST
2026-03-06,15:35,rth,up,599.15,609.1378,598.33,599.46,1942466,14488,9.6778,0.31,1.614,609.1378,4,411636,4,True,True,GHOST
2026-03-06,15:50,rth,up,600.44,609.1378,599.59,600.141,1673075,15766,8.6978,0.299,1.449,609.1378,1,102919,4,True,True,GHOST
2026-03-06,15:55,rth,up,600.14,609.1378,599.48,599.81,2760439,25547,8.9978,0.33,1.5,609.1378,1,102919,4,True,True,GHOST
2026-03-09,08:00,pre,down,592.92,595.75,585.87,593.93,495212,2967,7.05,1.01,1.187,585.87,16,417,25239943,True,False,GHOST
2026-03-09,08:05,pre,down,593.91,599.75,586.09,593.99,84355,498,7.82,0.08,1.317,586.09,23,251,29298340,True,True,not_pbar
2026-03-09,15:25,rth,down,604.73,606.95,600.0,606.78,2789107,29895,4.73,2.05,0.78,600.0,1,10500,26,True,True,GHOST
2026-03-09,15:35,rth,down,607.65,609.27,599.9774,608.95,2837791,28979,7.6726,1.3,1.26,599.9774,1,102919,4,True,True,GHOST
2026-03-09,15:40,rth,down,608.96,608.96,599.9774,607.15,2420531,23572,7.1726,1.81,1.181,599.9774,3,308757,4,True,True,GHOST
2026-03-09,15:50,rth,down,607.33,607.33,599.9774,606.78,2201369,20188,6.8026,0.55,1.121,599.9774,3,308757,5,True,True,GHOST
2026-03-10,10:55,rth,down,611.1,611.67,607.8656,611.65,939521,5720,3.2344,0.55,0.529,607.8656,3,308727,4,True,True,GHOST
2026-03-10,11:20,rth,down,612.09,612.29,607.8656,611.67,581983,4228,3.8044,0.42,0.622,607.8656,1,102909,4,True,True,GHOST
2026-03-10,11:25,rth,down,611.663,611.84,607.8656,611.47,453809,3643,3.6044,0.193,0.589,607.8656,1,102909,4,True,True,GHOST
2026-03-10,13:35,rth,down,611.96,612.11,607.8656,611.31,947665,9268,3.4444,0.65,0.563,607.8656,1,102909,3,True,True,GHOST
2026-03-10,14:15,rth,up,608.99,612.24,608.05,608.44,1884166,19753,3.25,0.55,0.534,612.24,1,11250,29,True,True,GHOST
2026-03-11,08:00,pre,up,606.8,610.98,605.6,606.86,179138,1154,4.12,0.06,0.679,610.98,34,1146,28785869,True,False,not_pbar
2026-03-11,12:10,rth,up,605.84,609.96,605.68,606.48,528072,5747,3.48,0.64,0.574,609.96,1,5000,7030515,True,True,GHOST
2026-03-12,08:05,pre,up,604.22,608.145,601.83,603.89,60562,472,3.925,0.33,0.65,608.145,2,130,859,True,False,GHOST
2026-03-12,11:35,rth,up,598.69,607.8331,597.96,600.74,1484210,10559,7.0931,2.05,1.181,607.8331,2,411472,4,True,False,GHOST
2026-03-12,12:35,rth,up,600.25,607.8331,600.1,601.07,766440,7285,6.7631,0.82,1.125,607.8331,1,102868,4,True,True,GHOST
2026-03-12,13:55,rth,up,599.0206,607.8331,598.12,599.0501,599577,4663,8.783,0.0295,1.466,607.8331,1,102868,4,True,True,GHOST
2026-03-12,14:05,rth,up,599.44,607.8331,599.09,599.73,697134,4634,8.1031,0.29,1.351,607.8331,1,205736,4,True,True,GHOST
2026-03-12,15:05,rth,up,598.36,607.8331,598.23,598.4499,882063,7372,9.3832,0.0899,1.568,607.8331,1,205757,3,True,True,GHOST
2026-03-12,15:20,rth,up,598.52,607.8331,598.35,598.668,468192,4230,9.1651,0.148,1.531,607.8331,1,102878,4,True,True,GHOST
2026-03-12,15:50,rth,up,597.75,607.8331,597.11,597.7462,1636766,12669,10.0831,0.0038,1.687,607.8331,3,308634,4,True,True,GHOST
2026-03-12,15:55,rth,up,597.75,607.8331,597.05,597.34,2502430,22247,10.0831,0.41,1.688,607.8331,1,205757,4,True,True,GHOST
2026-03-13,08:00,pre,down,597.35,600.45,593.75,599.99,319844,1945,3.6,2.64,0.6,593.75,7,698,13733679,True,True,GHOST
2026-03-13,11:00,rth,up,595.98,600.5,595.27,595.89,920755,9165,4.52,0.09,0.759,600.5,1,1300,75,True,True,GHOST
2026-03-13,12:05,rth,up,594.69,600.5,594.33,595.14,452601,4045,5.36,0.45,0.901,600.5,1,32000,35,True,True,GHOST
2026-03-13,13:00,rth,up,593.6878,597.4036,593.56,593.93,598707,3702,3.4736,0.2422,0.585,597.4036,1,205695,3,True,True,GHOST
2026-03-13,14:05,rth,up,593.56,597.4036,593.2,593.52,541832,4824,3.8436,0.04,0.648,597.4036,1,102848,5,True,True,GHOST
2026-03-13,14:20,rth,up,593.41,597.4036,592.98,593.23,489048,3303,3.9936,0.18,0.673,597.4036,1,102848,4,True,True,GHOST
2026-03-13,15:25,rth,up,593.42,597.4036,592.982,593.18,674335,4574,3.9836,0.24,0.672,597.4036,1,205695,4,True,True,GHOST
2026-03-13,15:30,rth,up,593.1887,597.4036,593.09,593.23,613418,5121,4.1736,0.0413,0.704,597.4036,1,102848,5,True,True,GHOST
2026-03-16,13:10,rth,down,600.94,601.5,593.691,601.27,416783,2456,7.249,0.33,1.206,593.691,1,102837,4,True,False,GHOST
2026-03-16,15:10,rth,down,603.11,603.86,593.691,601.31,1872261,19112,7.619,1.8,1.267,593.691,1,102848,4,True,True,GHOST
2026-03-17,15:55,rth,down,603.755,603.755,600.3741,603.4,1939082,18332,3.0259,0.355,0.501,600.3741,2,205654,3,True,True,GHOST
2026-03-18,08:00,pre,down,607.61,608.22,602.858,607.78,317347,1914,4.752,0.17,0.782,602.858,1,192,815,True,False,PBAR
2026-03-18,13:10,rth,up,598.71,603.4162,598.3,598.53,420113,3497,4.7062,0.18,0.786,603.4162,1,103896,4,True,False,GHOST
2026-03-18,14:30,rth,up,599.72,603.4162,598.2,598.22,589445,4171,3.6962,1.5,0.618,603.4162,1,103906,4,True,True,GHOST
2026-03-18,15:00,rth,up,597.04,603.4162,596.89,598.16,672225,5462,5.2562,1.12,0.879,603.4162,1,123368,3,True,True,GHOST
2026-03-18,15:10,rth,up,598.09,603.4162,597.29,597.5599,427463,3662,5.3262,0.5301,0.891,603.4162,1,102806,4,True,True,GHOST
2026-03-18,15:15,rth,up,597.54,603.4162,596.915,596.915,577953,4864,5.8762,0.625,0.984,603.4162,1,102806,5,True,True,GHOST
2026-03-18,15:20,rth,up,596.91,603.4162,596.25,596.4,1026176,7322,6.5062,0.51,1.091,603.4162,2,308419,4,True,True,GHOST
2026-03-18,15:25,rth,up,596.38,603.4162,596.22,596.52,749989,5120,6.8962,0.14,1.156,603.4162,1,205613,4,True,True,GHOST
2026-03-18,15:30,rth,up,596.51,603.4162,596.33,596.83,683710,5603,6.5862,0.32,1.104,603.4162,1,102806,5,True,True,GHOST
2026-03-18,15:40,rth,up,596.25,603.4162,595.31,595.62,1069960,9072,7.1662,0.63,1.203,603.4162,1,205613,4,True,True,GHOST
2026-03-18,15:50,rth,up,595.405,603.4162,595.24,595.45,1648001,11110,7.9662,0.045,1.338,603.4162,2,411226,4,True,True,GHOST
2026-03-18,15:55,rth,up,595.44,603.4162,594.56,594.78,2160014,19112,7.9762,0.66,1.341,603.4162,1,102806,4,True,True,GHOST
2026-03-19,08:00,pre,up,591.63,595.22,590.78,590.92,344570,2142,3.59,0.71,0.608,595.22,15,209,28830042,True,False,GHOST
2026-03-19,13:10,rth,up,588.55,594.7621,588.36,588.61,1054596,9187,6.1521,0.06,1.045,594.7621,1,103875,5,True,True,GHOST
2026-03-19,13:15,rth,up,588.61,594.7621,588.4,589.63,1019380,7840,5.1321,1.02,0.87,594.7621,2,103877,48,True,True,GHOST
2026-03-19,13:20,rth,up,589.61,594.7621,589.3,589.94,682228,5322,4.8221,0.33,0.817,594.7621,1,124650,3,True,True,GHOST
2026-03-19,13:35,rth,up,589.81,598.28,589.36,589.37,437826,4450,8.47,0.44,1.437,598.28,1,25000,7235772,True,False,GHOST
2026-03-19,13:50,rth,up,589.63,594.7621,589.565,590.66,656572,6248,4.1021,1.03,0.694,594.7621,1,103875,5,True,True,GHOST
2026-03-19,13:55,rth,up,590.66,594.7621,590.08,590.13,497737,3701,4.1021,0.53,0.695,594.7621,1,102796,4,True,True,GHOST
2026-03-19,14:00,rth,up,590.13,594.7621,589.35,589.635,544703,4552,4.6321,0.495,0.786,594.7621,1,103885,3,True,True,GHOST
2026-03-19,14:15,rth,up,591.46,594.7621,590.836,591.39,623574,4547,3.3021,0.07,0.558,594.7621,2,207770,4,True,True,GHOST
2026-03-19,14:45,rth,up,589.57,594.7621,589.425,589.74,567227,5889,5.0221,0.17,0.852,594.7621,1,103875,4,True,True,GHOST
2026-03-19,14:55,rth,up,589.97,594.7621,589.8,591.46,1068230,11338,3.3021,1.49,0.558,594.7621,1,103885,5,True,True,GHOST
2026-03-19,15:45,rth,up,593.31,596.65,592.87,593.12,749700,7341,3.34,0.19,0.563,596.65,1,2400,25,True,True,GHOST
2026-03-20,08:00,pre,up,590.08,594.3,587.19,589.77,331866,2096,4.22,0.31,0.716,594.3,27,551,28820183,True,False,not_pbar
2026-03-20,10:00,rth,up,586.3,593.0989,585.69,586.5739,2095586,15702,6.525,0.2739,1.112,593.0989,6,623064,5,True,False,GHOST
2026-03-20,10:05,rth,up,586.56,593.0989,585.86,586.5,1218939,10938,6.5389,0.06,1.115,593.0989,1,207689,5,True,True,GHOST
2026-03-20,10:10,rth,up,586.5,593.0989,585.235,585.58,1450350,12772,6.5989,0.92,1.127,593.0989,3,311532,4,True,True,GHOST
2026-03-20,10:30,rth,up,585.97,593.0989,585.96,586.99,1332248,14939,6.1089,1.02,1.041,593.0989,1,103844,4,True,True,GHOST
2026-03-20,10:45,rth,up,586.26,593.0989,586.0,586.48,763848,7155,6.6189,0.22,1.129,593.0989,1,103855,5,True,True,GHOST
2026-03-20,10:50,rth,up,586.47,591.3,584.97,585.08,964247,11056,4.83,1.39,0.826,591.3,10,2013000,924,True,True,GHOST
2026-03-20,10:55,rth,up,585.07,593.0989,585.06,585.9,965655,8984,7.1989,0.83,1.229,593.0989,1,103855,4,True,True,GHOST
2026-03-20,11:20,rth,up,585.7,593.0989,584.9,585.97,2352139,12870,7.1289,0.27,1.217,593.0989,2,207710,5,True,True,GHOST
2026-03-20,12:10,rth,up,587.19,593.0989,587.1101,587.4801,533866,4455,5.6188,0.2901,0.956,593.0989,1,103855,4,True,True,GHOST
2026-03-20,12:30,rth,up,586.75,593.0989,585.52,586.065,1601381,8282,6.3489,0.685,1.083,593.0989,2,623129,4,True,True,GHOST
2026-03-20,14:10,rth,up,584.075,593.0989,583.605,583.845,464215,4209,9.0239,0.23,1.546,593.0989,1,103855,3,True,True,GHOST
2026-03-20,14:45,rth,up,581.55,593.0989,581.23,581.44,726019,5930,11.5489,0.11,1.986,593.0989,1,103865,4,True,True,GHOST
2026-03-20,14:50,rth,up,581.43,593.0989,581.19,581.4,643479,5799,11.6689,0.03,2.007,593.0989,1,103865,4,True,True,GHOST
2026-03-20,14:55,rth,up,581.38,593.0989,581.06,581.55,969863,6144,11.5489,0.17,1.986,593.0989,3,311595,4,True,True,GHOST
2026-03-20,15:05,rth,up,581.64,593.0989,581.055,581.37,767420,5138,11.4589,0.27,1.971,593.0989,2,207730,5,True,True,GHOST
2026-03-20,15:10,rth,up,581.35,593.0989,580.85,581.36,909201,6055,11.7389,0.01,2.019,593.0989,3,311595,4,True,True,GHOST
2026-03-20,15:20,rth,up,581.625,593.0989,580.47,580.53,1165592,12932,11.4739,1.095,1.976,593.0989,1,103865,3,True,True,GHOST
2026-03-20,15:30,rth,up,580.7,593.0989,579.92,580.0298,1486198,14219,12.3989,0.6702,2.138,593.0989,1,103875,4,True,True,GHOST
2026-03-20,15:35,rth,up,580.0368,593.0989,578.54,579.32,1678156,15807,13.0621,0.7168,2.255,593.0989,1,103875,4,True,True,GHOST
2026-03-20,15:45,rth,up,580.48,593.0989,579.32,579.89,1548388,13403,12.6189,0.59,2.176,593.0989,2,207750,4,True,True,GHOST
2026-03-20,15:50,rth,up,579.88,593.0989,579.69,580.9,2638622,23897,12.1989,1.02,2.1,593.0989,3,311595,4,True,True,GHOST
2026-03-20,15:55,rth,up,580.91,593.0989,580.78,582.11,4729747,31378,10.9889,1.2,1.888,593.0989,9,1163217,4,True,True,GHOST
2026-03-20,16:35,post,up,582.96,591.5542,582.06,583.43,237474,812,8.1242,0.47,1.392,591.5542,1,31494,14,True,False,PBAR
2026-03-20,17:30,post,down,586.0416,586.1392,582.06,585.68,220404,298,3.62,0.3616,0.618,582.06,1,125000,14,True,True,PBAR
2026-03-20,17:40,post,down,586.12,586.45,582.06,586.2005,170409,549,4.06,0.0805,0.693,582.06,3,79080,396,True,True,PBAR
2026-03-20,17:55,post,down,586.45,586.56,582.06,586.3,150214,377,4.24,0.15,0.723,582.06,1,37453,849,True,True,GHOST
2026-03-23,07:10,pre,down,595.41,597.0,592.0,596.04,420266,2526,3.41,0.63,0.572,592.0,16,5500,0,True,True,PBAR
2026-03-23,08:00,pre,down,593.58,597.0,573.25,589.06,971434,4974,15.81,4.52,2.684,573.25,20,496,16406249,True,False,GHOST
2026-03-23,08:05,pre,down,589.13,590.13,573.66,590.13,166411,1208,15.47,1.0,2.621,573.66,4,151,16883771,True,True,GHOST
2026-03-23,10:15,rth,down,593.09,594.04,581.2639,593.985,1319210,13709,11.8261,0.895,1.991,581.2639,1,103875,4,True,False,GHOST
2026-03-23,11:10,rth,down,594.77,595.08,581.2639,594.49,987138,7016,13.2261,0.28,2.225,581.2639,3,311625,4,True,True,GHOST
2026-03-23,11:15,rth,down,594.47,594.62,581.2639,593.86,782436,6772,12.5961,0.61,2.121,581.2639,2,207750,4,True,True,GHOST
2026-03-23,12:05,rth,up,588.08,594.794,587.87,589.09,1038262,9818,5.704,1.01,0.968,594.794,1,41500,4580731,True,True,GHOST
2026-03-23,13:50,rth,down,588.47,589.22,581.2639,589.19,531213,4663,7.2061,0.72,1.223,581.2639,1,103865,3,True,True,GHOST
2026-03-23,15:30,rth,down,589.975,590.26,581.2639,590.0001,508481,3959,8.7111,0.0251,1.476,581.2639,1,103865,4,True,True,GHOST
2026-03-24,08:00,pre,down,587.94,590.81,583.4,587.2489,266545,1776,3.8489,0.6911,0.655,583.4,12,814,23528741,True,False,GHOST
2026-03-24,13:20,rth,up,582.83,588.3238,582.73,583.12,489677,3756,5.2038,0.29,0.892,588.3238,1,103969,4,True,True,GHOST
2026-03-24,13:55,rth,up,583.51,588.3238,583.32,584.55,1292836,8330,3.7738,1.04,0.646,588.3238,1,103969,2,True,True,GHOST
2026-03-24,15:55,rth,up,583.59,588.3238,583.25,583.93,1491269,12707,4.3938,0.34,0.752,588.3238,1,103969,4,True,True,GHOST
2026-03-24,16:35,post,down,589.12,591.55,583.97,591.15,574349,2196,5.15,2.03,0.871,583.97,1,88307,10,True,True,GHOST
2026-03-24,16:40,post,down,591.2,591.2891,583.97,588.9988,414368,1385,5.0288,2.2012,0.854,583.97,2,176614,107090,True,True,GHOST
2026-03-24,16:45,post,down,588.97,589.4,583.8079,588.74,280204,939,4.9321,0.23,0.838,583.8079,1,90000,0,True,True,PBAR
2026-03-24,16:50,post,down,588.8,588.89,583.98,588.08,126413,418,4.1,0.72,0.697,583.98,1,9050,39,True,True,GHOST
2026-03-24,17:05,post,down,587.99,588.02,584.0,588.0,91607,419,3.99,0.01,0.679,584.0,2,19510,5,True,True,GHOST
2026-03-24,17:10,post,down,588.05,588.28,583.98,588.237,88976,203,4.07,0.187,0.692,583.98,3,8995,1326,True,True,GHOST
2026-03-24,17:20,post,down,588.48,588.68,583.98,588.59,124210,150,4.5,0.11,0.765,583.98,1,87360,1601,True,True,GHOST
2026-03-24,17:25,post,down,588.59,588.6,583.98,588.3001,52809,187,4.3201,0.2899,0.734,583.98,1,200,497,True,True,GHOST
2026-03-25,08:00,pre,down,590.68,591.5,584.417,590.8787,301036,1875,6.263,0.1987,1.06,584.417,150,45,25006598,True,False,not_pbar
2026-03-25,09:40,rth,down,590.34,591.2591,583.8079,589.5999,948227,8917,5.792,0.7401,0.982,583.8079,1,103959,5,True,False,GHOST
2026-03-25,12:35,rth,down,589.29,589.525,583.8079,589.35,528460,4366,5.4821,0.06,0.93,583.8079,1,103959,4,True,True,GHOST
2026-03-26,08:00,pre,up,583.25,588.1,580.81,581.26,382612,2153,4.85,1.99,0.834,588.1,6,423,28762262,True,False,GHOST
2026-03-26,08:05,pre,up,581.2,587.57,581.19,581.8915,69908,426,5.6785,0.6915,0.976,587.57,37,58,28839001,True,True,not_pbar
2026-03-26,09:40,rth,up,580.48,587.7072,580.46,582.5999,1321326,12178,5.1073,2.1199,0.877,587.7072,1,103938,5,True,False,GHOST
2026-03-26,10:10,rth,up,583.3,587.7072,582.89,583.95,1937722,15022,3.7572,0.65,0.643,587.7072,6,727567,5,True,True,GHOST
2026-03-26,10:15,rth,up,583.96,587.7072,583.27,583.41,848812,8762,3.7472,0.55,0.642,587.7072,1,103938,3,True,True,GHOST
2026-03-26,10:30,rth,up,582.96,587.7072,582.93,583.44,1103401,9238,4.2672,0.48,0.731,587.7072,2,207876,4,True,True,GHOST
2026-03-26,10:45,rth,up,581.84,587.7072,581.14,581.52,1570218,17231,5.8672,0.32,1.009,587.7072,1,103938,3,True,True,GHOST
2026-03-26,10:50,rth,up,581.54,587.7072,580.52,580.54,1621147,16571,6.1672,1.0,1.062,587.7072,1,103938,4,True,True,GHOST
2026-03-26,12:50,rth,up,578.44,587.7072,578.19,578.76,625101,5419,8.9472,0.32,1.546,587.7072,1,103928,4,True,True,GHOST
2026-03-26,14:05,rth,up,575.995,587.7072,575.62,576.1999,651243,5963,11.5073,0.2049,1.997,587.7072,1,103928,3,True,True,GHOST
2026-03-26,14:15,rth,up,575.92,587.7072,575.58,575.76,519776,4240,11.7872,0.16,2.047,587.7072,1,103928,4,True,True,GHOST
2026-03-26,14:55,rth,up,576.18,587.7072,575.46,576.07,731134,6165,11.5272,0.11,2.001,587.7072,1,103928,4,True,True,GHOST
2026-03-26,15:10,rth,up,574.96,587.7072,574.66,574.9997,960965,8260,12.7075,0.0397,2.21,587.7072,1,103928,3,True,True,GHOST
2026-03-26,15:15,rth,up,575.0,587.7072,574.87,575.4,1045180,8632,12.3072,0.4,2.139,587.7072,2,207856,5,True,True,GHOST
2026-03-26,15:40,rth,up,574.6715,587.7072,574.25,574.385,1609629,9163,13.0357,0.2865,2.27,587.7072,5,623568,4,True,True,GHOST
2026-03-26,15:45,rth,up,574.38,587.7072,574.07,574.47,1279479,10154,13.2372,0.09,2.304,587.7072,2,207856,4,True,True,GHOST
2026-03-26,16:10,post,up,573.92,579.8,573.8,576.5,1060110,3886,3.3,2.58,0.572,579.8,2,104002,252,True,False,PBAR
2026-03-27,08:00,pre,up,570.44,578.4,569.85,570.53,389473,2635,7.87,0.09,1.379,578.4,75,6063,24530090,True,False,not_pbar
2026-03-27,08:20,pre,up,570.5,577.62,570.17,570.61,47612,336,7.01,0.11,1.229,577.62,1,6000,893,True,True,PBAR
2026-03-27,14:15,rth,up,563.37,573.7084,563.16,563.92,867577,7965,9.7884,0.55,1.736,573.7084,1,103897,4,True,False,GHOST
2026-03-27,15:05,rth,up,562.8,573.7084,562.56,562.73,767975,7535,10.9084,0.07,1.938,573.7084,1,103887,4,True,True,GHOST
2026-03-27,15:45,rth,up,562.59,573.7084,561.8088,562.325,1420403,12483,11.1184,0.265,1.977,573.7084,1,103876,4,True,True,GHOST
2026-03-27,15:55,rth,up,562.5,566.58,562.13,562.5,2849046,27303,4.08,0.0,0.725,566.58,1,100,2,True,True,GHOST
2026-03-30,08:05,pre,down,565.96,566.43,562.71,566.0168,29070,291,3.25,0.0568,0.574,562.71,5,44,27882306,True,True,GHOST
2026-03-30,08:20,pre,down,566.64,567.25,562.2,567.12,65153,452,4.44,0.48,0.783,562.2,1,5264,921,True,False,PBAR
2026-03-30,10:05,rth,up,563.09,566.7737,562.27,563.4207,775039,7116,3.353,0.3307,0.595,566.7737,1,9500,26,True,True,GHOST
2026-03-30,14:40,rth,up,558.845,562.66,558.72,558.77,505594,4074,3.815,0.075,0.683,562.66,1,103897,3,True,True,GHOST
2026-03-30,14:55,rth,up,558.145,562.66,557.77,557.91,615394,4490,4.515,0.235,0.809,562.66,1,103887,4,True,True,GHOST
2026-03-30,15:05,rth,up,557.85,562.66,556.8,556.815,1064699,9710,4.81,1.035,0.864,562.66,1,103897,4,True,True,GHOST
2026-03-30,15:10,rth,up,556.815,562.66,555.91,556.105,1165063,10766,5.845,0.71,1.051,562.66,1,103897,2,True,True,GHOST
2026-03-30,15:20,rth,up,556.27,567.96,555.98,556.12,451896,5103,11.69,0.15,2.102,567.96,1,7500,854156,True,True,GHOST
2026-03-30,16:55,post,up,557.489,567.432,557.4383,558.28,60645,195,9.152,0.791,1.639,567.432,11,131,26698382,True,False,GHOST
2026-03-31,07:55,pre,down,563.51,563.88,558.28,563.79,32731,232,5.23,0.28,0.928,558.28,4,73,349,True,False,GHOST
2026-03-31,08:00,pre,down,563.515,564.48,557.862,564.44,90450,591,5.653,0.925,1.002,557.862,1,604,938,True,False,PBAR
2026-03-31,12:10,rth,down,567.72,567.73,558.3111,567.51,607196,5381,9.1989,0.21,1.621,558.3111,1,103876,3,True,False,GHOST
2026-03-31,12:35,rth,down,568.23,571.25,558.3111,571.2,1608696,14864,9.9189,2.97,1.737,558.3111,1,103876,5,True,True,GHOST
2026-03-31,12:40,rth,down,571.19,575.71,568.0,573.83,3850824,38752,3.19,2.64,0.556,568.0,1,3800,44,True,True,GHOST
2026-03-31,13:15,rth,down,575.08,576.21,558.3111,575.985,1302691,10322,16.7689,0.905,2.911,558.3111,2,207732,5,True,True,GHOST
2026-03-31,14:05,rth,down,574.2299,575.12,558.3111,574.87,612097,5210,15.9188,0.6401,2.769,558.3111,1,103866,4,True,True,GHOST
2026-03-31,14:15,rth,down,574.82,575.35,558.3111,574.995,804989,7218,16.5089,0.175,2.871,558.3111,1,103866,3,True,True,GHOST
2026-03-31,15:05,rth,down,576.08,576.1,558.3111,575.54,838734,6708,17.2289,0.54,2.994,558.3111,1,103866,4,True,True,GHOST
2026-03-31,15:15,rth,down,576.38,576.975,558.3111,576.49,1307373,9015,18.0689,0.11,3.134,558.3111,1,103856,4,True,True,GHOST
2026-03-31,15:20,rth,down,576.49,577.08,558.3111,576.8,1057600,9382,18.1789,0.31,3.152,558.3111,1,103856,4,True,True,GHOST
2026-03-31,15:35,rth,down,576.54,577.25,558.3111,577.125,1756639,8870,18.2289,0.585,3.159,558.3111,5,519280,4,True,True,GHOST
2026-03-31,15:40,rth,down,577.13,577.35,558.3111,577.06,1441511,10829,18.7489,0.07,3.249,558.3111,3,311578,4,True,True,GHOST
2026-03-31,15:45,rth,down,577.04,579.75,558.3111,577.81,1625334,11981,18.7289,0.77,3.241,558.3111,3,311598,4,True,True,GHOST
2026-03-31,15:50,rth,down,577.81,578.64,558.3111,577.14,2211266,21453,18.8289,0.67,3.262,558.3111,1,103856,3,True,True,GHOST
2026-03-31,15:55,rth,down,577.15,578.25,558.3111,577.14,3618942,33931,18.8289,0.01,3.262,558.3111,1,103845,218,True,True,GHOST
2026-04-01,08:00,pre,down,583.95,584.235,579.51,583.64,75492,524,4.13,0.31,0.708,579.51,3,95,9447424,True,True,GHOST
2026-04-01,08:05,pre,down,583.7601,584.06,576.748,583.62,40707,285,6.872,0.1401,1.177,576.748,17,161,541,True,False,GHOST
2026-04-01,08:10,pre,down,583.63,583.7,577.18,583.4399,36958,234,6.2599,0.1901,1.073,577.18,4,278,1004,True,True,GHOST
2026-04-01,10:05,rth,down,582.9,583.5898,577.477,583.17,1172029,10403,5.423,0.27,0.93,577.477,1,103846,4,True,False,GHOST
2026-04-01,10:20,rth,down,583.61,584.36,577.477,583.58,1149942,10150,6.103,0.03,1.046,577.477,1,103856,4,True,True,GHOST
2026-04-01,10:35,rth,down,583.15,585.13,577.477,584.435,1377236,12710,5.673,1.285,0.971,577.477,1,103846,4,True,True,GHOST
2026-04-01,10:50,rth,down,584.94,585.57,577.477,585.2501,1387624,12036,7.463,0.3101,1.275,577.477,1,103856,4,True,True,GHOST
2026-04-01,11:05,rth,down,585.56,586.22,577.477,586.105,868188,8099,8.083,0.545,1.379,577.477,1,103856,4,True,True,GHOST
2026-04-01,11:25,rth,down,585.78,586.02,577.477,585.31,756012,6667,7.833,0.47,1.338,577.477,1,103856,3,True,True,GHOST
2026-04-01,11:30,rth,down,585.32,585.91,577.477,585.57,705510,5802,7.843,0.25,1.339,577.477,1,103856,4,True,True,GHOST
2026-04-01,11:55,rth,down,586.565,587.18,577.477,586.875,894884,7656,9.088,0.31,1.549,577.477,1,103856,4,True,True,GHOST
2026-04-01,12:05,rth,down,586.91,587.19,577.477,587.14,650500,5579,9.433,0.23,1.607,577.477,1,103846,4,True,True,GHOST
2026-04-01,12:10,rth,down,587.15,588.44,577.477,586.605,763862,6871,9.128,0.545,1.556,577.477,1,103846,4,True,True,GHOST
2026-04-01,12:25,rth,down,586.84,587.15,577.477,586.665,526113,3589,9.188,0.175,1.566,577.477,1,103846,2,True,True,GHOST
2026-04-01,14:20,rth,down,583.82,584.06,577.477,582.97,1597897,13668,5.493,0.85,0.942,577.477,1,103846,5,True,True,GHOST
2026-04-01,14:30,rth,down,583.03,583.25,577.477,582.79,1194076,10474,5.313,0.24,0.912,577.477,1,103846,2,True,True,GHOST
2026-04-01,14:35,rth,down,582.795,583.4954,577.477,583.24,1302013,11494,5.318,0.445,0.912,577.477,1,103846,4,True,True,GHOST
2026-04-01,15:15,rth,down,584.03,584.52,577.477,584.47,818352,6024,6.553,0.44,1.121,577.477,1,103835,5,True,True,GHOST
2026-04-01,15:20,rth,down,584.465,584.69,577.477,584.635,937530,5898,6.988,0.17,1.195,577.477,3,311505,4,True,True,GHOST
2026-04-01,15:35,rth,down,584.71,585.04,577.477,584.91,1040179,8487,7.233,0.2,1.237,577.477,1,103835,4,True,True,GHOST
2026-04-01,15:45,rth,down,584.92,585.25,577.477,585.045,986030,7416,7.443,0.125,1.272,577.477,1,103835,4,True,True,GHOST
2026-04-01,15:50,rth,down,585.07,585.425,577.477,584.37,1714141,14516,6.893,0.7,1.18,577.477,2,207670,4,True,True,GHOST
2026-04-01,15:55,rth,down,584.38,585.0,577.477,584.26,3747282,23869,6.783,0.12,1.161,577.477,7,726845,31,True,True,GHOST
2026-04-02,08:00,pre,up,572.07,576.62,571.79,572.2008,87494,497,4.4192,0.1308,0.772,576.62,1,92,14334896,True,True,GHOST
2026-04-02,08:05,pre,up,572.22,584.31,571.86,572.01,38649,319,12.09,0.21,2.114,584.31,9,71,1716,True,False,GHOST
2026-04-02,10:00,rth,up,577.2,584.3327,576.385,576.7,1436231,10928,7.1327,0.5,1.237,584.3327,2,207588,5,True,False,GHOST
2026-04-02,10:15,rth,up,578.04,582.0,577.95,579.09,1003836,7436,2.91,1.05,0.503,582.0,10,698,0,True,True,PBAR
2026-04-02,10:20,rth,up,579.07,584.3327,578.81,579.137,852703,5946,5.1957,0.067,0.897,584.3327,1,103794,3,True,True,GHOST
2026-04-02,10:30,rth,up,578.23,584.3327,577.97,580.0684,815579,6054,4.2643,1.8384,0.735,584.3327,1,103794,4,True,True,GHOST
2026-04-02,12:20,rth,up,581.39,584.3327,580.97,581.39,493514,2958,2.9427,0.0,0.506,584.3327,1,103794,5,True,True,GHOST
2026-04-06,09:50,rth,down,588.52,589.6,584.9452,588.9,785753,8594,3.5748,0.38,0.607,584.9452,1,103815,4,True,False,GHOST
2026-04-06,10:30,rth,down,588.51,589.13,584.9452,588.53,552279,3002,3.5648,0.02,0.606,584.9452,1,207650,5,True,True,GHOST
2026-04-06,15:50,rth,down,588.55,588.83,584.9452,588.0,665710,3431,3.0548,0.55,0.52,584.9452,1,103815,4,True,True,GHOST
2026-04-07,14:10,rth,up,584.85,588.508,584.58,584.86,305349,1483,3.648,0.01,0.624,588.508,1,112074,7,True,False,GHOST
2026-04-07,14:40,rth,up,584.33,588.508,583.51,583.815,456190,3063,4.178,0.515,0.716,588.508,1,103772,4,True,True,GHOST
2026-04-07,15:10,rth,up,582.29,588.508,582.26,583.0099,890332,3375,5.4981,0.7199,0.943,588.508,1,103772,4,True,True,GHOST
2026-04-07,18:30,post,down,594.27,597.84,588.7,595.71,316652,1521,5.57,1.44,0.935,588.7,17,808,0,True,True,PBAR
2026-04-07,19:40,post,down,604.53,604.71,599.8147,604.24,254242,344,4.4253,0.29,0.732,599.8147,1,195900,364,True,True,PBAR
2026-04-08,09:50,rth,down,607.53,607.53,588.7541,605.77,1395254,10974,17.0159,1.76,2.809,588.7541,1,103752,4,True,False,GHOST
2026-04-08,09:55,rth,down,605.73,607.15,588.7541,605.78,1584640,9703,16.9759,0.05,2.802,588.7541,2,207504,5,True,True,GHOST
2026-04-08,10:10,rth,down,605.69,606.4014,588.7541,605.6752,1098380,7034,16.9211,0.0148,2.794,588.7541,1,103752,4,True,True,GHOST
2026-04-08,10:40,rth,down,604.92,605.3,590.25,604.6,509069,4386,14.35,0.32,2.373,590.25,1,3200,27,True,True,GHOST
2026-04-08,11:25,rth,down,604.56,604.6,588.7541,604.17,458327,2687,15.4159,0.39,2.552,588.7541,1,103742,4,True,True,GHOST
2026-04-08,11:30,rth,down,604.21,604.81,588.7541,604.779,479544,2857,15.4559,0.569,2.556,588.7541,1,103742,4,True,True,GHOST
2026-04-08,11:45,rth,down,605.28,605.86,588.7541,605.8,570376,3957,16.5259,0.52,2.728,588.7541,1,103742,3,True,True,GHOST
2026-04-08,12:25,rth,down,606.01,606.28,588.7541,606.2,528928,1794,17.2559,0.19,2.847,588.7541,2,207464,4,True,True,GHOST
2026-04-08,12:45,rth,down,607.09,607.42,588.7541,607.2901,433026,2183,18.3359,0.2001,3.019,588.7541,2,207464,4,True,True,GHOST
2026-04-08,13:00,rth,down,607.35,607.695,588.7541,607.28,327456,2398,18.5259,0.07,3.051,588.7541,1,103732,4,True,True,GHOST
2026-04-08,13:25,rth,down,606.18,606.35,588.7541,605.895,623321,3294,17.1409,0.285,2.829,588.7541,2,207464,4,True,True,GHOST
2026-04-08,13:45,rth,down,606.16,606.34,588.7541,606.05,279046,1414,17.2959,0.11,2.854,588.7541,1,103742,4,True,True,GHOST
2026-04-08,13:55,rth,down,606.02,606.22,588.7541,606.2039,526017,1987,17.2659,0.1839,2.848,588.7541,3,311226,5,True,True,GHOST
2026-04-08,14:00,rth,down,606.2,606.805,588.7541,606.805,594276,3031,17.4459,0.605,2.875,588.7541,2,207464,4,True,True,GHOST
2026-04-08,14:05,rth,down,606.79,607.1,588.7541,607.06,470860,2965,18.0359,0.27,2.971,588.7541,1,103732,4,True,True,GHOST
2026-04-08,14:10,rth,down,607.07,607.1,588.7541,606.85,489595,2249,18.0959,0.22,2.982,588.7541,1,103732,5,True,True,GHOST
2026-04-08,15:00,rth,down,602.77,603.44,588.7541,603.08,811875,4676,14.0159,0.31,2.324,588.7541,2,207464,3,True,True,GHOST
2026-04-08,15:10,rth,down,603.42,604.215,588.7541,604.13,741452,3776,14.6659,0.71,2.428,588.7541,2,207464,3,True,True,GHOST
2026-04-08,15:20,rth,down,603.45,603.45,588.7541,603.21,633570,2558,14.4559,0.24,2.396,588.7541,3,311196,4,True,True,GHOST
2026-04-08,15:25,rth,down,603.225,603.58,588.7541,602.93,539816,2647,14.1759,0.295,2.351,588.7541,1,103732,4,True,True,GHOST
2026-04-08,15:30,rth,down,602.9,603.83,588.7541,603.8,598442,2863,14.1459,0.9,2.343,588.7541,1,103732,4,True,True,GHOST
2026-04-08,15:35,rth,down,603.81,604.35,588.7541,604.09,914765,4286,15.0559,0.28,2.492,588.7541,2,207464,5,True,True,GHOST
2026-04-08,15:40,rth,down,604.07,604.32,588.7541,604.28,425366,2525,15.3159,0.21,2.535,588.7541,1,103732,5,True,True,GHOST
2026-04-08,15:45,rth,down,604.25,604.85,588.7541,604.78,888352,7428,15.4959,0.53,2.562,588.7541,1,103732,4,True,True,GHOST
2026-04-08,15:55,rth,down,604.91,606.15,588.7541,605.89,2011724,14356,16.1559,0.98,2.666,588.7541,2,207464,4,True,True,GHOST
2026-04-09,13:20,rth,down,609.88,609.95,605.9,609.6099,211242,1636,3.7099,0.2701,0.609,605.9,1,15000,30,True,True,GHOST
2026-04-09,13:30,rth,down,609.37,609.75,605.8093,609.125,599153,2128,3.3157,0.245,0.544,605.8093,1,207438,4,True,True,GHOST
2026-04-09,15:10,rth,down,609.3201,609.57,605.8093,609.34,430686,2224,3.5108,0.0199,0.576,605.8093,1,103719,4,True,True,GHOST
2026-04-09,15:20,rth,down,609.09,609.28,605.8093,609.23,349593,1713,3.2807,0.14,0.538,605.8093,1,103719,4,True,True,GHOST
2026-04-09,15:45,rth,down,609.98,610.25,605.8093,610.0,823928,4711,4.1707,0.02,0.684,605.8093,2,207438,4,True,True,GHOST
2026-04-13,07:45,pre,down,607.25,607.3695,602.68,606.92,208214,102,4.24,0.33,0.699,602.68,1,199111,27,True,False,PBAR
2026-04-13,08:00,pre,up,606.935,610.612,606.05,606.3548,49698,369,3.677,0.5802,0.606,610.612,1,606,1474,True,False,PBAR
2026-04-13,08:15,pre,up,607.06,611.07,606.97,607.1,14293,108,3.97,0.04,0.654,611.07,4,143,1084,True,False,GHOST
2026-04-13,13:20,rth,down,614.61,614.61,610.986,614.37,479658,1227,3.384,0.24,0.551,610.986,3,311040,5,True,True,GHOST
2026-04-13,14:40,rth,down,614.35,614.49,610.986,614.46,220856,1118,3.364,0.11,0.547,610.986,1,103680,4,True,True,GHOST
2026-04-13,15:50,rth,down,615.66,617.1,610.986,616.9,1018018,6996,4.674,1.24,0.758,610.986,2,207340,4,True,True,GHOST
2026-04-13,15:55,rth,up,616.91,626.74,616.91,617.32,2098424,14566,9.42,0.41,1.526,626.74,1,120,0,True,False,PBAR
2026-04-14,08:00,pre,down,620.5,620.905,616.927,620.79,41181,317,3.573,0.29,0.576,616.927,1,117,762,True,False,PBAR
2026-04-14,11:25,rth,down,624.226,624.77,617.4863,624.47,760149,4265,6.7397,0.244,1.079,617.4863,1,103660,4,True,False,GHOST
2026-04-14,11:50,rth,down,625.585,626.02,617.4863,625.94,602465,4361,8.0987,0.355,1.294,617.4863,1,103670,5,True,True,GHOST
2026-04-14,12:00,rth,down,625.43,625.93,617.4863,625.895,451652,2522,7.9437,0.465,1.269,617.4863,1,103670,5,True,True,GHOST
2026-04-14,12:05,rth,down,625.9,625.93,617.4863,625.79,366066,2170,8.3037,0.11,1.327,617.4863,1,103670,4,True,True,GHOST
2026-04-14,13:05,rth,down,626.43,626.695,623.0,626.35,448710,2694,3.35,0.08,0.535,623.0,1,2450,6510714,True,True,GHOST
2026-04-14,13:10,rth,down,626.35,626.64,617.4863,626.63,349698,2204,8.8637,0.28,1.415,617.4863,1,103670,3,True,True,GHOST
2026-04-14,13:20,rth,down,627.225,627.47,617.4863,627.37,522177,2962,9.7387,0.145,1.552,617.4863,1,103670,2,True,True,GHOST
2026-04-14,14:50,rth,down,626.175,626.45,617.4863,626.32,442737,2000,8.6887,0.145,1.387,617.4863,2,207340,2,True,True,GHOST
2026-04-14,15:10,rth,down,627.24,627.7,617.4863,627.43,464821,2975,9.7537,0.19,1.555,617.4863,1,103670,3,True,True,GHOST
2026-04-14,15:15,rth,down,627.44,627.81,617.4863,627.715,447458,3202,9.9537,0.275,1.586,617.4863,1,103670,3,True,True,GHOST
2026-04-14,15:20,rth,down,627.71,628.08,617.4863,628.03,491374,3148,10.2237,0.32,1.628,617.4863,1,103670,4,True,True,GHOST
2026-04-14,15:40,rth,down,628.08,628.13,617.4863,627.76,400055,2468,10.2737,0.32,1.637,617.4863,1,103670,3,True,True,GHOST
2026-04-15,11:40,rth,down,632.87,633.6,628.6312,633.44,648191,3459,4.2388,0.57,0.669,628.6312,1,103650,4,True,True,GHOST
2026-04-15,11:45,rth,down,633.42,633.74,628.6312,633.56,414882,2590,4.7888,0.14,0.756,628.6312,1,103650,5,True,True,GHOST
2026-04-15,13:05,rth,down,632.4,632.87,628.6312,632.68,692076,2891,3.7688,0.28,0.596,628.6312,1,103660,4,True,True,GHOST
2026-04-15,13:50,rth,down,633.165,633.64,628.6312,633.44,655910,2376,4.5338,0.275,0.716,628.6312,1,103660,3,True,True,GHOST
2026-04-15,14:55,rth,down,635.67,636.08,628.6312,635.81,540456,2885,7.0388,0.14,1.107,628.6312,1,103660,5,True,True,GHOST
2026-04-15,15:20,rth,down,636.1,636.36,628.6312,636.25,302810,1579,7.4688,0.15,1.174,628.6312,1,103660,4,True,True,GHOST
2026-04-15,15:35,rth,down,636.93,637.16,628.6312,636.73,718802,4126,8.0988,0.2,1.272,628.6312,1,103660,4,True,True,GHOST
2026-04-15,15:45,rth,down,636.64,636.95,628.6312,636.68,807322,4087,8.0088,0.04,1.258,628.6312,2,207310,4,True,True,GHOST
2026-04-15,16:00,post,down,637.365,637.51,633.0,636.82,2758190,1308,3.82,0.545,0.6,633.0,1,48,58,True,False,PBAR
2026-04-16,11:55,rth,down,640.73,641.5993,637.4479,641.53,382462,2426,3.2821,0.8,0.512,637.4479,1,103639,4,True,True,GHOST
2026-04-16,13:10,rth,down,639.93,640.1399,635.93,639.3147,160900,1294,3.3847,0.6153,0.529,635.93,1,1600,11322258,True,True,GHOST
2026-04-17,11:00,rth,down,648.78,649.37,640.5692,648.81,659100,3956,8.2108,0.03,1.266,640.5692,1,103619,5,True,False,GHOST
2026-04-17,11:40,rth,down,649.63,649.67,640.5692,648.44,502356,3553,7.8708,1.19,1.214,640.5692,1,103619,2,True,True,GHOST
2026-04-17,11:55,rth,down,648.8198,648.98,640.5692,648.15,442568,2104,7.5808,0.6698,1.17,640.5692,2,207238,4,True,True,GHOST
2026-04-17,15:20,rth,down,647.62,647.8,640.5692,647.72,369664,2315,7.0508,0.1,1.089,640.5692,1,103629,5,True,True,GHOST
2026-04-17,15:55,rth,down,648.45,648.85,640.5692,648.73,1944517,14218,7.8808,0.28,1.215,640.5692,1,103619,4,True,True,GHOST
2026-04-20,08:00,pre,up,645.97,649.336,645.75,645.99,18289,159,3.346,0.02,0.518,649.336,1,377,1592,True,False,PBAR
2026-04-20,10:55,rth,up,645.02,648.8153,643.95,644.15,690759,5195,3.7953,0.87,0.589,648.8153,1,103609,3,True,True,GHOST
2026-04-20,11:05,rth,up,643.36,648.8153,642.52,643.3099,1061069,6976,5.4553,0.0501,0.848,648.8153,1,103609,4,True,True,GHOST
2026-04-20,11:40,rth,up,644.87,648.8153,644.44,644.61,467123,1980,3.9453,0.26,0.612,648.8153,1,248661,9,True,True,GHOST
2026-04-20,12:15,rth,up,645.09,648.8153,644.51,645.1885,358422,1455,3.6268,0.0985,0.562,648.8153,2,207218,4,True,True,GHOST
2026-04-20,13:05,rth,up,645.04,648.8153,644.9247,645.4101,403929,1114,3.4052,0.3701,0.528,648.8153,2,207218,4,True,True,GHOST
2026-04-21,13:25,rth,up,644.0,648.0778,643.85,644.1796,676268,2092,3.8982,0.1796,0.605,648.0778,1,45000,7373622,True,True,GHOST
2026-04-21,15:45,rth,up,642.74,647.73,642.65,643.58,776492,5894,4.15,0.84,0.645,647.73,1,77,790749,True,True,GHOST
2026-04-21,15:50,rth,up,643.59,646.8151,643.13,643.28,637609,4668,3.2251,0.31,0.501,646.8151,1,103591,4,True,True,GHOST
2026-04-22,08:20,pre,down,650.35,650.38,644.33,650.27,23458,205,5.94,0.08,0.913,644.33,4,103,397,True,False,GHOST
2026-04-22,09:55,rth,down,649.73,649.9,644.1148,649.7501,508805,2901,5.6152,0.0201,0.864,644.1148,2,207162,3,True,False,GHOST
2026-04-22,10:15,rth,down,651.14,651.72,644.1148,651.7096,677378,4951,7.0252,0.5696,1.078,644.1148,1,103591,4,True,True,GHOST
2026-04-22,10:30,rth,down,652.75,652.91,644.1148,652.16,897685,5591,8.0452,0.59,1.234,644.1148,2,207182,4,True,True,GHOST
2026-04-22,10:55,rth,down,652.22,652.44,644.1148,652.35,292053,1732,8.1052,0.13,1.242,644.1148,1,103591,4,True,True,GHOST
2026-04-22,12:15,rth,down,652.99,653.1049,644.1148,652.42,265683,1317,8.3052,0.57,1.273,644.1148,1,103581,5,True,True,GHOST
2026-04-22,12:40,rth,down,652.64,652.83,644.1148,652.27,413657,1833,8.1552,0.37,1.25,644.1148,2,207162,4,True,True,GHOST
2026-04-22,13:20,rth,down,653.4099,654.25,644.1148,653.96,445675,2693,9.2951,0.5501,1.421,644.1148,1,103581,2,True,True,GHOST
2026-04-22,13:35,rth,down,653.855,654.005,644.1148,653.7799,249905,988,9.6651,0.0751,1.478,644.1148,1,103581,2,True,True,GHOST
2026-04-22,13:40,rth,down,653.7873,654.12,644.1148,654.0499,216785,1067,9.6725,0.2626,1.479,644.1148,1,103581,3,True,True,GHOST
2026-04-22,15:40,rth,down,654.27,654.435,644.1148,654.415,441315,2578,10.1552,0.145,1.552,644.1148,1,103581,3,True,True,GHOST
2026-04-22,15:55,rth,down,655.15,655.29,644.1148,655.08,3446160,15791,10.9652,0.07,1.674,644.1148,9,932139,5,True,True,GHOST
2026-04-23,13:55,rth,up,649.185,655.2476,648.93,650.28,946927,6177,4.9676,1.095,0.764,655.2476,1,103560,5,True,True,GHOST
2026-04-23,15:30,rth,up,651.11,655.2476,650.5,650.5498,387784,1988,4.1376,0.5602,0.636,655.2476,1,103560,5,True,True,GHOST
2026-04-24,08:00,pre,down,660.07,660.41,651.908,660.02,65096,552,8.112,0.05,1.229,651.908,1,594,1377,True,False,PBAR
2026-04-24,08:15,pre,down,660.67,660.96,651.42,660.6,76461,484,9.18,0.07,1.39,651.42,3,488,525,True,False,GHOST
2026-04-24,10:50,rth,down,659.69,660.14,651.4826,659.76,496074,3560,8.2074,0.07,1.244,651.4826,1,103531,5,True,False,GHOST
2026-04-24,10:55,rth,down,659.755,660.55,651.4826,660.385,957045,3888,8.2724,0.63,1.253,651.4826,1,103531,4,True,True,GHOST
2026-04-24,11:00,rth,down,660.4,660.739,651.4826,660.53,640146,3465,8.9174,0.13,1.35,651.4826,1,207061,3,True,True,GHOST
2026-04-24,11:15,rth,down,661.03,661.14,651.4826,660.69,460919,3268,9.2074,0.34,1.394,651.4826,1,103531,4,True,True,GHOST
2026-04-24,11:20,rth,down,660.7,661.37,651.4826,661.24,524000,3755,9.2174,0.54,1.394,651.4826,1,103531,4,True,True,GHOST
2026-04-24,11:45,rth,down,662.71,663.435,651.4826,662.4006,1014431,9028,10.918,0.3094,1.648,651.4826,1,103531,78,True,True,GHOST
2026-04-24,12:40,rth,down,663.39,663.4,658.7136,662.84,249631,1916,4.1264,0.55,0.623,658.7136,1,770,8066671,True,True,GHOST
2026-04-24,12:55,rth,down,663.02,663.5,632.7093,663.26,209182,1800,30.3107,0.24,4.57,632.7093,1,4300,768196,True,False,GHOST
2026-04-24,13:15,rth,down,663.23,663.34,651.4826,662.91,226890,1015,11.4274,0.32,1.724,651.4826,1,103531,4,True,True,GHOST
2026-04-24,13:45,rth,down,663.38,663.5799,651.4826,663.39,221541,955,11.8974,0.01,1.793,651.4826,1,103531,2,True,True,GHOST
2026-04-24,13:55,rth,down,663.85,664.04,651.4826,663.81,276674,1487,12.3274,0.04,1.857,651.4826,1,103531,3,True,True,GHOST
2026-04-24,14:15,rth,down,663.4,663.46,651.4826,663.0,293621,1471,11.5174,0.4,1.737,651.4826,1,103531,3,True,True,GHOST
2026-04-24,14:20,rth,down,662.99,663.03,651.4826,662.94,392104,1602,11.4574,0.05,1.728,651.4826,2,207062,4,True,True,GHOST
2026-04-24,14:45,rth,down,663.23,663.5,651.4826,663.08,626525,1223,11.5974,0.15,1.749,651.4826,1,103531,2,True,True,GHOST
2026-04-24,14:50,rth,down,663.05,663.36,651.4826,663.175,450092,1363,11.5674,0.125,1.744,651.4826,2,207062,3,True,True,GHOST
2026-04-24,15:00,rth,down,663.27,663.71,651.4826,663.44,478811,3269,11.7874,0.17,1.777,651.4826,1,103531,2,True,True,GHOST
2026-04-24,15:10,rth,down,663.85,664.17,651.4826,664.09,714541,2412,12.3674,0.24,1.862,651.4826,1,103531,4,True,True,GHOST
2026-04-24,15:15,rth,down,664.09,664.38,651.4826,664.305,662668,3369,12.6074,0.215,1.898,651.4826,1,103531,4,True,True,GHOST
2026-04-24,15:20,rth,down,664.3,664.33,651.4826,663.8799,476316,2649,12.3973,0.4201,1.867,651.4826,1,103531,3,True,True,GHOST
2026-04-24,15:30,rth,down,663.63,663.73,651.4826,663.61,677469,3104,12.1274,0.02,1.827,651.4826,2,207051,4,True,True,GHOST
2026-04-24,15:50,rth,down,663.63,664.13,651.4826,664.1,1260192,5884,12.1474,0.47,1.829,651.4826,3,310560,4,True,True,GHOST
2026-04-24,15:55,rth,down,664.12,664.24,651.4826,663.93,3397503,17211,12.4474,0.19,1.875,651.4826,3,310560,4,True,True,GHOST
2026-04-28,10:55,rth,up,654.22,664.2091,653.86,655.775,635543,5139,8.4341,1.555,1.286,664.2091,1,103499,5,True,False,GHOST
2026-04-28,11:45,rth,up,654.445,664.2091,653.81,654.08,500228,1569,9.7641,0.365,1.493,664.2091,1,103499,5,True,True,GHOST
2026-04-28,11:50,rth,up,654.14,664.2091,654.0,654.495,403464,1217,9.7141,0.355,1.484,664.2091,1,103499,3,True,True,GHOST
2026-04-28,12:25,rth,up,655.485,664.2091,655.14,655.255,218800,1014,8.7241,0.23,1.331,664.2091,1,103499,4,True,True,GHOST
2026-04-28,15:05,rth,up,658.49,664.2091,658.0,658.7,556390,2103,5.5091,0.21,0.836,664.2091,2,206998,4,True,True,GHOST
2026-04-28,15:10,rth,up,658.71,664.2091,656.38,658.53,342425,1719,5.4991,0.18,0.835,664.2091,1,103499,4,True,True,GHOST
2026-04-28,15:20,rth,up,658.0,664.2091,657.71,657.97,289039,1587,6.2091,0.03,0.944,664.2091,1,103499,4,True,True,GHOST
2026-04-28,15:45,rth,up,657.85,664.2091,657.61,657.8,283324,1879,6.3591,0.05,0.967,664.2091,1,103499,4,True,True,GHOST
2026-04-28,15:50,rth,up,657.81,664.2091,657.27,657.57,669613,4450,6.3991,0.24,0.973,664.2091,1,103499,4,True,True,GHOST
2026-04-28,15:55,rth,up,657.56,664.2091,657.29,657.57,1850324,11217,6.6391,0.01,1.01,664.2091,2,207018,4,True,True,GHOST
2026-04-29,17:00,post,up,657.2,661.57,657.1,657.9,24370,174,3.67,0.7,0.558,661.57,1,87,57,True,True,GHOST
2026-04-29,17:05,post,up,657.8304,661.57,657.26,658.0,72311,175,3.57,0.1696,0.543,661.57,1,43064,1136,True,True,GHOST
2026-04-30,04:00,pre,down,664.0,664.0,658.17,662.67,176305,1181,4.5,1.33,0.679,658.17,23,248,6571277,True,False,not_pbar
2026-04-30,13:30,rth,down,664.76,665.73,661.3155,665.2601,617068,4883,3.4445,0.5001,0.518,661.3155,1,103489,4,True,True,GHOST
2026-04-30,14:55,rth,down,667.32,667.4667,661.3155,666.8901,697291,2978,5.5746,0.4299,0.836,661.3155,2,206978,5,True,True,GHOST
2026-04-30,15:10,rth,down,667.575,668.1,661.3155,668.02,450417,2248,6.2595,0.445,0.937,661.3155,1,206977,4,True,True,GHOST
2026-04-30,15:15,rth,down,668.02,668.17,661.3155,667.99,330363,2126,6.6745,0.03,0.999,661.3155,1,103489,3,True,True,GHOST
2026-04-30,15:55,rth,down,668.06,668.62,661.3155,667.6,2125448,16989,6.2845,0.46,0.941,661.3155,2,206978,5,True,True,GHOST
2026-05-01,10:15,rth,down,675.31,675.41,667.7827,675.04,737525,3829,7.2573,0.27,1.075,667.7827,3,310352,5,True,False,GHOST
2026-05-01,11:20,rth,down,674.41,674.86,667.7827,674.66,478755,2969,6.6273,0.25,0.982,667.7827,1,103447,4,True,True,GHOST
2026-05-01,11:30,rth,down,674.71,675.02,667.7827,674.74,437998,3011,6.9273,0.03,1.027,667.7827,1,103447,4,True,True,GHOST
2026-05-01,11:35,rth,down,674.74,675.69,667.7827,675.315,481011,3323,6.9573,0.575,1.03,667.7827,1,103447,4,True,True,GHOST
2026-05-01,15:35,rth,down,675.26,675.31,667.7827,675.1,370186,2643,7.3173,0.16,1.084,667.7827,1,103447,4,True,True,GHOST
2026-05-01,15:45,rth,down,675.02,675.05,667.7827,674.89,427464,2585,7.1073,0.13,1.053,667.7827,1,103447,4,True,True,GHOST
2026-05-05,10:20,rth,down,679.52,681.0,672.6964,680.86,585857,3550,6.8236,1.34,1.002,672.6964,2,206843,4,True,False,GHOST
2026-05-05,10:25,rth,down,680.85,681.46,672.6964,681.12,787217,3826,8.1536,0.27,1.197,672.6964,3,413708,4,True,True,GHOST
2026-05-05,10:50,rth,down,680.64,680.83,672.6964,680.81,285706,1689,7.9436,0.17,1.167,672.6964,1,103427,4,True,True,GHOST
2026-05-05,11:00,rth,down,680.5499,681.17,672.6964,681.17,2252434,1529,7.8535,0.6201,1.153,672.6964,2,1489345,50,True,True,GHOST
2026-05-05,11:20,rth,down,681.2901,681.5,672.6964,681.21,269432,1640,8.5136,0.0801,1.25,672.6964,1,103427,4,True,True,GHOST
2026-05-05,11:40,rth,down,681.5651,681.6002,672.6964,681.515,353283,1315,8.8186,0.0501,1.294,672.6964,2,103417,48,True,True,GHOST
2026-05-05,12:50,rth,down,681.2,681.2799,672.6964,681.23,165603,580,8.5036,0.03,1.248,672.6964,1,103427,4,True,True,GHOST
2026-05-05,13:05,rth,down,681.37,681.42,672.6964,681.0601,392819,902,8.3637,0.3099,1.228,672.6964,4,1782931,4,True,True,GHOST
2026-05-05,13:25,rth,down,681.43,681.76,672.6964,681.745,248098,968,8.7336,0.315,1.281,672.6964,1,103416,3,True,True,GHOST
2026-05-05,14:20,rth,down,682.585,682.72,672.6964,682.4,274838,1413,9.7036,0.185,1.422,672.6964,1,103416,4,True,True,GHOST
2026-05-05,14:25,rth,down,682.38,682.66,672.6964,682.54,222505,1060,9.6836,0.16,1.419,672.6964,1,103416,4,True,True,GHOST
2026-05-05,14:40,rth,down,682.4099,682.55,672.6964,682.505,2060972,596,9.7135,0.0951,1.423,672.6964,2,1489197,6,True,True,GHOST
2026-05-05,15:25,rth,down,682.43,682.48,672.6964,682.275,285848,1810,9.5786,0.155,1.404,672.6964,1,103416,4,True,True,GHOST
2026-05-05,15:30,rth,down,682.26,682.3499,672.6964,682.1599,270829,1594,9.4635,0.1001,1.387,672.6964,1,103416,4,True,True,GHOST
2026-05-05,15:50,rth,down,681.85,682.0,672.6964,681.1,892243,5538,8.4036,0.75,1.234,672.6964,1,103416,5,True,True,GHOST
2026-05-05,15:55,rth,down,681.11,681.63,672.6964,681.53,1146632,7719,8.4136,0.42,1.235,672.6964,2,206854,16,True,True,GHOST
2026-05-06,11:15,rth,down,691.28,692.25,681.5287,692.17,375040,2839,9.7513,0.89,1.409,681.5287,1,103416,5,True,False,GHOST
2026-05-06,13:00,rth,down,691.37,691.87,681.5287,691.82,287772,1453,9.8413,0.45,1.423,681.5287,1,103406,4,True,True,GHOST
2026-05-06,15:10,rth,down,694.34,694.74,681.5287,694.65,531620,2865,12.8113,0.31,1.844,681.5287,2,144783,5,True,True,GHOST
2026-05-06,15:30,rth,down,695.06,695.06,681.5287,694.5315,593386,2112,13.0028,0.5285,1.872,681.5287,2,206832,4,True,True,GHOST
2026-05-06,15:45,rth,down,694.5,694.7937,681.5287,694.5,594135,4215,12.9713,0.0,1.868,681.5287,1,103416,4,True,True,GHOST
2026-05-06,15:55,rth,down,695.17,695.93,681.5287,695.575,3018427,18674,13.6413,0.405,1.961,681.5287,3,310218,4,True,True,GHOST
2026-05-08,08:00,pre,down,700.28,700.4001,694.419,700.23,25241,170,5.811,0.05,0.83,694.419,2,1117,364,True,False,PBAR
2026-05-08,08:30,pre,down,700.34,701.5,694.94,701.2499,93857,726,5.4,0.9099,0.77,694.94,4,95,981,True,True,GHOST
2026-05-08,09:45,rth,down,702.77,704.57,694.9291,704.41,1047260,6802,7.8409,1.64,1.113,694.9291,1,103365,5,True,False,GHOST
2026-05-08,10:35,rth,down,705.6499,705.68,694.9291,705.59,620297,3081,10.6609,0.0599,1.511,694.9291,1,103365,4,True,True,GHOST
2026-05-08,11:15,rth,down,706.53,707.0,694.9291,706.31,660473,1823,11.3809,0.22,1.611,694.9291,3,310105,4,True,True,GHOST
2026-05-08,11:30,rth,down,707.23,707.34,694.9291,707.28,367072,2001,12.3009,0.05,1.739,694.9291,1,103375,4,True,True,GHOST
2026-05-08,12:30,rth,down,708.615,708.66,694.9291,708.46,302396,1596,13.5309,0.155,1.91,694.9291,1,103365,4,True,True,GHOST
2026-05-08,12:40,rth,down,708.47,708.49,694.9291,707.53,1042246,2066,12.6009,0.94,1.781,694.9291,2,807164,12,True,True,GHOST
2026-05-08,12:50,rth,down,708.57,708.785,694.9291,708.5099,476289,2473,13.5808,0.0601,1.917,694.9291,2,206730,4,True,True,GHOST
2026-05-08,13:20,rth,down,709.82,710.4,694.9291,710.192,508113,3422,14.8909,0.372,2.097,694.9291,1,103365,3,True,True,GHOST
2026-05-08,13:55,rth,down,709.51,709.77,694.9291,709.195,557357,1365,14.2659,0.315,2.012,694.9291,1,103365,4,True,True,GHOST
2026-05-08,14:45,rth,down,709.45,709.45,694.9291,709.28,273185,1451,14.3509,0.17,2.023,694.9291,1,103365,4,True,True,GHOST
2026-05-08,15:20,rth,down,710.125,710.19,694.9291,709.72,339925,2342,14.7909,0.405,2.084,694.9291,1,103365,4,True,True,GHOST
2026-05-08,15:55,rth,down,710.8,711.14,694.9291,711.11,4325043,22755,15.8709,0.31,2.232,694.9291,9,930205,4,True,True,GHOST
2026-05-12,08:00,pre,up,707.1047,712.756,706.3,706.3,30772,163,5.6513,0.8047,0.8,712.756,1,1025,919,True,False,PBAR
2026-05-12,08:20,pre,up,706.64,713.29,706.11,706.24,25565,213,6.65,0.4,0.942,713.29,4,98,1341,True,False,GHOST
2026-05-12,08:25,pre,up,706.28,711.31,706.13,706.65,65494,450,4.66,0.37,0.659,711.31,1,6764,1204,True,True,PBAR
2026-05-12,11:15,rth,up,702.1,713.3678,700.87,701.43,907222,7608,11.2678,0.67,1.606,713.3678,2,206686,4,True,False,GHOST
2026-05-12,12:20,rth,up,699.74,713.3678,698.82,699.27,542395,2827,13.6278,0.47,1.949,713.3678,1,103343,5,True,True,GHOST
2026-05-12,12:45,rth,up,697.86,713.3678,697.05,697.45,398185,2334,15.5078,0.41,2.223,713.3678,1,103343,4,True,True,GHOST
2026-05-12,14:30,rth,up,702.75,713.3678,702.53,702.6399,356730,2365,10.6178,0.1101,1.511,713.3678,1,103343,4,True,True,GHOST
2026-05-12,15:20,rth,up,704.05,713.3678,700.21,703.9,386943,2032,9.3178,0.15,1.324,713.3678,1,103343,4,True,True,GHOST
2026-05-12,15:55,rth,up,706.88,713.3678,706.75,707.21,1755474,13209,6.1578,0.33,0.871,713.3678,1,103333,4,True,True,GHOST
2026-05-13,14:30,rth,down,716.275,716.55,707.1607,716.15,414931,2140,8.9893,0.125,1.255,707.1607,1,103333,3,True,True,GHOST
2026-05-13,14:50,rth,down,715.36,716.0,707.1607,715.23,431085,2535,8.0693,0.13,1.128,707.1607,1,103333,5,True,True,GHOST
2026-05-13,15:00,rth,down,714.39,715.11,707.6,714.83,674804,1359,6.79,0.44,0.95,707.6,1,5000,17707044,True,True,GHOST
2026-05-13,15:05,rth,down,714.85,715.58,707.6,715.51,341720,2768,7.25,0.66,1.013,707.6,1,3000,17402955,True,True,GHOST
2026-05-13,15:25,rth,down,715.21,715.6999,707.6,715.68,180270,1644,7.61,0.47,1.063,707.6,1,1500,17972130,True,True,GHOST
2026-05-13,15:30,rth,down,715.69,715.76,707.1607,715.4605,429982,1975,8.2998,0.2295,1.16,707.1607,2,206666,4,True,True,GHOST
2026-05-13,15:55,rth,down,714.13,715.76,707.1607,714.47,1716407,11421,6.9693,0.34,0.975,707.1607,1,103344,3,True,True,GHOST
2026-05-14,14:10,rth,down,719.085,719.98,714.5169,719.8244,491261,3278,4.5681,0.7394,0.635,714.5169,1,103313,4,True,True,GHOST
2026-05-14,15:40,rth,down,720.49,720.9,714.5169,720.73,399831,2316,5.9731,0.24,0.829,714.5169,1,103313,4,True,True,GHOST
2026-05-14,15:50,rth,down,720.47,720.51,714.5169,720.3099,600340,4535,5.793,0.1601,0.804,714.5169,1,103313,4,True,True,GHOST
2026-05-15,08:05,pre,up,709.05,719.251,708.41,708.82,48286,374,10.201,0.23,1.439,719.251,12,95,1334,True,False,GHOST
2026-05-15,08:15,pre,up,707.73,719.79,707.56,708.41,71528,592,11.38,0.68,1.606,719.79,4,275,392,True,False,GHOST
2026-05-15,08:20,pre,up,708.47,717.16,708.36,708.55,55216,489,8.61,0.08,1.215,717.16,1,12305,518,True,True,PBAR
2026-05-15,14:10,rth,up,714.71,719.8196,714.62,714.673,654794,1678,5.1096,0.037,0.715,719.8196,1,103282,4,True,False,GHOST
2026-05-15,15:55,rth,up,709.0,719.8196,708.38,708.9,2415774,19027,10.8196,0.1,1.526,719.8196,1,103282,4,True,True,GHOST
2026-05-15,16:40,post,up,707.47,712.85,707.4,707.55,201876,479,5.3,0.08,0.749,712.85,1,80000,5614413,True,False,GHOST
2026-05-18,04:05,pre,down,707.64,708.0,703.79,707.64,19419,149,3.85,0.0,0.544,703.79,3,453,6379430,True,True,GHOST
2026-05-18,08:40,pre,down,709.93,711.4,705.01,711.07,269900,1454,4.92,1.14,0.692,705.01,1,30909,1254,True,True,PBAR
2026-05-18,12:00,rth,up,703.31,708.7541,702.23,702.66,400284,2472,5.4441,0.65,0.775,708.7541,1,103272,5,True,True,GHOST
2026-05-18,12:05,rth,up,702.67,708.7541,702.5,703.22,436987,3854,5.5341,0.55,0.787,708.7541,1,103272,4,True,True,GHOST
2026-05-18,12:15,rth,up,703.99,708.7541,703.77,704.07,345999,2311,4.6841,0.08,0.665,708.7541,1,103272,5,True,True,GHOST
2026-05-18,15:05,rth,up,703.02,708.7541,701.39,702.56,819774,7067,5.7341,0.46,0.816,708.7541,1,103282,3,True,True,GHOST
2026-05-18,15:20,rth,up,701.75,708.7541,701.11,701.21,497490,2045,7.0041,0.54,0.999,708.7541,2,206564,4,True,True,GHOST
2026-05-18,15:25,rth,up,701.2287,708.7541,700.46,701.4674,418846,2110,7.2867,0.2387,1.039,708.7541,1,103282,5,True,True,GHOST
2026-05-19,04:00,pre,down,706.55,706.55,700.76,705.52,120190,825,4.76,1.03,0.675,700.76,11,372,9378010,True,False,GHOST
2026-05-19,08:15,pre,up,700.61,705.88,699.82,700.12,34034,288,5.27,0.49,0.753,705.88,5,769,417,True,True,GHOST
2026-05-19,09:20,pre,up,699.63,706.409,698.78,699.46,88385,782,6.779,0.17,0.969,706.409,1,50,1756,True,True,PBAR
2026-05-19,10:05,rth,up,701.355,705.5843,697.84,698.36,1165096,7993,4.2293,2.995,0.606,705.5843,2,206476,5,True,False,GHOST
2026-05-19,10:15,rth,up,696.98,705.5843,695.92,696.35,1277611,11929,8.6043,0.63,1.236,705.5843,1,103248,4,True,True,GHOST
2026-05-19,11:30,rth,up,697.85,705.5843,697.56,698.425,452649,3242,7.1593,0.575,1.025,705.5843,1,103238,4,True,True,GHOST
2026-05-19,12:25,rth,up,700.44,705.5843,700.41,701.25,661046,3751,4.3343,0.81,0.618,705.5843,1,206497,4,True,True,GHOST
2026-05-19,15:55,rth,up,700.53,705.5843,700.2,701.54,2886944,14257,4.0443,1.01,0.576,705.5843,8,825984,4,True,True,GHOST
2026-05-20,04:00,pre,down,704.21,705.27,700.49,705.269,105080,789,3.72,1.059,0.527,700.49,26,1570,11095846,True,False,not_pbar
2026-05-20,08:00,pre,down,705.5,706.2,701.004,706.17,11939,133,4.496,0.67,0.637,701.004,1,306,653,True,True,PBAR
2026-05-20,10:55,rth,down,709.43,710.31,705.38,709.905,336967,3276,4.05,0.475,0.57,705.38,1,3000,2683028,True,True,GHOST
2026-05-20,13:40,rth,down,710.975,711.1,701.3211,710.89,243775,1001,9.5689,0.085,1.346,701.3211,1,103228,5,True,False,GHOST
2026-05-20,15:05,rth,down,711.03,711.36,701.3211,711.2699,281468,1989,9.7089,0.2399,1.365,701.3211,1,103228,4,True,True,GHOST
2026-05-20,15:15,rth,down,711.72,711.9899,701.3211,711.775,338485,2211,10.3989,0.055,1.461,701.3211,1,103228,3,True,True,GHOST
2026-05-20,15:30,rth,down,711.81,711.96,701.3211,711.81,304853,2015,10.4889,0.0,1.474,701.3211,1,103228,4,True,True,GHOST
2026-05-20,15:50,rth,down,712.26,712.8586,701.3211,712.35,1338387,7830,10.9389,0.09,1.536,701.3211,1,103228,5,True,True,GHOST
2026-05-20,15:55,rth,down,712.36,713.12,701.3211,713.07,1632896,14060,11.0389,0.71,1.548,701.3211,1,103228,4,True,True,GHOST
2026-05-20,19:05,post,up,708.42,713.15,708.38,708.5204,10423,24,4.6296,0.1004,0.653,713.15,1,7200,406,True,True,GHOST
2026-05-22,12:00,rth,down,720.68,720.82,714.52,720.595,221102,1243,6.075,0.085,0.843,714.52,1,103166,4,True,False,GHOST
2026-05-22,12:25,rth,down,719.63,720.45,714.52,720.1601,205987,861,5.11,0.5301,0.71,714.52,1,103166,4,True,True,GHOST
2026-05-22,12:30,rth,down,720.19,720.44,714.52,719.59,318145,1420,5.07,0.6,0.705,714.52,1,103166,5,True,True,GHOST
2026-05-22,12:35,rth,down,719.58,720.02,714.52,719.64,338641,1114,5.06,0.06,0.703,714.52,2,206332,5,True,True,GHOST
2026-05-22,13:50,rth,down,720.8238,720.92,714.52,720.37,353138,1997,5.85,0.4538,0.812,714.52,1,103166,5,True,True,GHOST
2026-05-22,13:55,rth,down,720.39,720.8,714.52,720.47,306250,1347,5.87,0.08,0.815,714.52,1,103166,3,True,True,GHOST
2026-05-26,08:05,pre,down,725.24,725.55,718.078,725.28,43506,318,7.162,0.04,0.987,718.078,5,558,1225,True,False,GHOST
2026-05-26,08:10,pre,down,725.2,725.34,717.54,725.2399,13911,122,7.66,0.0399,1.056,717.54,3,90,1066,True,False,GHOST
2026-05-26,09:35,rth,down,724.705,725.07,717.5314,724.98,740687,4942,7.1736,0.275,0.989,717.5314,2,103168,2574,True,False,GHOST
2026-05-26,10:30,rth,up,729.91,734.0,729.78,730.2,454070,3837,3.8,0.29,0.52,734.0,1,20400,28,True,False,GHOST
2026-05-26,11:10,rth,down,729.39,729.5,717.5314,729.27,544366,2221,11.7386,0.12,1.61,717.5314,1,103166,4,True,True,GHOST
2026-05-26,11:25,rth,down,728.615,729.0499,717.5314,728.31,526705,2390,10.7786,0.305,1.48,717.5314,2,206332,4,True,True,GHOST
2026-05-26,11:30,rth,down,728.35,728.45,717.5314,728.2517,410579,2301,10.7203,0.0983,1.472,717.5314,1,103166,4,True,True,GHOST
2026-05-26,12:00,rth,down,726.56,727.6,717.5314,727.4101,491094,2044,9.0286,0.8501,1.241,717.5314,2,206332,4,True,True,GHOST
2026-05-26,13:45,rth,down,727.98,728.625,717.5314,728.5309,233313,908,10.4486,0.5509,1.434,717.5314,1,103166,4,True,True,GHOST
2026-05-26,14:40,rth,down,729.42,729.48,717.5314,729.06,194592,1082,11.5286,0.36,1.581,717.5314,1,103166,1,True,True,GHOST
2026-05-26,15:50,rth,down,730.62,731.02,717.5314,730.68,833786,6056,13.0886,0.06,1.791,717.5314,1,103166,3,True,True,GHOST
2026-05-27,08:00,pre,down,734.8,734.88,729.733,734.73,15672,142,4.997,0.07,0.68,729.733,1,45,1373,True,False,PBAR
2026-05-27,08:30,pre,down,736.99,737.065,730.28,736.165,45655,266,5.885,0.825,0.799,730.28,4,143,1315,True,True,GHOST
2026-05-27,11:40,rth,up,726.14,730.1717,725.59,725.72,412608,2659,4.0317,0.42,0.556,730.1717,1,103146,4,True,True,GHOST
2026-05-28,04:00,pre,down,727.0,727.75,722.76,727.65,184430,1505,4.24,0.65,0.583,722.76,30,1071,13190940,True,False,not_pbar
2026-05-28,04:10,pre,down,727.58,727.89,722.84,727.4,11109,110,4.56,0.18,0.627,722.84,3,82,13716747,True,True,GHOST
2026-05-28,11:10,rth,down,733.98,734.12,729.4938,733.6601,403021,1803,4.1663,0.3199,0.568,729.4938,2,206264,4,True,True,GHOST
2026-05-28,11:25,rth,down,734.22,734.985,729.4938,734.67,495946,3559,4.7262,0.45,0.643,729.4938,1,103132,2,True,True,GHOST
2026-05-28,13:40,rth,down,735.97,736.18,729.4938,736.12,393719,1674,6.4762,0.15,0.88,729.4938,1,103132,4,True,True,GHOST
2026-05-28,14:30,rth,down,735.95,735.95,729.4938,735.72,329758,1831,6.2262,0.23,0.846,729.4938,1,103132,2,True,True,GHOST
2026-05-28,15:15,rth,down,735.24,735.5,729.4938,735.185,447575,2470,5.6912,0.055,0.774,729.4938,1,103143,4,True,True,GHOST
2026-05-28,15:30,rth,down,735.65,736.0,729.4938,735.77,534949,1789,6.1562,0.12,0.837,729.4938,3,309439,4,True,True,GHOST
2026-05-28,15:45,rth,down,735.73,736.1899,729.4938,735.8745,409228,2383,6.2362,0.1445,0.847,729.4938,2,103173,7506858,True,True,GHOST
2026-05-28,15:50,rth,down,735.86,736.2,729.4938,735.44,714700,4450,5.9462,0.42,0.809,729.4938,2,206306,4,True,True,GHOST
2026-05-28,15:55,rth,down,735.43,735.82,729.4938,735.54,1095440,8143,5.9362,0.11,0.807,729.4938,1,206306,4,True,True,GHOST
2026-05-29,10:10,rth,down,740.14,741.0,735.6273,739.79,809840,3963,4.1627,0.35,0.563,735.6273,2,206162,4,True,False,GHOST
