date,time_et,ghost_price,lit_price,diff_pct,direction,size,exchange,conditions,trf_id,touched,days_to_touch
2025-11-20,10:31:36.529,418.4,416.315,0.501,up,600,4,None,202,True,2
2025-11-20,10:31:36.530,418.4,416.315,0.501,up,360,4,None,202,True,2
2025-11-21,10:30:55.956,399.28,401.36,0.518,down,100,4,None,202,False,
2025-11-21,10:30:55.959,399.3,401.36,0.513,down,150,4,None,202,False,
2025-11-21,10:30:55.959,399.29,401.36,0.516,down,100,4,None,202,False,
2025-11-21,10:30:55.960,399.25,401.36,0.526,down,600,4,None,202,False,
2025-11-21,10:30:55.967,399.3,401.36,0.513,down,100,4,None,202,False,
2025-11-21,10:30:55.972,399.2673,401.36,0.521,down,205,4,None,202,False,
2025-11-21,10:30:56.003,399.3225,401.36,0.508,down,100,4,None,202,False,
2025-11-21,10:30:56.006,399.25,401.36,0.526,down,100,4,None,202,False,
2025-11-21,10:30:56.052,399.33,401.36,0.506,down,100,4,None,202,False,
2025-11-21,10:30:56.125,399.33,401.36,0.506,down,100,4,None,202,False,
2025-11-21,10:30:56.126,399.3013,401.36,0.513,down,200,4,None,202,False,
2025-11-21,10:30:56.147,399.33,401.36,0.506,down,200,4,None,202,False,
2025-11-21,10:30:56.256,399.33,401.36,0.506,down,100,4,None,202,False,
2025-11-21,10:31:07.582,402.17,400.12,0.512,up,100,4,None,202,True,1
2025-11-21,10:31:07.697,402.19,400.12,0.517,up,100,4,None,202,True,1
2025-11-21,10:31:07.697,402.18,400.12,0.515,up,100,4,None,202,True,1
2025-11-21,10:31:12.926,402.1299,400.12,0.502,up,100,4,None,202,True,1
2025-11-21,10:31:13.817,402.28,400.12,0.54,up,120,4,None,202,True,1
2025-11-21,10:31:13.819,402.21,400.12,0.522,up,100,4,None,202,True,1
2025-11-21,10:31:13.819,402.195,400.12,0.519,up,100,4,None,202,True,1
2025-11-21,10:31:13.826,402.255,400.12,0.534,up,100,4,None,202,True,1
2025-11-21,10:31:13.900,402.1401,400.12,0.505,up,100,4,None,202,True,1
2025-11-21,10:31:14.048,402.14,400.12,0.505,up,200,4,None,202,True,1
2025-11-21,10:31:14.089,402.1959,400.12,0.519,up,200,4,None,202,True,1
2025-11-21,10:31:14.109,402.14,400.12,0.505,up,200,4,None,202,True,1
2025-11-21,10:31:14.168,402.14,400.12,0.505,up,100,4,None,202,True,1
2025-11-21,10:31:14.169,402.14,400.12,0.505,up,115,4,None,201,True,1
2025-11-21,10:31:14.180,402.1995,400.12,0.52,up,1200,4,None,202,True,1
2025-11-21,10:31:14.206,402.14,400.12,0.505,up,150,4,None,202,True,1
2025-11-21,10:31:14.235,402.2,400.12,0.52,up,175,4,None,202,True,1
2025-11-21,10:31:14.284,402.14,400.12,0.505,up,100,4,None,202,True,1
2025-11-21,10:31:14.597,402.1401,400.12,0.505,up,200,4,None,202,True,1
2025-11-21,10:31:14.632,402.1617,400.12,0.51,up,1000,4,None,202,True,1
2025-11-21,10:31:14.783,402.245,400.12,0.531,up,100,4,None,202,True,1
2025-11-21,10:31:14.843,402.415,400.12,0.574,up,920,4,None,202,True,1
2025-11-21,10:31:14.911,402.43,400.12,0.577,up,100,4,None,202,True,1
2025-11-21,10:31:14.933,402.448,400.12,0.582,up,100,4,None,202,True,1
2025-11-21,10:31:14.985,402.5599,400.12,0.61,up,300,4,None,202,True,1
2025-11-21,10:31:14.992,402.488,400.12,0.592,up,200,4,None,202,True,1
2025-11-21,10:31:14.992,402.48,400.12,0.59,up,100,4,None,202,True,1
2025-11-21,10:31:14.997,402.56,400.12,0.61,up,125,4,None,202,True,1
2025-11-21,10:31:15.035,402.4952,400.12,0.594,up,200,4,None,202,True,1
2025-11-21,10:31:15.046,402.48,400.12,0.59,up,100,4,None,202,True,1
2025-11-21,10:31:15.116,402.48,400.12,0.59,up,240,4,None,202,True,1
2025-11-21,10:31:15.117,402.48,400.12,0.59,up,300,4,None,202,True,1
2025-11-21,10:31:15.129,402.29,400.12,0.542,up,100,4,None,202,True,1
2025-11-21,10:31:15.159,402.2,400.12,0.52,up,100,4,None,202,True,1
2025-11-21,10:31:15.170,402.3,400.12,0.545,up,100,4,None,202,True,1
2025-11-21,10:31:15.247,402.18,400.12,0.515,up,100,4,None,203,True,1
2025-11-21,10:31:15.292,402.1388,400.12,0.505,up,100,4,None,202,True,1
2025-11-21,10:31:15.366,402.18,400.12,0.515,up,100,4,None,202,True,1
2025-11-21,10:31:15.398,402.18,400.12,0.515,up,100,4,None,202,True,1
2025-11-21,10:31:15.502,402.18,400.12,0.515,up,500,4,None,203,True,1
2025-11-21,10:31:15.521,402.13,400.12,0.502,up,100,4,None,202,True,1
2025-11-21,10:31:15.580,402.2751,400.12,0.539,up,100,4,None,202,True,1
2025-11-21,10:31:14.593,402.14,400.12,0.505,up,200,4,None,201,True,1
2025-11-21,10:31:15.686,402.3631,400.12,0.561,up,100,4,None,202,True,1
2025-11-21,10:31:15.743,402.25,400.12,0.532,up,200,4,None,202,True,1
2025-11-21,10:31:15.848,402.23,400.12,0.527,up,100,4,None,201,True,1
2025-11-21,10:31:15.889,402.2936,400.12,0.543,up,160,4,None,203,True,1
2025-11-21,10:31:15.909,402.3083,400.12,0.547,up,200,4,None,202,True,1
2025-11-21,10:31:15.950,402.25,400.12,0.532,up,300,4,None,202,True,1
2025-11-21,10:31:15.957,402.298,400.12,0.544,up,100,4,None,202,True,1
2025-11-21,10:31:16.027,402.35,400.12,0.557,up,100,4,None,201,True,1
2025-11-21,10:31:16.262,402.335,400.12,0.554,up,300,4,None,202,True,1
2025-11-21,10:31:16.283,402.335,400.12,0.554,up,100,4,None,202,True,1
2025-11-21,10:31:16.294,402.335,400.12,0.554,up,200,4,None,202,True,1
2025-11-21,10:31:16.300,402.3905,400.12,0.567,up,125,4,None,202,True,1
2025-11-21,10:31:16.301,402.3351,400.12,0.554,up,100,4,None,202,True,1
2025-11-21,10:31:16.325,402.315,400.12,0.549,up,100,4,None,202,True,1
2025-11-21,10:31:16.325,402.315,400.12,0.549,up,100,4,None,202,True,1
2025-11-21,10:31:16.359,402.315,400.12,0.549,up,100,4,None,202,True,1
2025-11-21,10:31:16.387,402.2101,400.12,0.522,up,100,4,None,202,True,1
2025-11-21,10:31:16.461,402.27,400.12,0.537,up,100,4,None,202,True,1
2025-11-21,10:31:16.471,402.3139,400.12,0.548,up,100,4,None,202,True,1
2025-11-21,10:31:16.472,402.2161,400.12,0.524,up,100,4,None,202,True,1
2025-11-21,10:31:16.486,402.3399,400.12,0.555,up,150,4,None,202,True,1
2025-11-21,10:31:16.574,402.33,400.12,0.552,up,100,4,None,202,True,1
2025-11-21,10:31:16.657,402.2566,400.12,0.534,up,100,4,None,202,True,1
2025-11-21,10:31:16.669,402.22,400.12,0.525,up,100,4,None,202,True,1
2025-11-21,10:31:16.952,402.2999,400.12,0.545,up,200,4,None,202,True,1
2025-11-21,10:31:17.009,402.25,400.12,0.532,up,100,4,None,202,True,1
2025-11-21,10:31:17.076,402.2,400.12,0.52,up,150,4,None,202,True,1
2025-11-21,10:31:17.124,402.2,400.12,0.52,up,300,4,None,202,True,1
2025-11-21,10:31:17.208,402.2,400.12,0.52,up,500,4,None,202,True,1
2025-11-21,10:31:17.281,402.2253,400.12,0.526,up,100,4,None,202,True,1
2025-11-21,10:31:17.281,402.2296,400.12,0.527,up,200,4,None,202,True,1
2025-11-21,10:31:17.300,402.18,400.12,0.515,up,100,4,None,203,True,1
2025-11-21,10:31:17.364,402.2575,400.12,0.534,up,680,4,None,201,True,1
2025-11-21,10:31:17.388,402.23,400.12,0.527,up,200,4,None,202,True,1
2025-11-21,10:31:17.545,402.2899,400.12,0.542,up,550,4,None,202,True,1
2025-11-21,10:31:17.563,402.215,400.12,0.524,up,100,4,None,202,True,1
2025-11-21,10:31:17.603,402.2151,400.12,0.524,up,300,4,None,202,True,1
2025-11-21,10:31:17.726,402.14,400.12,0.505,up,2555,4,None,202,True,1
2025-11-21,10:31:17.755,402.14,400.12,0.505,up,101,4,None,201,True,1
2025-11-21,10:31:17.789,402.2029,400.12,0.521,up,500,4,None,202,True,1
2025-11-21,10:31:17.833,402.1401,400.12,0.505,up,222,4,None,202,True,1
2025-11-21,10:31:18.471,402.26,400.12,0.535,up,3000,4,None,202,True,1
2025-11-21,10:31:18.508,402.145,400.12,0.506,up,130,4,None,202,True,1
2025-11-21,10:31:18.546,402.22,400.12,0.525,up,200,4,None,202,True,1
2025-11-21,10:31:18.466,402.145,400.12,0.506,up,2000,4,None,202,True,1
2025-11-21,10:31:18.670,402.125,400.12,0.501,up,100,4,None,202,True,1
2025-11-21,10:31:18.716,402.195,400.12,0.519,up,100,4,None,202,True,1
2025-11-21,10:31:18.715,402.26,400.12,0.535,up,190,4,None,202,True,1
2025-11-21,10:31:18.758,402.2264,400.12,0.526,up,200,4,None,202,True,1
2025-11-21,10:31:18.790,402.3,400.12,0.545,up,100,4,None,202,True,1
2025-11-21,10:31:18.817,402.3,400.12,0.545,up,300,4,None,202,True,1
2025-11-21,10:31:18.821,402.29,400.12,0.542,up,100,4,None,202,True,1
2025-11-21,10:31:19.049,402.2,400.12,0.52,up,290,4,None,202,True,1
2025-11-21,10:31:19.064,402.3699,400.12,0.562,up,100,4,None,202,True,1
2025-11-21,10:31:19.348,402.155,400.12,0.509,up,100,4,None,202,True,1
2025-11-21,10:32:23.571,401.9886,399.9675,0.505,up,100,4,None,202,True,1
2025-11-21,10:32:31.725,402,399.9675,0.508,up,340,4,None,202,True,1
2025-11-21,10:32:31.754,402.11,399.9675,0.536,up,100,4,None,201,True,1
2025-11-21,10:32:31.970,401.97,399.9675,0.501,up,100,4,None,202,True,1
2025-11-21,10:32:31.981,401.97,399.9675,0.501,up,200,4,None,202,True,1
2025-11-21,10:32:32.001,401.97,399.9675,0.501,up,100,4,None,203,True,1
2025-11-21,10:33:35.251,397.33,399.3612,0.509,down,100,4,None,202,False,
2025-11-21,10:33:35.283,397.33,399.3612,0.509,down,200,4,None,202,False,
2025-11-21,10:33:35.352,397.358,399.3612,0.502,down,147,4,None,202,False,
2025-11-21,10:33:35.352,397.33,399.3612,0.509,down,1080,4,None,202,False,
2025-11-21,10:33:35.361,397.33,399.3612,0.509,down,903,4,None,202,False,
2025-11-21,10:33:35.361,397.33,399.3612,0.509,down,820,4,None,202,False,
2025-11-21,10:33:35.404,397.32,399.3612,0.511,down,191,4,None,202,False,
2025-11-21,10:33:35.860,397.3311,399.3612,0.508,down,120,4,None,202,False,
2025-11-21,10:33:36.101,397.3349,399.3612,0.507,down,300,4,None,202,False,
2025-11-21,10:33:36.297,397.331,399.3612,0.508,down,100,4,None,202,False,
2025-11-21,10:33:36.541,397.3311,399.3612,0.508,down,100,4,None,202,False,
2025-11-21,10:33:36.569,397.3284,399.3612,0.509,down,200,4,None,202,False,
2025-11-21,10:33:36.659,397.2943,399.3612,0.518,down,300,4,None,202,False,
2025-11-21,10:33:36.708,397.325,399.3612,0.51,down,100,4,None,202,False,
2025-11-21,10:33:36.787,397.11,399.3612,0.564,down,196,4,None,202,False,
2025-11-21,10:33:36.859,397.11,399.3612,0.564,down,310,4,None,202,False,
2025-11-21,10:33:37.122,397.1354,399.3612,0.557,down,175,4,None,202,False,
2025-11-21,10:33:37.127,397.2899,399.3612,0.519,down,100,4,None,202,False,
2025-11-21,10:33:37.215,397.11,399.3612,0.564,down,100,4,None,202,False,
2025-11-21,10:33:37.230,397.1048,399.3612,0.565,down,100,4,None,202,False,
2025-11-21,10:33:37.390,397.215,399.3612,0.537,down,100,4,None,202,False,
2025-11-21,10:33:37.410,397.1924,399.3612,0.543,down,300,4,None,202,False,
2025-11-21,10:33:37.630,397.195,399.3612,0.542,down,400,4,None,202,False,
2025-11-21,10:33:37.665,397.1215,399.3612,0.561,down,100,4,None,202,False,
2025-11-21,10:33:37.680,397.195,399.3612,0.542,down,300,4,None,202,False,
2025-11-21,10:33:37.782,397.195,399.3612,0.542,down,100,4,None,202,False,
2025-11-21,10:33:37.788,397.13,399.3612,0.559,down,120,4,None,203,False,
2025-11-21,10:33:38.032,397.27,399.3612,0.524,down,400,4,None,202,False,
2025-11-21,10:33:38.032,397.27,399.3612,0.524,down,1571,4,None,202,False,
2025-11-21,10:33:38.178,397.11,399.3612,0.564,down,239,4,None,202,False,
2025-11-21,10:33:38.239,397.2619,399.3612,0.526,down,200,4,None,202,False,
2025-11-21,10:33:38.354,397.2419,399.3612,0.531,down,550,4,None,202,False,
2025-11-21,10:33:38.357,397.19,399.3612,0.544,down,100,4,None,202,False,
2025-11-21,10:33:38.435,397.19,399.3612,0.544,down,100,4,None,202,False,
2025-11-21,10:33:38.450,397.22,399.3612,0.536,down,100,4,None,202,False,
2025-11-21,10:33:38.451,397.1378,399.3612,0.557,down,125,4,None,202,False,
2025-11-21,10:33:38.451,397.2,399.3612,0.541,down,100,4,None,202,False,
2025-11-21,10:33:38.467,397.27,399.3612,0.524,down,1774,4,None,202,False,
2025-11-21,10:33:38.468,397.2699,399.3612,0.524,down,1880,4,None,202,False,
2025-11-21,10:33:38.470,397.2699,399.3612,0.524,down,1146,4,None,202,False,
2025-11-21,10:33:38.591,397.232,399.3612,0.533,down,100,4,None,202,False,
2025-11-21,10:33:38.812,397.35,399.3612,0.504,down,100,4,None,202,False,
2025-11-21,10:33:38.815,397.35,399.3612,0.504,down,300,4,None,203,False,
2025-11-21,10:33:38.856,397.35,399.3612,0.504,down,200,4,None,202,False,
2025-11-21,10:33:38.915,397.27,399.3612,0.524,down,200,4,None,202,False,
2025-11-21,10:33:39.192,397.3,399.3612,0.516,down,270,4,None,202,False,
2025-11-21,10:33:39.232,397.342,399.3612,0.506,down,100,4,None,202,False,
2025-11-21,10:33:39.234,397.35,399.3612,0.504,down,100,4,None,202,False,
2025-11-21,10:33:39.324,397.2701,399.3612,0.524,down,350,4,None,201,False,
2025-11-21,10:33:39.433,397.3,399.3612,0.516,down,500,4,None,202,False,
2025-11-21,10:33:39.338,397.335,399.3612,0.507,down,250,4,None,202,False,
2025-11-21,10:33:39.121,397.275,399.3612,0.522,down,110,4,None,202,False,
2025-11-21,10:33:39.792,397.3618,399.3612,0.501,down,100,4,None,202,False,
2025-11-21,10:33:39.878,397.3,399.3612,0.516,down,100,4,None,201,False,
2025-11-21,10:33:39.967,397.33,399.3612,0.509,down,200,4,None,202,False,
2025-11-21,10:33:40.019,397.288,399.3612,0.519,down,491,4,None,202,False,
2025-11-21,10:33:40.068,397.3292,399.3612,0.509,down,225,4,None,202,False,
2025-11-21,10:33:40.096,397.2475,399.3612,0.529,down,500,4,None,202,False,
2025-11-21,10:33:40.328,397.2448,399.3612,0.53,down,100,4,None,202,False,
2025-11-21,10:33:40.469,397.184,399.3612,0.545,down,220,4,None,203,False,
2025-11-21,10:33:40.557,397.3199,399.3612,0.511,down,600,4,None,202,False,
2025-11-21,10:33:40.563,397.2858,399.3612,0.52,down,100,4,None,202,False,
2025-11-21,10:33:40.580,397.2964,399.3612,0.517,down,100,4,None,202,False,
2025-11-21,10:33:40.600,397.27,399.3612,0.524,down,400,4,None,202,False,
2025-11-21,10:33:40.611,397.27,399.3612,0.524,down,250,4,None,202,False,
2025-11-21,10:33:40.666,397.27,399.3612,0.524,down,193,4,None,201,False,
2025-11-21,10:33:40.755,397.0505,399.3612,0.579,down,500,4,None,202,False,
2025-11-21,10:33:40.800,397.125,399.3612,0.56,down,351,4,None,202,False,
2025-11-21,10:33:41.037,397.02,399.3612,0.586,down,380,4,None,202,False,
2025-11-21,10:33:41.104,397.075,399.3612,0.572,down,100,4,None,202,False,
2025-11-21,10:33:41.132,397.1239,399.3612,0.56,down,100,4,None,202,False,
2025-11-21,10:33:41.157,397.1458,399.3612,0.555,down,200,4,None,202,False,
2025-11-21,10:33:41.222,397,399.3612,0.591,down,100,4,None,202,False,
2025-11-21,10:33:41.223,397.0018,399.3612,0.591,down,250,4,None,202,False,
2025-11-21,10:33:41.234,397.0986,399.3612,0.567,down,200,4,None,202,False,
2025-11-21,10:33:41.222,397.0018,399.3612,0.591,down,100,4,None,203,False,
2025-11-21,10:33:41.291,397.075,399.3612,0.572,down,100,4,None,202,False,
2025-11-21,10:33:41.514,397.18,399.3612,0.546,down,120,4,None,202,False,
2025-11-21,10:33:42.671,397.3001,399.3612,0.516,down,12520,4,None,202,False,
2025-11-21,10:38:02.396,402.11,400.0,0.528,up,100,4,None,202,True,1
2025-11-21,10:38:02.396,402.1,400.0,0.525,up,100,4,None,202,True,1
2025-11-21,10:38:02.396,402.08,400.0,0.52,up,100,4,None,202,True,1
2025-11-21,10:38:02.396,402.1,400.0,0.525,up,100,4,None,202,True,1
2025-11-21,10:38:02.403,402.12,400.0,0.53,up,100,4,None,202,True,1
2025-11-21,10:38:02.426,402.17,400.0,0.543,up,2113,4,None,202,True,1
2025-11-21,10:38:02.431,402.1671,400.0,0.542,up,100,4,None,202,True,1
2025-11-21,10:38:02.461,402.0901,400.0,0.523,up,130,4,None,202,True,1
2025-11-21,10:38:02.666,402.03,400.0,0.507,up,100,4,None,202,True,1
2025-11-21,10:38:02.790,402.025,400.0,0.506,up,400,4,None,202,True,1
2025-11-21,10:38:03.360,402.005,400.0,0.501,up,200,4,None,202,True,1
2025-11-21,10:38:03.517,402.06,400.0,0.515,up,133,4,None,203,True,1
2025-11-21,10:38:03.547,402.0427,400.0,0.511,up,100,4,None,202,True,1
2025-11-21,10:38:03.634,402.046,400.0,0.511,up,200,4,None,202,True,1
2025-11-21,10:38:03.633,402.06,400.0,0.515,up,600,4,None,203,True,1
2025-11-21,10:38:03.695,402.075,400.0,0.519,up,500,4,None,202,True,1
2025-11-21,10:38:03.762,402.085,400.0,0.521,up,300,4,None,202,True,1
2025-11-21,10:38:03.964,402.0568,400.0,0.514,up,100,4,None,201,True,1
2025-11-21,10:38:03.966,402.1396,400.0,0.535,up,100,4,None,202,True,1
2025-11-21,10:38:03.966,402.075,400.0,0.519,up,500,4,None,202,True,1
2025-11-21,10:38:05.121,402.0013,400.0,0.5,up,300,4,None,202,True,1
2025-11-21,10:38:05.668,402.0101,400.0,0.503,up,500,4,None,202,True,1
2025-11-21,10:38:05.732,402.1091,400.0,0.527,up,100,4,None,202,True,1
2025-11-21,10:38:06.637,402.11,400.0,0.528,up,100,4,None,202,True,1
2025-11-21,10:38:06.796,402.045,400.0,0.511,up,300,4,None,202,True,1
2025-11-21,10:38:06.933,402.01,400.0,0.502,up,100,4,None,202,True,1
2025-11-21,10:38:06.933,402.01,400.0,0.502,up,100,4,None,202,True,1
2025-11-21,10:38:06.934,402.01,400.0,0.502,up,100,4,None,202,True,1
2025-11-21,10:38:07.202,402.1401,400.0,0.535,up,100,4,None,202,True,1
2025-11-21,10:38:07.235,402.115,400.0,0.529,up,300,4,None,202,True,1
2025-11-21,10:38:07.356,402.1499,400.0,0.537,up,700,4,None,202,True,1
2025-11-21,10:38:07.454,402.12,400.0,0.53,up,100,4,None,202,True,1
2025-11-21,10:38:07.507,402.12,400.0,0.53,up,183,4,None,202,True,1
2025-11-21,10:38:07.822,402.1,400.0,0.525,up,230,4,None,202,True,1
2025-11-21,10:38:07.885,402.09,400.0,0.522,up,100,4,None,202,True,1
2025-11-21,10:38:08.260,402.075,400.0,0.519,up,100,4,None,202,True,1
2025-11-21,10:38:08.323,402.08,400.0,0.52,up,100,4,None,202,True,1
2025-11-21,10:38:08.339,402.19,400.0,0.547,up,563,4,None,202,True,1
2025-11-21,10:38:08.339,402.19,400.0,0.547,up,137,4,None,202,True,1
2025-11-21,10:38:08.339,402.19,400.0,0.547,up,449,4,None,202,True,1
2025-11-21,10:38:08.326,402.08,400.0,0.52,up,100,4,None,203,True,1
2025-11-21,10:38:08.525,402.13,400.0,0.532,up,100,4,None,202,True,1
2025-11-21,10:38:08.523,402.1,400.0,0.525,up,100,4,None,203,True,1
2025-11-21,10:38:08.644,402.015,400.0,0.504,up,500,4,None,202,True,1
2025-11-21,10:38:09.125,402.0081,400.0,0.502,up,200,4,None,202,True,1
2025-11-21,10:38:09.495,402.0301,400.0,0.508,up,100,4,None,202,True,1
2025-11-21,14:26:04.863,399.6,394.655,1.253,up,100,4,"[10, 22, 41]",202,True,1
2025-11-24,10:30:00.146,401.92,403.965,0.506,down,100,4,None,202,False,
2025-11-24,10:30:04.756,401.86,403.965,0.521,down,120,4,None,202,False,
2025-11-24,10:30:05.238,401.94,403.965,0.501,down,160,4,None,203,False,
2025-11-24,10:30:05.018,401.945,403.965,0.5,down,400,4,None,202,False,
2025-11-24,10:30:05.311,401.695,403.965,0.562,down,100,4,None,202,False,
2025-11-24,10:30:05.330,401.6997,403.965,0.561,down,171,4,None,202,False,
2025-11-24,10:30:05.351,401.707,403.965,0.559,down,200,4,None,202,False,
2025-11-24,10:30:05.522,401.35,403.965,0.647,down,100,4,None,202,False,
2025-11-24,10:30:05.541,401.4499,403.965,0.623,down,500,4,None,201,False,
2025-11-24,10:30:05.297,401.67,403.965,0.568,down,420,4,None,202,False,
2025-11-24,10:30:05.614,401.3449,403.965,0.649,down,500,4,None,202,False,
2025-11-24,10:30:05.621,401.23,403.965,0.677,down,150,4,None,202,False,
2025-11-24,10:30:05.620,401.4304,403.965,0.627,down,3000,4,None,202,False,
2025-11-24,10:30:05.756,401.27,403.965,0.667,down,211,4,None,202,False,
2025-11-24,10:30:05.773,401.22,403.965,0.68,down,100,4,None,202,False,
2025-11-24,10:30:06.063,401.5482,403.965,0.598,down,100,4,None,202,False,
2025-11-24,10:30:06.162,401.38,403.965,0.64,down,280,4,None,202,False,
2025-11-24,10:30:06.165,401.3,403.965,0.66,down,180,4,None,202,False,
2025-11-24,10:30:06.166,401.3,403.965,0.66,down,280,4,None,202,False,
2025-11-24,10:30:06.163,401.38,403.965,0.64,down,200,4,None,202,False,
2025-11-24,10:30:06.268,401.5525,403.965,0.597,down,100,4,None,202,False,
2025-11-24,10:30:06.348,401.38,403.965,0.64,down,181,4,None,202,False,
2025-11-24,10:30:06.348,401.375,403.965,0.641,down,181,4,None,202,False,
2025-11-24,10:30:06.348,401.375,403.965,0.641,down,200,4,None,202,False,
2025-11-24,10:30:06.375,401.425,403.965,0.629,down,100,4,None,202,False,
2025-11-24,10:30:06.429,401.391,403.965,0.637,down,100,4,None,202,False,
2025-11-24,10:30:06.541,401.595,403.965,0.587,down,124,4,None,202,False,
2025-11-24,10:30:06.581,401.76,403.965,0.546,down,160,4,None,202,False,
2025-11-24,10:30:06.587,401.6801,403.965,0.566,down,100,4,None,202,False,
2025-11-24,10:30:06.642,401.8399,403.965,0.526,down,200,4,None,202,False,
2025-11-24,10:30:06.776,401.7853,403.965,0.54,down,100,4,None,202,False,
2025-11-24,10:30:06.790,401.8399,403.965,0.526,down,265,4,None,202,False,
2025-11-24,10:30:06.915,401.8125,403.965,0.533,down,100,4,None,202,False,
2025-11-24,10:30:07.020,401.8125,403.965,0.533,down,250,4,None,202,False,
2025-11-24,10:30:07.032,401.6915,403.965,0.563,down,200,4,None,202,False,
2025-11-24,10:30:07.142,401.7,403.965,0.561,down,624,4,None,202,False,
2025-11-24,10:30:07.243,401.8975,403.965,0.512,down,470,4,None,202,False,
2025-11-24,10:30:07.550,401.77,403.965,0.543,down,400,4,None,202,False,
2025-11-24,10:30:07.353,401.9,403.965,0.511,down,340,4,None,202,False,
2025-11-24,10:30:07.637,401.872,403.965,0.518,down,100,4,None,202,False,
2025-11-24,10:30:07.645,401.775,403.965,0.542,down,300,4,None,202,False,
2025-11-24,10:30:07.647,401.7201,403.965,0.556,down,150,4,None,202,False,
2025-11-24,10:30:07.736,401.8201,403.965,0.531,down,100,4,None,202,False,
2025-11-24,10:30:07.777,401.82,403.965,0.531,down,160,4,None,202,False,
2025-11-24,10:30:07.777,401.92,403.965,0.506,down,360,4,None,202,False,
2025-11-24,10:30:07.934,401.72,403.965,0.556,down,120,4,None,202,False,
2025-11-24,10:30:07.933,401.72,403.965,0.556,down,120,4,None,202,False,
2025-11-24,10:30:07.941,401.73,403.965,0.553,down,100,4,None,202,False,
2025-11-24,10:30:07.942,401.735,403.965,0.552,down,200,4,None,202,False,
2025-11-24,10:30:08.035,401.71,403.965,0.558,down,108,4,None,202,False,
2025-11-24,10:30:08.048,401.6351,403.965,0.577,down,200,4,None,202,False,
2025-11-24,10:30:07.745,401.8918,403.965,0.513,down,163,4,None,202,False,
2025-11-24,10:30:08.160,401.74,403.965,0.551,down,100,4,None,203,False,
2025-11-24,10:30:08.320,401.6567,403.965,0.571,down,100,4,None,202,False,
2025-11-24,10:30:08.456,401.28,403.965,0.665,down,172,4,None,202,False,
2025-11-24,10:30:08.456,401.28,403.965,0.665,down,113,4,None,202,False,
2025-11-24,10:30:08.492,401.29,403.965,0.662,down,107,4,None,202,False,
2025-11-24,10:30:08.507,401.3951,403.965,0.636,down,300,4,None,202,False,
2025-11-24,10:30:08.512,401.395,403.965,0.636,down,250,4,None,202,False,
2025-11-24,10:30:08.512,401.5,403.965,0.61,down,250,4,None,202,False,
2025-11-24,10:30:08.602,401.395,403.965,0.636,down,300,4,None,202,False,
2025-11-24,10:30:08.778,401.395,403.965,0.636,down,160,4,None,202,False,
2025-11-24,10:30:08.808,401.3423,403.965,0.649,down,200,4,None,202,False,
2025-11-24,10:30:08.814,401.2901,403.965,0.662,down,200,4,None,202,False,
2025-11-24,10:30:08.837,401.3431,403.965,0.649,down,250,4,None,202,False,
2025-11-24,10:30:08.865,401.3367,403.965,0.651,down,200,4,None,202,False,
2025-11-24,10:30:08.900,401.395,403.965,0.636,down,320,4,None,202,False,
2025-11-24,10:30:08.939,401.395,403.965,0.636,down,160,4,None,202,False,
2025-11-24,10:30:08.937,401.395,403.965,0.636,down,160,4,None,202,False,
2025-11-24,10:30:09.088,401.29,403.965,0.662,down,200,4,None,202,False,
2025-11-24,10:30:09.138,401.1635,403.965,0.694,down,200,4,None,202,False,
2025-11-24,10:30:09.132,401.2,403.965,0.684,down,120,4,None,202,False,
2025-11-24,10:30:08.745,401.4999,403.965,0.61,down,1200,4,None,202,False,
2025-11-24,10:30:09.249,401.1312,403.965,0.701,down,190,4,None,202,False,
2025-11-24,10:30:09.249,401.09,403.965,0.712,down,190,4,None,202,False,
2025-11-24,10:30:09.293,401.2815,403.965,0.664,down,560,4,None,202,False,
2025-11-24,10:30:09.334,401.21,403.965,0.682,down,200,4,None,201,False,
2025-11-24,10:30:09.366,401.1986,403.965,0.685,down,300,4,None,202,False,
2025-11-24,10:30:09.413,401.1001,403.965,0.709,down,300,4,None,202,False,
2025-11-24,10:30:09.497,401.225,403.965,0.678,down,100,4,None,202,False,
2025-11-24,10:30:09.531,401.2318,403.965,0.677,down,500,4,None,202,False,
2025-11-24,10:30:09.549,401.5766,403.965,0.591,down,123,4,None,202,False,
2025-11-24,10:30:09.609,401.6088,403.965,0.583,down,105,4,None,202,False,
2025-11-24,10:30:09.646,401.69,403.965,0.563,down,300,4,None,202,False,
2025-11-24,10:30:09.723,401.545,403.965,0.599,down,250,4,None,202,False,
2025-11-24,10:30:09.398,401.215,403.965,0.681,down,652,4,None,202,False,
2025-11-24,10:30:09.839,401.545,403.965,0.599,down,132,4,None,202,False,
2025-11-24,10:30:07.893,401.86,403.965,0.521,down,100,4,None,202,False,
2025-11-24,10:30:09.839,401.545,403.965,0.599,down,200,4,None,203,False,
2025-11-24,10:30:09.889,401.54,403.965,0.6,down,250,4,None,202,False,
2025-11-24,10:30:09.904,401.422,403.965,0.63,down,300,4,None,202,False,
2025-11-24,10:30:09.922,401.42,403.965,0.63,down,371,4,None,202,False,
2025-11-24,10:30:10.045,401.555,403.965,0.597,down,100,4,None,202,False,
2025-11-24,10:30:10.069,401.555,403.965,0.597,down,265,4,None,202,False,
2025-11-24,10:30:07.903,401.855,403.965,0.522,down,100,4,None,202,False,
2025-11-24,10:30:10.239,401.695,403.965,0.562,down,181,4,None,201,False,
2025-11-24,10:30:10.362,401.515,403.965,0.606,down,175,4,None,202,False,
2025-11-24,10:30:09.963,401.605,403.965,0.584,down,100,4,None,202,False,
2025-11-24,10:30:10.400,401.459,403.965,0.62,down,323,4,None,202,False,
2025-11-24,10:30:10.412,401.5183,403.965,0.606,down,125,4,None,202,False,
2025-11-24,10:30:10.235,401.81,403.965,0.533,down,400,4,None,202,False,
2025-11-24,10:30:08.853,401.2901,403.965,0.662,down,100,4,None,202,False,
2025-11-24,10:30:10.851,401.9001,403.965,0.511,down,300,4,None,202,False,
2025-11-24,10:30:09.192,401.4899,403.965,0.613,down,100,4,None,202,False,
2025-11-24,10:30:09.246,401.21,403.965,0.682,down,100,4,None,202,False,
2025-11-24,10:30:11.091,401.87,403.965,0.519,down,186,4,None,202,False,
2025-11-24,10:30:11.208,401.7982,403.965,0.536,down,200,4,None,202,False,
2025-11-24,10:30:11.227,401.865,403.965,0.52,down,396,4,None,202,False,
2025-11-24,10:30:11.456,401.72,403.965,0.556,down,250,4,None,202,False,
2025-11-24,10:30:11.508,401.72,403.965,0.556,down,250,4,None,202,False,
2025-11-24,10:30:11.534,401.8251,403.965,0.53,down,100,4,None,202,False,
2025-11-24,10:30:11.644,401.5,403.965,0.61,down,100,4,None,202,False,
2025-11-24,10:30:11.697,401.61,403.965,0.583,down,100,4,None,202,False,
2025-11-24,10:30:09.095,401.395,403.965,0.636,down,100,4,None,202,False,
2025-11-24,10:30:11.827,401.61,403.965,0.583,down,100,4,None,202,False,
2025-11-24,10:30:11.927,401.61,403.965,0.583,down,250,4,None,202,False,
2025-11-24,10:30:12.080,401.61,403.965,0.583,down,250,4,None,202,False,
2025-11-24,10:30:12.097,401.7099,403.965,0.558,down,400,4,None,202,False,
2025-11-24,10:30:12.110,401.622,403.965,0.58,down,200,4,None,202,False,
2025-11-24,10:30:12.135,401.8799,403.965,0.516,down,1424,4,None,202,False,
2025-11-24,10:30:12.086,401.6199,403.965,0.581,down,100,4,None,202,False,
2025-11-24,10:30:12.190,401.8799,403.965,0.516,down,400,4,None,202,False,
2025-11-24,10:30:12.173,401.76,403.965,0.546,down,100,4,None,202,False,
2025-11-24,10:30:12.269,401.664,403.965,0.57,down,147,4,None,202,False,
2025-11-24,10:30:12.377,401.74,403.965,0.551,down,250,4,None,202,False,
2025-11-24,10:30:12.483,401.705,403.965,0.559,down,250,4,None,202,False,
2025-11-24,10:30:12.026,401.61,403.965,0.583,down,100,4,None,202,False,
2025-11-24,10:30:12.697,401.665,403.965,0.569,down,300,4,None,202,False,
2025-11-24,10:30:12.870,401.5701,403.965,0.593,down,300,4,None,202,False,
2025-11-24,10:30:12.972,401.57,403.965,0.593,down,1000,4,None,202,False,
2025-11-24,10:30:12.973,401.57,403.965,0.593,down,1000,4,None,202,False,
2025-11-24,10:30:13.011,401.915,403.965,0.507,down,100,4,None,202,False,
2025-11-24,10:30:13.456,401.85,403.965,0.524,down,100,4,None,202,False,
2025-11-24,10:30:10.376,401.4929,403.965,0.612,down,200,4,None,202,False,
2025-11-24,10:30:15.239,401.87,403.965,0.519,down,643,4,None,201,False,
2025-11-24,10:30:15.240,401.85,403.965,0.524,down,300,4,None,202,False,
2025-11-24,10:30:15.347,401.5929,403.965,0.587,down,281,4,None,202,False,
2025-11-24,10:30:15.359,401.8663,403.965,0.52,down,400,4,None,202,False,
2025-11-24,10:30:15.427,401.59,403.965,0.588,down,500,4,None,202,False,
2025-11-24,10:30:15.435,401.8302,403.965,0.528,down,200,4,None,202,False,
2025-11-24,10:30:58.783,406,403.965,0.504,up,300,4,None,202,True,1
2025-11-24,10:30:58.783,406,403.965,0.504,up,100,4,None,202,True,1
2025-11-24,10:30:58.787,406,403.965,0.504,up,120,4,None,202,True,1
2025-11-24,10:30:58.787,406,403.965,0.504,up,360,4,None,202,True,1
2025-11-24,10:30:59.020,406,403.965,0.504,up,100,4,None,203,True,1
2025-11-24,10:30:59.275,406.1,403.965,0.529,up,100,4,None,202,True,1
2025-11-24,10:30:59.277,406.04,403.965,0.514,up,100,4,None,202,True,1
2025-11-24,10:30:59.280,406.0246,403.965,0.51,up,400,4,None,202,True,1
2025-11-24,10:30:59.296,406.055,403.965,0.517,up,101,4,None,202,True,1
2025-11-24,10:30:59.301,406.03,403.965,0.511,up,250,4,None,202,True,1
2025-11-24,10:30:59.301,406.03,403.965,0.511,up,100,4,None,202,True,1
2025-11-24,10:30:59.302,406.03,403.965,0.511,up,100,4,None,202,True,1
2025-11-24,10:30:59.302,406.03,403.965,0.511,up,100,4,None,202,True,1
2025-11-24,10:30:59.336,406.02,403.965,0.509,up,100,4,None,202,True,1
2025-11-24,10:30:59.336,406.01,403.965,0.506,up,100,4,None,202,True,1
2025-11-24,10:30:59.337,406.02,403.965,0.509,up,100,4,None,202,True,1
2025-11-24,10:30:59.339,406.01,403.965,0.506,up,100,4,None,202,True,1
2025-11-24,10:30:59.337,406.025,403.965,0.51,up,100,4,None,202,True,1
2025-11-24,10:30:59.337,406.025,403.965,0.51,up,100,4,None,202,True,1
2025-11-24,10:30:59.337,406.015,403.965,0.507,up,100,4,None,202,True,1
2025-11-24,10:30:59.346,406.06,403.965,0.519,up,100,4,None,202,True,1
2025-11-24,10:30:59.348,406.06,403.965,0.519,up,100,4,None,202,True,1
2025-11-24,10:30:59.348,406.06,403.965,0.519,up,100,4,None,202,True,1
2025-11-24,10:30:59.348,406.06,403.965,0.519,up,100,4,None,202,True,1
2025-11-24,10:30:59.348,406.06,403.965,0.519,up,142,4,None,202,True,1
2025-11-24,10:30:59.411,405.99,403.965,0.501,up,100,4,None,202,True,1
2025-11-24,10:30:59.418,406.08,403.965,0.524,up,250,4,None,202,True,1
2025-11-26,10:30:04.359,422.245,424.38,0.503,down,100,4,None,202,True,3
2025-11-26,10:30:04.390,422.235,424.38,0.505,down,200,4,None,202,True,3
2025-11-26,10:30:04.777,422.2,424.38,0.514,down,265,4,None,202,True,3
2025-11-26,10:30:04.789,422.19,424.38,0.516,down,100,4,None,202,True,3
2025-11-26,10:30:04.910,422.17,424.38,0.521,down,100,4,None,202,True,3
2025-11-26,10:30:04.901,422.25,424.38,0.502,down,160,4,None,202,True,3
2025-11-26,10:30:08.730,422.23,424.38,0.507,down,100,4,None,202,True,3
2025-11-26,10:30:08.892,422.2301,424.38,0.507,down,1205,4,None,202,True,3
2025-11-26,10:30:12.162,422.255,424.38,0.501,down,100,4,None,202,True,3
2025-12-02,11:15:08.728,431.02,434.4075,0.78,down,100,4,"[10, 22, 41]",202,False,
2025-12-02,12:13:33.266,434.8407,425.8252,2.117,up,300,4,"[10, 22, 41]",202,True,1
2025-12-03,10:30:35.318,434.7124,432.53,0.505,up,100,4,None,202,True,1
2025-12-03,10:30:35.319,434.7199,432.53,0.506,up,240,4,None,202,True,1
2025-12-03,10:31:03.454,432.02,434.21,0.504,down,400,4,None,202,False,
2025-12-03,10:31:03.464,431.87,434.21,0.539,down,100,4,None,202,False,
2025-12-03,10:31:03.462,432,434.21,0.509,down,420,4,None,201,False,
2025-12-03,10:31:03.461,432,434.21,0.509,down,320,4,None,202,False,
2025-12-03,10:31:03.467,431.8,434.21,0.555,down,100,4,None,202,False,
2025-12-03,10:31:03.505,431.895,434.21,0.533,down,139,4,None,202,False,
2025-12-03,10:31:03.523,431.895,434.21,0.533,down,100,4,None,202,False,
2025-12-03,10:31:03.534,431.89,434.21,0.534,down,100,4,None,202,False,
2025-12-03,10:31:03.579,431.93,434.21,0.525,down,500,4,None,202,False,
2025-12-03,10:31:03.601,432,434.21,0.509,down,200,4,None,202,False,
2025-12-03,10:31:03.616,431.78,434.21,0.56,down,264,4,None,202,False,
2025-12-03,10:31:03.643,431.8,434.21,0.555,down,150,4,None,202,False,
2025-12-03,10:31:03.735,431.8,434.21,0.555,down,152,4,None,202,False,
2025-12-03,10:31:03.778,431.8,434.21,0.555,down,100,4,None,202,False,
2025-12-03,10:31:03.982,431.625,434.21,0.595,down,127,4,None,202,False,
2025-12-03,10:31:04.042,431.6703,434.21,0.585,down,100,4,None,202,False,
2025-12-03,10:31:04.115,431.6703,434.21,0.585,down,300,4,None,202,False,
2025-12-03,10:31:04.173,431.68,434.21,0.583,down,100,4,None,202,False,
2025-12-03,10:31:04.161,431.565,434.21,0.609,down,100,4,None,203,False,
2025-12-03,10:31:04.251,431.56,434.21,0.61,down,194,4,None,202,False,
2025-12-03,10:31:04.416,431.6515,434.21,0.589,down,100,4,None,202,False,
2025-12-03,10:31:04.473,431.561,434.21,0.61,down,375,4,None,202,False,
2025-12-03,10:31:04.481,431.5,434.21,0.624,down,100,4,None,202,False,
2025-12-03,10:31:04.482,431.53,434.21,0.617,down,500,4,None,202,False,
2025-12-03,10:31:04.485,431.45,434.21,0.636,down,154,4,None,202,False,
2025-12-03,10:31:04.525,431.39,434.21,0.649,down,169,4,None,202,False,
2025-12-03,10:31:04.550,431.46,434.21,0.633,down,500,4,None,201,False,
2025-12-03,10:31:04.552,431.565,434.21,0.609,down,500,4,None,202,False,
2025-12-03,10:31:04.633,431.46,434.21,0.633,down,172,4,None,201,False,
2025-12-03,10:31:04.700,431.565,434.21,0.609,down,100,4,None,202,False,
2025-12-03,10:31:04.700,431.4601,434.21,0.633,down,260,4,None,202,False,
2025-12-03,10:31:04.700,431.3601,434.21,0.656,down,200,4,"[14, 41]",202,False,
2025-12-03,10:31:04.700,431.57,434.21,0.608,down,100,4,None,202,False,
2025-12-03,10:31:04.700,431.535,434.21,0.616,down,100,4,None,202,False,
2025-12-03,10:31:04.709,431.47,434.21,0.631,down,200,4,None,202,False,
2025-12-03,10:31:04.759,431.4701,434.21,0.631,down,264,4,None,202,False,
2025-12-03,10:31:04.766,431.56,434.21,0.61,down,134,4,None,202,False,
2025-12-03,10:31:04.793,431.57,434.21,0.608,down,100,4,None,202,False,
2025-12-03,10:31:04.917,431.49,434.21,0.626,down,200,4,None,202,False,
2025-12-03,10:31:04.917,431.5,434.21,0.624,down,360,4,None,203,False,
2025-12-03,10:31:04.920,431.4953,434.21,0.625,down,400,4,None,203,False,
2025-12-03,10:31:04.959,431.49,434.21,0.626,down,400,4,None,202,False,
2025-12-03,10:31:04.966,431.495,434.21,0.625,down,100,4,None,202,False,
2025-12-03,10:31:04.980,431.5218,434.21,0.619,down,125,4,None,202,False,
2025-12-03,10:31:05.084,431.5282,434.21,0.618,down,200,4,None,202,False,
2025-12-03,10:31:05.088,431.56,434.21,0.61,down,100,4,None,202,False,
2025-12-03,10:31:05.088,431.585,434.21,0.605,down,102,4,None,202,False,
2025-12-03,10:31:05.107,431.72,434.21,0.573,down,245,4,None,202,False,
2025-12-03,10:31:05.111,431.58,434.21,0.606,down,320,4,None,202,False,
2025-12-03,10:31:05.116,431.6295,434.21,0.594,down,100,4,None,201,False,
2025-12-03,10:31:05.126,431.604,434.21,0.6,down,150,4,None,202,False,
2025-12-03,10:31:05.118,431.6249,434.21,0.595,down,200,4,None,203,False,
2025-12-03,10:31:05.154,431.72,434.21,0.573,down,200,4,None,202,False,
2025-12-03,10:31:05.140,431.5749,434.21,0.607,down,100,4,None,203,False,
2025-12-03,10:31:05.217,431.69,434.21,0.58,down,100,4,None,202,False,
2025-12-03,10:31:05.223,431.81,434.21,0.553,down,250,4,None,201,False,
2025-12-03,10:31:05.286,431.815,434.21,0.552,down,200,4,None,202,False,
2025-12-03,10:31:05.323,431.8235,434.21,0.55,down,180,4,None,202,False,
2025-12-03,10:31:05.441,431.7,434.21,0.578,down,100,4,None,202,False,
2025-12-03,10:31:05.455,431.8365,434.21,0.547,down,100,4,None,202,False,
2025-12-03,10:31:04.095,431.6223,434.21,0.596,down,150,4,None,202,False,
2025-12-03,10:31:05.469,431.8066,434.21,0.554,down,100,4,None,202,False,
2025-12-03,10:31:05.475,431.7,434.21,0.578,down,718,4,None,201,False,
2025-12-03,10:31:05.488,431.7771,434.21,0.56,down,200,4,None,203,False,
2025-12-03,10:31:05.187,431.6635,434.21,0.586,down,200,4,None,201,False,
2025-12-03,10:31:05.605,431.83,434.21,0.548,down,100,4,None,202,False,
2025-12-03,10:31:05.625,431.8066,434.21,0.554,down,200,4,None,202,False,
2025-12-03,10:31:05.628,431.707,434.21,0.576,down,100,4,None,202,False,
2025-12-03,10:31:05.638,431.7001,434.21,0.578,down,500,4,None,201,False,
2025-12-03,10:31:05.720,431.7799,434.21,0.56,down,800,4,None,202,False,
2025-12-03,10:31:05.796,431.81,434.21,0.553,down,250,4,None,201,False,
2025-12-03,10:31:05.806,431.6501,434.21,0.59,down,200,4,None,201,False,
2025-12-03,10:31:05.850,431.77,434.21,0.562,down,200,4,None,202,False,
2025-12-03,10:31:05.871,431.77,434.21,0.562,down,100,4,None,202,False,
2025-12-03,10:31:05.896,431.7405,434.21,0.569,down,200,4,None,201,False,
2025-12-03,10:31:06.015,431.725,434.21,0.572,down,900,4,None,202,False,
2025-12-03,10:31:06.072,431.84,434.21,0.546,down,200,4,None,202,False,
2025-12-03,10:31:06.106,431.725,434.21,0.572,down,132,4,None,202,False,
2025-12-03,10:31:06.108,431.71,434.21,0.576,down,100,4,None,202,False,
2025-12-03,10:31:06.172,431.88,434.21,0.537,down,100,4,None,202,False,
2025-12-03,10:31:06.186,431.73,434.21,0.571,down,100,4,None,202,False,
2025-12-03,10:31:06.233,431.75,434.21,0.567,down,300,4,None,202,False,
2025-12-03,10:31:06.387,431.686,434.21,0.581,down,100,4,None,202,False,
2025-12-03,10:31:06.409,431.785,434.21,0.558,down,100,4,None,202,False,
2025-12-03,10:31:06.421,431.785,434.21,0.558,down,400,4,None,202,False,
2025-12-03,10:31:06.432,431.89,434.21,0.534,down,533,4,None,202,False,
2025-12-03,10:31:06.500,431.7188,434.21,0.574,down,100,4,None,202,False,
2025-12-03,10:31:06.539,431.76,434.21,0.564,down,100,4,None,202,False,
2025-12-03,10:31:06.540,431.78,434.21,0.56,down,100,4,None,202,False,
2025-12-03,10:31:06.542,431.7451,434.21,0.568,down,100,4,None,202,False,
2025-12-03,10:31:06.548,431.755,434.21,0.565,down,100,4,None,202,False,
2025-12-03,10:31:06.548,431.755,434.21,0.565,down,100,4,None,202,False,
2025-12-03,10:31:06.559,431.755,434.21,0.565,down,100,4,None,202,False,
2025-12-03,10:31:06.597,431.7101,434.21,0.576,down,100,4,None,202,False,
2025-12-03,10:31:06.784,431.76,434.21,0.564,down,250,4,None,202,False,
2025-12-03,10:31:06.808,431.76,434.21,0.564,down,100,4,None,202,False,
2025-12-03,10:31:06.817,431.7,434.21,0.578,down,111,4,None,202,False,
2025-12-03,10:31:06.817,431.7001,434.21,0.578,down,111,4,None,202,False,
2025-12-03,10:31:06.828,431.58,434.21,0.606,down,445,4,None,202,False,
2025-12-03,10:31:06.882,431.6201,434.21,0.596,down,100,4,None,202,False,
2025-12-03,10:31:06.523,431.785,434.21,0.558,down,120,4,None,202,False,
2025-12-03,10:31:06.932,431.6756,434.21,0.584,down,400,4,None,202,False,
2025-12-03,10:31:07.088,431.687,434.21,0.581,down,200,4,None,202,False,
2025-12-03,10:31:07.088,431.7,434.21,0.578,down,794,4,None,202,False,
2025-12-03,10:31:07.096,431.7,434.21,0.578,down,100,4,None,202,False,
2025-12-03,10:31:07.088,431.674,434.21,0.584,down,360,4,None,203,False,
2025-12-03,10:31:06.902,431.64,434.21,0.592,down,250,4,None,202,False,
2025-12-03,10:31:06.902,431.655,434.21,0.588,down,100,4,None,202,False,
2025-12-03,10:31:06.902,431.62,434.21,0.596,down,291,4,None,202,False,
2025-12-03,10:31:06.902,431.66,434.21,0.587,down,100,4,None,202,False,
2025-12-03,10:31:06.902,431.66,434.21,0.587,down,100,4,None,202,False,
2025-12-03,10:31:06.902,431.65,434.21,0.59,down,100,4,None,202,False,
2025-12-03,10:31:07.168,431.73,434.21,0.571,down,100,4,None,202,False,
2025-12-03,10:31:07.192,431.71,434.21,0.576,down,200,4,None,202,False,
2025-12-03,10:31:07.313,431.67,434.21,0.585,down,100,4,None,202,False,
2025-12-03,10:31:07.335,431.686,434.21,0.581,down,149,4,None,202,False,
2025-12-03,10:31:07.442,431.835,434.21,0.547,down,232,4,None,201,False,
2025-12-03,10:31:07.464,431.9433,434.21,0.522,down,100,4,None,203,False,
2025-12-03,10:31:07.562,431.85,434.21,0.544,down,300,4,None,202,False,
2025-12-03,10:31:07.695,431.8302,434.21,0.548,down,110,4,None,202,False,
2025-12-03,10:31:07.755,431.855,434.21,0.542,down,100,4,None,202,False,
2025-12-03,10:31:07.798,431.7501,434.21,0.567,down,180,4,None,202,False,
2025-12-03,10:31:07.798,431.6101,434.21,0.599,down,180,4,"[14, 41]",202,False,
2025-12-03,10:31:07.800,431.855,434.21,0.542,down,280,4,None,202,False,
2025-12-03,10:31:07.972,431.7545,434.21,0.566,down,100,4,None,203,False,
2025-12-03,10:31:07.997,431.8172,434.21,0.551,down,100,4,None,202,False,
2025-12-03,10:31:08.007,431.77,434.21,0.562,down,300,4,None,202,False,
2025-12-03,10:31:08.092,431.88,434.21,0.537,down,200,4,None,202,False,
2025-12-03,10:31:08.366,431.9,434.21,0.532,down,100,4,None,202,False,
2025-12-03,10:31:08.413,431.77,434.21,0.562,down,125,4,None,202,False,
2025-12-03,10:31:08.414,431.77,434.21,0.562,down,350,4,None,202,False,
2025-12-03,10:31:08.570,431.705,434.21,0.577,down,100,4,None,202,False,
2025-12-03,10:31:08.593,431.65,434.21,0.59,down,1360,4,None,202,False,
2025-12-03,10:31:08.668,431.735,434.21,0.57,down,100,4,None,202,False,
2025-12-03,10:31:08.692,431.79,434.21,0.557,down,100,4,None,202,False,
2025-12-03,10:31:08.692,431.79,434.21,0.557,down,100,4,None,202,False,
2025-12-03,10:31:08.731,431.8117,434.21,0.552,down,104,4,None,202,False,
2025-12-03,10:31:08.753,431.71,434.21,0.576,down,100,4,None,202,False,
2025-12-03,10:31:08.804,431.7955,434.21,0.556,down,200,4,None,202,False,
2025-12-03,10:31:08.887,431.7997,434.21,0.555,down,129,4,None,202,False,
2025-12-03,10:31:09.077,431.7852,434.21,0.558,down,113,4,None,202,False,
2025-12-03,10:31:09.109,431.8303,434.21,0.548,down,400,4,None,202,False,
2025-12-03,10:31:09.132,431.819,434.21,0.551,down,150,4,None,202,False,
2025-12-03,10:31:09.195,431.8076,434.21,0.553,down,400,4,None,202,False,
2025-12-03,10:31:09.325,431.899,434.21,0.532,down,100,4,None,202,False,
2025-12-03,10:31:09.474,431.8999,434.21,0.532,down,260,4,None,202,False,
2025-12-03,10:31:09.651,431.7769,434.21,0.56,down,490,4,None,202,False,
2025-12-03,10:31:09.704,431.9,434.21,0.532,down,100,4,None,202,False,
2025-12-03,10:31:09.774,431.9,434.21,0.532,down,100,4,None,202,False,
2025-12-03,10:31:09.782,431.88,434.21,0.537,down,100,4,None,202,False,
2025-12-03,10:31:09.797,431.885,434.21,0.535,down,146,4,None,202,False,
2025-12-03,10:31:09.851,431.88,434.21,0.537,down,105,4,None,201,False,
2025-12-03,10:31:09.961,431.72,434.21,0.573,down,100,4,None,202,False,
2025-12-03,10:31:10.029,431.81,434.21,0.553,down,200,4,None,202,False,
2025-12-03,10:31:10.053,431.81,434.21,0.553,down,300,4,None,201,False,
2025-12-03,10:31:10.141,431.72,434.21,0.573,down,100,4,None,202,False,
2025-12-03,10:31:10.158,431.805,434.21,0.554,down,377,4,None,202,False,
2025-12-03,10:31:10.158,431.711,434.21,0.576,down,423,4,None,202,False,
2025-12-03,10:31:10.322,431.72,434.21,0.573,down,100,4,None,202,False,
2025-12-03,10:31:10.417,431.8099,434.21,0.553,down,100,4,None,202,False,
2025-12-03,10:31:10.679,431.57,434.21,0.608,down,100,4,None,202,False,
2025-12-03,10:31:10.682,431.5,434.21,0.624,down,200,4,None,202,False,
2025-12-03,10:31:10.895,431.5,434.21,0.624,down,100,4,None,202,False,
2025-12-03,10:31:10.904,431.5734,434.21,0.607,down,200,4,None,202,False,
2025-12-03,10:31:10.997,431.555,434.21,0.611,down,100,4,None,202,False,
2025-12-03,10:31:11.067,431.62,434.21,0.596,down,400,4,None,202,False,
2025-12-03,10:31:11.224,431.61,434.21,0.599,down,106,4,None,202,False,
2025-12-03,10:31:11.272,431.8625,434.21,0.541,down,100,4,None,202,False,
2025-12-03,10:31:11.371,431.82,434.21,0.55,down,100,4,None,202,False,
2025-12-03,10:31:11.483,431.85,434.21,0.544,down,200,4,None,202,False,
2025-12-03,10:31:11.634,431.7501,434.21,0.567,down,100,4,None,202,False,
2025-12-03,10:31:11.857,431.751,434.21,0.566,down,107,4,None,202,False,
2025-12-03,10:31:11.867,431.68,434.21,0.583,down,100,4,None,202,False,
2025-12-03,10:31:11.983,431.7762,434.21,0.561,down,300,4,None,202,False,
2025-12-03,10:31:12.046,431.78,434.21,0.56,down,200,4,None,202,False,
2025-12-03,10:31:12.083,431.78,434.21,0.56,down,100,4,None,202,False,
2025-12-03,10:31:12.164,431.6,434.21,0.601,down,200,4,None,202,False,
2025-12-03,10:31:12.189,431.51,434.21,0.622,down,100,4,None,202,False,
2025-12-03,10:31:12.307,431.42,434.21,0.643,down,100,4,None,202,False,
2025-12-03,10:31:12.317,431.56,434.21,0.61,down,520,4,None,202,False,
2025-12-03,10:31:12.322,431.73,434.21,0.571,down,100,4,None,202,False,
2025-12-03,10:31:12.209,431.6,434.21,0.601,down,400,4,None,202,False,
2025-12-03,10:31:11.763,431.7971,434.21,0.556,down,200,4,None,202,False,
2025-12-03,10:31:12.481,431.5401,434.21,0.615,down,337,4,None,202,False,
2025-12-03,10:31:12.507,431.56,434.21,0.61,down,150,4,None,202,False,
2025-12-03,10:31:12.543,431.5401,434.21,0.615,down,1000,4,None,202,False,
2025-12-03,10:31:12.553,431.7963,434.21,0.556,down,150,4,None,202,False,
2025-12-03,10:31:12.560,431.54,434.21,0.615,down,350,4,None,202,False,
2025-12-03,10:31:12.594,431.5401,434.21,0.615,down,130,4,None,202,False,
2025-12-03,10:31:12.940,431.5539,434.21,0.612,down,200,4,None,202,False,
2025-12-03,10:31:12.944,431.535,434.21,0.616,down,100,4,None,202,False,
2025-12-03,10:31:12.952,431.48,434.21,0.629,down,120,4,None,202,False,
2025-12-03,10:31:13.229,431.5,434.21,0.624,down,200,4,None,202,False,
2025-12-03,10:31:13.245,431.3801,434.21,0.652,down,100,4,None,202,False,
2025-12-03,10:31:13.500,431.54,434.21,0.615,down,100,4,None,202,False,
2025-12-03,10:31:13.493,431.54,434.21,0.615,down,100,4,None,201,False,
2025-12-03,10:31:13.535,431.548,434.21,0.613,down,100,4,None,201,False,
2025-12-03,10:31:13.604,431.54,434.21,0.615,down,100,4,None,202,False,
2025-12-03,10:31:13.707,431.54,434.21,0.615,down,100,4,None,202,False,
2025-12-03,10:31:13.709,431.54,434.21,0.615,down,300,4,None,202,False,
2025-12-03,10:31:13.731,431.5,434.21,0.624,down,100,4,None,202,False,
2025-12-03,10:31:13.771,431.51,434.21,0.622,down,100,4,None,203,False,
2025-12-03,10:31:13.792,431.505,434.21,0.623,down,100,4,None,202,False,
2025-12-03,10:31:13.787,431.548,434.21,0.613,down,100,4,None,201,False,
2025-12-03,10:31:13.894,431.46,434.21,0.633,down,200,4,None,202,False,
2025-12-03,10:31:14.014,431.49,434.21,0.626,down,250,4,None,202,False,
2025-12-03,10:31:14.133,431.3701,434.21,0.654,down,100,4,None,202,False,
2025-12-03,10:31:14.136,431.4,434.21,0.647,down,100,4,None,203,False,
2025-12-03,10:31:14.163,431.49,434.21,0.626,down,100,4,None,202,False,
2025-12-03,10:31:14.482,431.4715,434.21,0.631,down,100,4,None,202,False,
2025-12-03,10:31:14.574,431.3173,434.21,0.666,down,500,4,None,202,False,
2025-12-03,10:31:14.622,431.405,434.21,0.646,down,150,4,None,202,False,
2025-12-03,10:31:14.658,431.4999,434.21,0.624,down,100,4,None,202,False,
2025-12-03,10:31:14.745,431.405,434.21,0.646,down,100,4,None,202,False,
2025-12-03,10:31:14.747,431.405,434.21,0.646,down,200,4,None,202,False,
2025-12-03,10:31:14.876,431.32,434.21,0.666,down,200,4,None,202,False,
2025-12-03,10:31:14.932,431.3101,434.21,0.668,down,997,4,None,202,False,
2025-12-03,10:31:14.957,431.29,434.21,0.672,down,395,4,None,202,False,
2025-12-03,10:31:15.093,431.44,434.21,0.638,down,200,4,None,202,False,
2025-12-03,10:31:15.228,431.4,434.21,0.647,down,100,4,None,202,False,
2025-12-03,10:31:15.334,431.4,434.21,0.647,down,108,4,None,202,False,
2025-12-03,10:31:15.337,431.4,434.21,0.647,down,300,4,None,202,False,
2025-12-03,10:31:15.336,431.4999,434.21,0.624,down,100,4,None,202,False,
2025-12-03,10:31:15.362,431.44,434.21,0.638,down,100,4,None,202,False,
2025-12-03,10:31:15.398,431.3268,434.21,0.664,down,200,4,None,202,False,
2025-12-03,10:31:15.518,431.345,434.21,0.66,down,109,4,None,202,False,
2025-12-03,10:31:15.625,431.3001,434.21,0.67,down,230,4,None,202,False,
2025-12-03,10:31:15.629,431.29,434.21,0.672,down,502,4,None,202,False,
2025-12-03,10:31:15.644,431.22,434.21,0.689,down,300,4,None,202,False,
2025-12-03,10:31:15.650,431.21,434.21,0.691,down,994,4,None,202,False,
2025-12-03,10:31:15.929,431.2756,434.21,0.676,down,400,4,None,202,False,
2025-12-03,10:31:15.941,431.346,434.21,0.66,down,100,4,None,202,False,
2025-12-03,10:31:15.950,431.24,434.21,0.684,down,100,4,None,202,False,
2025-12-03,10:31:15.997,431.2756,434.21,0.676,down,122,4,None,202,False,
2025-12-03,10:31:16.004,431.24,434.21,0.684,down,400,4,None,202,False,
2025-12-03,10:31:16.018,431.3,434.21,0.67,down,200,4,None,202,False,
2025-12-03,10:31:16.603,431.29,434.21,0.672,down,100,4,None,202,False,
2025-12-03,10:31:16.648,431.242,434.21,0.684,down,100,4,None,202,False,
2025-12-03,10:31:16.675,431.43,434.21,0.64,down,100,4,None,202,False,
2025-12-03,10:31:16.740,431.43,434.21,0.64,down,200,4,None,202,False,
2025-12-03,10:31:16.879,431.27,434.21,0.677,down,100,4,None,202,False,
2025-12-03,10:31:17.052,431.34,434.21,0.661,down,200,4,None,202,False,
2025-12-03,10:31:17.072,431.27,434.21,0.677,down,277,4,None,202,False,
2025-12-03,10:31:17.069,431.27,434.21,0.677,down,100,4,None,203,False,
2025-12-03,10:31:17.280,431.2556,434.21,0.68,down,100,4,None,202,False,
2025-12-03,10:31:17.382,431.3,434.21,0.67,down,200,4,None,202,False,
2025-12-03,10:31:17.455,431.2001,434.21,0.693,down,200,4,None,202,False,
2025-12-03,10:31:17.465,431.275,434.21,0.676,down,150,4,None,202,False,
2025-12-03,10:31:17.511,431.275,434.21,0.676,down,500,4,None,202,False,
2025-12-03,10:31:17.574,431.3102,434.21,0.668,down,100,4,None,202,False,
2025-12-03,10:31:16.444,431.358,434.21,0.657,down,400,4,None,201,False,
2025-12-03,10:31:17.589,431.3548,434.21,0.658,down,300,4,None,202,False,
2025-12-03,10:31:17.369,431.335,434.21,0.662,down,100,4,None,202,False,
2025-12-03,10:31:17.654,431.324,434.21,0.665,down,100,4,None,202,False,
2025-12-03,10:31:17.935,431.38,434.21,0.652,down,100,4,None,202,False,
2025-12-03,10:31:17.952,431.285,434.21,0.674,down,100,4,None,202,False,
2025-12-03,10:31:17.952,431.285,434.21,0.674,down,200,4,None,202,False,
2025-12-03,10:31:17.961,431.2733,434.21,0.676,down,200,4,None,202,False,
2025-12-03,10:31:17.981,431.35,434.21,0.659,down,250,4,None,202,False,
2025-12-03,10:31:18.005,431.2733,434.21,0.676,down,100,4,None,202,False,
2025-12-03,10:31:18.006,431.26,434.21,0.679,down,250,4,None,202,False,
2025-12-03,10:31:18.007,431.35,434.21,0.659,down,200,4,None,202,False,
2025-12-03,10:31:18.028,431.2967,434.21,0.671,down,100,4,None,202,False,
2025-12-03,10:31:18.076,431.24,434.21,0.684,down,200,4,None,202,False,
2025-12-03,10:31:18.082,431.3341,434.21,0.662,down,200,4,None,203,False,
2025-12-03,10:31:18.143,431.21,434.21,0.691,down,200,4,None,202,False,
2025-12-03,10:31:18.199,431.27,434.21,0.677,down,100,4,None,202,False,
2025-12-03,10:31:18.323,431.19,434.21,0.696,down,100,4,None,203,False,
2025-12-03,10:31:18.643,431.11,434.21,0.714,down,100,4,None,201,False,
2025-12-03,10:31:18.732,431.1174,434.21,0.712,down,200,4,None,202,False,
2025-12-03,10:31:18.739,431.1961,434.21,0.694,down,100,4,None,202,False,
2025-12-03,10:31:18.866,431.3199,434.21,0.666,down,900,4,None,202,False,
2025-12-03,10:31:18.887,431.1881,434.21,0.696,down,100,4,None,202,False,
2025-12-03,10:31:18.956,431.3,434.21,0.67,down,100,4,None,202,False,
2025-12-03,10:31:18.999,431.34,434.21,0.661,down,100,4,None,202,False,
2025-12-03,10:31:19.025,431.32,434.21,0.666,down,250,4,None,202,False,
2025-12-03,10:31:19.083,431.32,434.21,0.666,down,101,4,None,202,False,
2025-12-03,10:31:19.103,431.2743,434.21,0.676,down,110,4,None,202,False,
2025-12-03,10:31:19.148,431.34,434.21,0.661,down,100,4,None,202,False,
2025-12-03,10:31:19.273,431.2501,434.21,0.682,down,1000,4,None,202,False,
2025-12-03,10:31:19.387,431.29,434.21,0.672,down,100,4,None,202,False,
2025-12-03,10:31:19.112,431.22,434.21,0.689,down,100,4,None,201,False,
2025-12-03,10:31:19.567,431.2614,434.21,0.679,down,250,4,None,202,False,
2025-12-03,10:31:19.591,431.35,434.21,0.659,down,1000,4,None,202,False,
2025-12-03,10:31:19.623,431.2616,434.21,0.679,down,100,4,None,202,False,
2025-12-03,10:31:19.736,431.2616,434.21,0.679,down,400,4,None,202,False,
2025-12-03,10:31:19.849,431.3859,434.21,0.65,down,100,4,None,202,False,
2025-12-03,10:31:19.918,431.4,434.21,0.647,down,100,4,None,202,False,
2025-12-03,10:31:19.955,431.26,434.21,0.679,down,400,4,None,202,False,
2025-12-03,10:31:19.955,431.26,434.21,0.679,down,550,4,None,202,False,
2025-12-03,10:31:20.034,431.26,434.21,0.679,down,100,4,None,201,False,
2025-12-03,10:31:20.054,431.2601,434.21,0.679,down,1300,4,None,202,False,
2025-12-03,10:31:20.232,431.3174,434.21,0.666,down,100,4,None,202,False,
2025-12-03,10:31:20.248,431.2601,434.21,0.679,down,129,4,None,202,False,
2025-12-03,10:31:20.287,431.4,434.21,0.647,down,100,4,None,202,False,
2025-12-03,10:31:20.514,431.4,434.21,0.647,down,500,4,None,202,False,
2025-12-03,10:31:20.601,431.2612,434.21,0.679,down,100,4,None,202,False,
2025-12-03,10:31:20.686,431.3299,434.21,0.663,down,200,4,None,202,False,
2025-12-03,10:31:20.716,431.23,434.21,0.686,down,125,4,None,202,False,
2025-12-03,10:31:20.733,431.33,434.21,0.663,down,2000,4,None,202,False,
2025-12-03,10:31:20.782,431.195,434.21,0.694,down,100,4,None,202,False,
2025-12-03,10:31:20.802,431.13,434.21,0.709,down,200,4,None,202,False,
2025-12-03,10:31:20.888,431.1528,434.21,0.704,down,125,4,None,202,False,
2025-12-03,10:31:20.909,431.1963,434.21,0.694,down,100,4,None,202,False,
2025-12-03,10:31:21.195,431.143,434.21,0.706,down,300,4,None,202,False,
2025-12-03,10:31:21.288,431.1849,434.21,0.697,down,435,4,None,202,False,
2025-12-03,10:31:21.434,431.13,434.21,0.709,down,200,4,None,202,False,
2025-12-03,10:31:21.596,431.195,434.21,0.694,down,100,4,None,202,False,
2025-12-03,10:31:21.661,431.2067,434.21,0.692,down,200,4,None,202,False,
2025-12-03,10:31:21.858,431.52,434.21,0.62,down,150,4,None,202,False,
2025-12-03,10:31:21.939,431.4001,434.21,0.647,down,100,4,None,202,False,
2025-12-03,10:31:22.295,431.58,434.21,0.606,down,100,4,None,202,False,
2025-12-03,10:31:22.299,431.58,434.21,0.606,down,100,4,None,202,False,
2025-12-03,10:31:22.469,431.4719,434.21,0.631,down,200,4,None,202,False,
2025-12-03,10:31:22.511,431.565,434.21,0.609,down,100,4,None,202,False,
2025-12-03,10:31:22.564,431.565,434.21,0.609,down,100,4,None,202,False,
2025-12-03,10:31:22.562,431.49,434.21,0.626,down,100,4,None,203,False,
2025-12-03,10:31:22.654,431.603,434.21,0.6,down,240,4,None,202,False,
2025-12-03,10:31:22.662,431.565,434.21,0.609,down,100,4,None,202,False,
2025-12-03,10:31:22.860,431.41,434.21,0.645,down,180,4,None,202,False,
2025-12-03,10:31:22.868,431.62,434.21,0.596,down,100,4,None,202,False,
2025-12-03,10:31:22.903,431.53,434.21,0.617,down,100,4,None,202,False,
2025-12-03,10:31:22.966,431.53,434.21,0.617,down,150,4,None,202,False,
2025-12-03,10:31:23.004,431.62,434.21,0.596,down,228,4,None,202,False,
2025-12-03,10:31:23.047,431.53,434.21,0.617,down,100,4,None,201,False,
2025-12-03,10:31:23.058,431.6054,434.21,0.6,down,450,4,None,202,False,
2025-12-03,10:31:23.218,431.502,434.21,0.624,down,100,4,None,202,False,
2025-12-03,10:31:23.317,431.5,434.21,0.624,down,100,4,None,202,False,
2025-12-03,10:31:23.341,431.44,434.21,0.638,down,113,4,None,202,False,
2025-12-03,10:31:23.412,431.48,434.21,0.629,down,1000,4,None,202,False,
2025-12-03,10:31:23.464,431.3601,434.21,0.656,down,500,4,None,202,False,
2025-12-03,10:31:23.465,431.4,434.21,0.647,down,200,4,None,202,False,
2025-12-03,10:31:23.492,431.4,434.21,0.647,down,118,4,None,202,False,
2025-12-03,10:31:23.542,431.423,434.21,0.642,down,200,4,None,202,False,
2025-12-03,10:31:23.627,431.41,434.21,0.645,down,100,4,None,202,False,
2025-12-03,10:31:23.685,431.39,434.21,0.649,down,137,4,None,202,False,
2025-12-03,10:31:23.688,431.39,434.21,0.649,down,200,4,None,202,False,
2025-12-03,10:31:23.728,431.3827,434.21,0.651,down,100,4,None,202,False,
2025-12-03,10:31:24.031,431.385,434.21,0.651,down,462,4,None,202,False,
2025-12-03,10:31:24.129,431.3897,434.21,0.65,down,400,4,None,202,False,
2025-12-03,10:31:24.149,431.4764,434.21,0.63,down,100,4,None,202,False,
2025-12-03,10:31:24.224,431.416,434.21,0.643,down,200,4,None,202,False,
2025-12-03,10:31:24.472,431.42,434.21,0.643,down,100,4,None,202,False,
2025-12-03,10:31:24.509,431.3755,434.21,0.653,down,100,4,None,202,False,
2025-12-03,10:31:24.687,431.534,434.21,0.616,down,250,4,None,202,False,
2025-12-03,10:31:24.857,431.565,434.21,0.609,down,100,4,None,201,False,
2025-12-03,10:31:24.904,431.5497,434.21,0.613,down,100,4,None,202,False,
2025-12-03,10:31:25.056,431.58,434.21,0.606,down,160,4,None,202,False,
2025-12-03,10:31:25.340,431.5001,434.21,0.624,down,200,4,None,202,False,
2025-12-03,10:31:25.396,431.67,434.21,0.585,down,100,4,None,202,False,
2025-12-03,10:31:25.596,431.735,434.21,0.57,down,170,4,None,202,False,
2025-12-03,10:31:26.118,431.735,434.21,0.57,down,100,4,None,202,False,
2025-12-03,10:31:26.270,431.795,434.21,0.556,down,100,4,None,202,False,
2025-12-03,10:31:26.274,431.795,434.21,0.556,down,100,4,None,202,False,
2025-12-03,10:31:26.367,431.845,434.21,0.545,down,100,4,None,202,False,
2025-12-03,10:31:26.411,431.873,434.21,0.538,down,100,4,None,202,False,
2025-12-03,10:31:26.447,431.8375,434.21,0.546,down,100,4,None,202,False,
2025-12-03,10:31:26.643,431.7654,434.21,0.563,down,100,4,None,203,False,
2025-12-03,10:31:26.907,431.82,434.21,0.55,down,100,4,None,201,False,
2025-12-03,10:31:26.952,431.816,434.21,0.551,down,150,4,None,202,False,
2025-12-03,10:31:27.147,431.7401,434.21,0.569,down,100,4,None,202,False,
2025-12-03,10:31:27.350,431.862,434.21,0.541,down,254,4,None,202,False,
2025-12-03,10:31:27.459,431.76,434.21,0.564,down,120,4,None,203,False,
2025-12-03,10:31:27.474,431.7447,434.21,0.568,down,100,4,None,203,False,
2025-12-03,10:31:27.521,431.8403,434.21,0.546,down,100,4,None,202,False,
2025-12-03,10:31:27.566,431.7112,434.21,0.575,down,100,4,None,202,False,
2025-12-03,10:31:27.679,431.9099,434.21,0.53,down,100,4,None,202,False,
2025-12-03,10:31:27.870,431.58,434.21,0.606,down,100,4,None,202,False,
2025-12-03,10:31:28.110,431.6001,434.21,0.601,down,1000,4,None,202,False,
2025-12-03,10:31:28.116,431.686,434.21,0.581,down,400,4,None,202,False,
2025-12-03,10:31:28.164,431.8,434.21,0.555,down,125,4,None,202,False,
2025-12-03,10:31:28.284,431.845,434.21,0.545,down,550,4,None,202,False,
2025-12-03,10:31:28.331,431.8934,434.21,0.534,down,100,4,None,202,False,
2025-12-03,10:31:28.343,431.91,434.21,0.53,down,330,4,None,202,False,
2025-12-03,10:31:28.346,431.9252,434.21,0.526,down,385,4,None,202,False,
2025-12-03,10:31:28.346,431.9252,434.21,0.526,down,115,4,None,203,False,
2025-12-03,10:31:28.452,431.88,434.21,0.537,down,100,4,None,202,False,
2025-12-03,10:31:28.522,431.88,434.21,0.537,down,100,4,None,202,False,
2025-12-03,10:31:28.523,432,434.21,0.509,down,300,4,None,202,False,
2025-12-03,10:31:28.551,431.9571,434.21,0.519,down,100,4,None,202,False,
2025-12-03,10:31:28.728,431.9423,434.21,0.522,down,250,4,None,202,False,
2025-12-03,10:31:28.835,432,434.21,0.509,down,160,4,None,202,False,
2025-12-03,10:31:28.836,432,434.21,0.509,down,100,4,None,201,False,
2025-12-03,10:31:28.843,432.03,434.21,0.502,down,169,4,None,202,False,
2025-12-03,10:31:28.451,431.88,434.21,0.537,down,100,4,None,202,False,
2025-12-04,10:31:56.763,446.74,449.5425,0.623,down,25244,4,"[10, 41]",202,True,2
2025-12-12,10:30:54.665,452.448,450.1675,0.507,up,110,4,None,202,True,1
2025-12-12,10:30:54.730,452.48,450.1675,0.514,up,1000,4,None,202,True,1
2025-12-12,10:30:54.749,452.42,450.1675,0.5,up,100,4,None,202,True,1
2025-12-12,10:30:54.749,452.42,450.1675,0.5,up,100,4,None,202,True,1
2025-12-15,10:30:01.061,469.06,471.545,0.527,down,200,4,None,202,True,1
2025-12-15,10:30:01.064,469,471.545,0.54,down,200,4,None,202,True,1
2025-12-15,10:30:01.053,469.185,471.545,0.5,down,200,4,None,202,True,1
2025-12-15,10:30:01.091,469,471.545,0.54,down,606,4,None,202,True,1
2025-12-15,10:30:01.224,469.01,471.545,0.538,down,100,4,None,202,True,1
2025-12-15,10:30:01.230,469.04,471.545,0.531,down,160,4,None,202,True,1
2025-12-15,10:30:01.243,469.01,471.545,0.538,down,200,4,None,202,True,1
2025-12-15,10:30:01.249,469.01,471.545,0.538,down,200,4,None,202,True,1
2025-12-15,10:30:01.240,469.01,471.545,0.538,down,100,4,None,202,True,1
2025-12-15,10:30:01.254,468.88,471.545,0.565,down,100,4,None,202,True,1
2025-12-15,10:30:01.272,468.98,471.545,0.544,down,200,4,None,202,True,1
2025-12-15,10:30:01.277,468.9263,471.545,0.555,down,146,4,None,202,True,1
2025-12-15,10:30:01.277,468.99,471.545,0.542,down,146,4,None,202,True,1
2025-12-15,10:30:01.307,468.84,471.545,0.574,down,200,4,None,202,True,1
2025-12-15,10:30:01.389,468.87,471.545,0.567,down,100,4,None,202,True,1
2025-12-15,10:30:01.299,468.989,471.545,0.542,down,526,4,None,202,True,1
2025-12-15,10:30:01.413,468.96,471.545,0.548,down,200,4,None,202,True,1
2025-12-15,10:30:01.243,469.01,471.545,0.538,down,200,4,None,202,True,1
2025-12-15,10:30:01.475,468.97,471.545,0.546,down,160,4,None,202,True,1
2025-12-15,10:30:01.706,469.11,471.545,0.516,down,110,4,None,201,True,1
2025-12-15,10:30:01.226,469.01,471.545,0.538,down,100,4,None,202,True,1
2025-12-15,10:30:01.243,469.01,471.545,0.538,down,200,4,None,202,True,1
2025-12-15,10:30:01.389,468.87,471.545,0.567,down,100,4,None,202,True,1
2025-12-15,10:30:01.521,469.06,471.545,0.527,down,200,4,None,202,True,1
2025-12-15,10:30:01.521,469.06,471.545,0.527,down,200,4,None,202,True,1
2025-12-15,10:30:01.355,468.84,471.545,0.574,down,200,4,None,202,True,1
2025-12-15,10:30:01.521,469.06,471.545,0.527,down,200,4,None,202,True,1
2025-12-15,10:30:01.243,469.01,471.545,0.538,down,200,4,None,202,True,1
2025-12-15,10:30:01.608,468.935,471.545,0.553,down,100,4,None,202,True,1
2025-12-15,10:30:01.408,468.915,471.545,0.558,down,100,4,None,202,True,1
2025-12-15,10:30:01.617,469.13,471.545,0.512,down,200,4,None,202,True,1
2025-12-15,10:30:01.659,469.09,471.545,0.521,down,200,4,None,202,True,1
2025-12-15,10:30:01.671,469.09,471.545,0.521,down,100,4,None,202,True,1
2025-12-15,10:30:01.250,469.0799,471.545,0.523,down,7700,4,None,202,True,1
2025-12-15,10:30:01.682,469.09,471.545,0.521,down,200,4,None,202,True,1
2025-12-15,10:30:01.683,469.09,471.545,0.521,down,200,4,None,202,True,1
2025-12-15,10:30:01.685,469.15,471.545,0.508,down,200,4,None,202,True,1
2025-12-15,10:30:01.691,469.15,471.545,0.508,down,200,4,None,202,True,1
2025-12-15,10:30:01.694,469.15,471.545,0.508,down,200,4,None,202,True,1
2025-12-15,10:30:01.699,469.15,471.545,0.508,down,100,4,None,202,True,1
2025-12-15,10:30:02.019,468.86,471.545,0.569,down,770,4,None,203,True,1
2025-12-15,10:30:01.735,469.03,471.545,0.533,down,200,4,None,202,True,1
2025-12-15,10:30:01.814,468.94,471.545,0.552,down,200,4,None,202,True,1
2025-12-15,10:30:01.814,469,471.545,0.54,down,128,4,None,202,True,1
2025-12-15,10:30:01.815,469,471.545,0.54,down,112,4,None,202,True,1
2025-12-15,10:30:01.804,468.92,471.545,0.557,down,106,4,None,202,True,1
2025-12-15,10:30:01.884,468.84,471.545,0.574,down,160,4,None,202,True,1
2025-12-15,10:30:01.902,468.84,471.545,0.574,down,100,4,None,202,True,1
2025-12-15,10:30:01.904,468.93,471.545,0.555,down,100,4,None,202,True,1
2025-12-15,10:30:01.915,468.8125,471.545,0.579,down,160,4,None,202,True,1
2025-12-15,10:30:01.918,468.73,471.545,0.597,down,690,4,None,202,True,1
2025-12-15,10:30:01.917,468.731,471.545,0.597,down,720,4,None,202,True,1
2025-12-15,10:30:01.920,468.765,471.545,0.59,down,100,4,None,202,True,1
2025-12-15,10:30:01.926,468.77,471.545,0.588,down,760,4,None,202,True,1
2025-12-15,10:30:01.942,468.93,471.545,0.555,down,600,4,None,202,True,1
2025-12-15,10:30:01.913,468.8,471.545,0.582,down,200,4,None,202,True,1
2025-12-15,10:30:02.340,468.585,471.545,0.628,down,100,4,None,201,True,1
2025-12-15,10:30:01.977,468.875,471.545,0.566,down,480,4,None,202,True,1
2025-12-15,10:30:01.990,468.66,471.545,0.612,down,120,4,None,202,True,1
2025-12-15,10:30:01.990,468.66,471.545,0.612,down,120,4,None,202,True,1
2025-12-15,10:30:01.992,468.73,471.545,0.597,down,200,4,None,202,True,1
2025-12-15,10:30:01.993,468.66,471.545,0.612,down,875,4,None,202,True,1
2025-12-15,10:30:01.993,468.66,471.545,0.612,down,260,4,None,202,True,1
2025-12-15,10:30:01.993,468.66,471.545,0.612,down,120,4,None,202,True,1
2025-12-15,10:30:01.998,468.73,471.545,0.597,down,100,4,None,202,True,1
2025-12-15,10:30:02.408,468.45,471.545,0.656,down,125,4,None,203,True,1
2025-12-15,10:30:02.015,468.81,471.545,0.58,down,160,4,None,202,True,1
2025-12-15,10:30:02.019,468.81,471.545,0.58,down,480,4,None,202,True,1
2025-12-15,10:30:01.978,468.775,471.545,0.587,down,200,4,None,202,True,1
2025-12-15,10:30:02.493,468.45,471.545,0.656,down,100,4,None,201,True,1
2025-12-15,10:30:02.098,468.95,471.545,0.55,down,222,4,None,202,True,1
2025-12-15,10:30:02.132,468.84,471.545,0.574,down,200,4,None,202,True,1
2025-12-15,10:30:02.132,468.885,471.545,0.564,down,200,4,None,202,True,1
2025-12-15,10:30:02.132,468.93,471.545,0.555,down,200,4,None,202,True,1
2025-12-15,10:30:02.132,468.84,471.545,0.574,down,160,4,None,202,True,1
2025-12-15,10:30:02.132,468.93,471.545,0.555,down,200,4,None,202,True,1
2025-12-15,10:30:02.134,468.93,471.545,0.555,down,400,4,None,202,True,1
2025-12-15,10:30:02.136,468.91,471.545,0.559,down,112,4,None,202,True,1
2025-12-15,10:30:02.155,468.84,471.545,0.574,down,100,4,None,202,True,1
2025-12-15,10:30:02.649,468.4199,471.545,0.663,down,500,4,None,201,True,1
2025-12-15,10:30:02.181,468.755,471.545,0.592,down,200,4,None,202,True,1
2025-12-15,10:30:02.237,468.675,471.545,0.609,down,134,4,None,202,True,1
2025-12-15,10:30:02.237,468.58,471.545,0.629,down,134,4,None,202,True,1
2025-12-15,10:30:02.242,468.625,471.545,0.619,down,200,4,None,202,True,1
2025-12-15,10:30:02.686,468.29,471.545,0.69,down,200,4,None,201,True,1
2025-12-15,10:30:02.264,468.625,471.545,0.619,down,200,4,None,202,True,1
2025-12-15,10:30:02.220,468.7325,471.545,0.596,down,200,4,None,202,True,1
2025-12-15,10:30:02.233,468.6525,471.545,0.613,down,200,4,None,202,True,1
2025-12-15,10:30:02.305,468.5,471.545,0.646,down,122,4,None,202,True,1
2025-12-15,10:30:02.347,468.585,471.545,0.628,down,200,4,None,202,True,1
2025-12-15,10:30:02.349,468.585,471.545,0.628,down,200,4,None,202,True,1
2025-12-15,10:30:02.349,468.585,471.545,0.628,down,312,4,None,202,True,1
2025-12-15,10:30:02.349,468.585,471.545,0.628,down,313,4,None,202,True,1
2025-12-15,10:30:02.373,468.585,471.545,0.628,down,200,4,None,202,True,1
2025-12-15,10:30:02.373,468.668,471.545,0.61,down,267,4,None,202,True,1
2025-12-15,10:30:02.322,468.665,471.545,0.611,down,200,4,None,202,True,1
2025-12-15,10:30:02.340,468.6275,471.545,0.619,down,200,4,None,202,True,1
2025-12-15,10:30:02.422,468.575,471.545,0.63,down,200,4,None,202,True,1
2025-12-15,10:30:02.429,468.565,471.545,0.632,down,198,4,None,202,True,1
2025-12-15,10:30:02.926,468.24,471.545,0.701,down,199,4,None,203,True,1
2025-12-15,10:30:02.455,468.47,471.545,0.652,down,186,4,None,202,True,1
2025-12-15,10:30:02.466,468.47,471.545,0.652,down,200,4,None,202,True,1
2025-12-15,10:30:02.182,468.795,471.545,0.583,down,108,4,None,202,True,1
2025-12-15,10:30:02.181,468.75,471.545,0.593,down,200,4,None,202,True,1
2025-12-15,10:30:02.470,468.47,471.545,0.652,down,798,4,None,202,True,1
2025-12-15,10:30:02.470,468.47,471.545,0.652,down,200,4,None,202,True,1
2025-12-15,10:30:02.472,468.9994,471.545,0.54,down,200,4,None,202,True,1
2025-12-15,10:30:02.477,468.47,471.545,0.652,down,233,4,None,202,True,1
2025-12-15,10:30:02.472,468.47,471.545,0.652,down,200,4,None,202,True,1
2025-12-15,10:30:02.502,468.47,471.545,0.652,down,100,4,None,202,True,1
2025-12-15,10:30:02.505,468.37,471.545,0.673,down,200,4,None,202,True,1
2025-12-15,10:30:02.506,468.44,471.545,0.658,down,160,4,None,202,True,1
2025-12-15,10:30:02.509,468.37,471.545,0.673,down,100,4,None,202,True,1
2025-12-15,10:30:02.516,468.37,471.545,0.673,down,200,4,None,202,True,1
2025-12-15,10:30:02.517,468.42,471.545,0.663,down,100,4,None,202,True,1
2025-12-15,10:30:02.543,468.37,471.545,0.673,down,100,4,None,202,True,1
2025-12-15,10:30:02.555,468.37,471.545,0.673,down,100,4,None,202,True,1
2025-12-15,10:30:02.559,468.2102,471.545,0.707,down,2516,4,None,202,True,1
2025-12-15,10:30:02.568,468.25,471.545,0.699,down,400,4,None,202,True,1
2025-12-15,10:30:02.569,468.24,471.545,0.701,down,200,4,None,202,True,1
2025-12-15,10:30:02.572,468.215,471.545,0.706,down,200,4,None,202,True,1
2025-12-15,10:30:02.588,468.265,471.545,0.696,down,1836,4,None,202,True,1
2025-12-15,10:30:02.605,468.29,471.545,0.69,down,200,4,None,202,True,1
2025-12-15,10:30:02.567,468.25,471.545,0.699,down,200,4,None,202,True,1
2025-12-15,10:30:02.555,468.37,471.545,0.673,down,200,4,None,202,True,1
2025-12-15,10:30:02.566,468.27,471.545,0.695,down,200,4,None,202,True,1
2025-12-15,10:30:02.568,468.245,471.545,0.7,down,400,4,None,202,True,1
2025-12-15,10:30:02.576,468.235,471.545,0.702,down,200,4,None,202,True,1
2025-12-15,10:30:02.589,468.29,471.545,0.69,down,200,4,None,202,True,1
2025-12-15,10:30:02.347,468.585,471.545,0.628,down,100,4,None,202,True,1
2025-12-15,10:30:02.619,468.29,471.545,0.69,down,193,4,None,202,True,1
2025-12-15,10:30:02.368,468.585,471.545,0.628,down,200,4,None,202,True,1
2025-12-15,10:30:02.633,468.29,471.545,0.69,down,1600,4,None,202,True,1
2025-12-15,10:30:02.694,468.29,471.545,0.69,down,100,4,None,202,True,1
2025-12-15,10:30:02.573,468.22,471.545,0.705,down,200,4,None,202,True,1
2025-12-15,10:30:01.617,469.07,471.545,0.525,down,100,4,None,202,True,1
2025-12-15,10:30:01.622,469.07,471.545,0.525,down,100,4,None,202,True,1
2025-12-15,10:30:02.849,468.265,471.545,0.696,down,1760,4,None,202,True,1
2025-12-15,10:30:02.850,468.2425,471.545,0.7,down,280,4,None,202,True,1
2025-12-15,10:30:02.857,468.16,471.545,0.718,down,1680,4,None,202,True,1
2025-12-15,10:30:03.510,468.17,471.545,0.716,down,512,4,None,203,True,1
2025-12-15,10:30:02.950,468.24,471.545,0.701,down,153,4,None,202,True,1
2025-12-15,10:30:02.953,468.17,471.545,0.716,down,200,4,None,202,True,1
2025-12-15,10:30:02.953,468.165,471.545,0.717,down,200,4,None,202,True,1
2025-12-15,10:30:02.953,468.17,471.545,0.716,down,200,4,None,202,True,1
2025-12-15,10:30:02.959,468.165,471.545,0.717,down,198,4,None,202,True,1
2025-12-15,10:30:02.977,468.165,471.545,0.717,down,100,4,None,202,True,1
2025-12-15,10:30:02.989,468.2025,471.545,0.709,down,100,4,None,202,True,1
2025-12-15,10:30:02.989,468.2399,471.545,0.701,down,100,4,None,202,True,1
2025-12-15,10:30:02.994,468.165,471.545,0.717,down,196,4,None,202,True,1
2025-12-15,10:30:02.994,468.17,471.545,0.716,down,100,4,None,202,True,1
2025-12-15,10:30:02.994,468.18,471.545,0.714,down,100,4,None,202,True,1
2025-12-15,10:30:02.994,468.26,471.545,0.697,down,200,4,None,202,True,1
2025-12-15,10:30:02.994,468.24,471.545,0.701,down,1100,4,None,202,True,1
2025-12-15,10:30:03.007,468.22,471.545,0.705,down,884,4,None,202,True,1
2025-12-15,10:30:01.653,469.07,471.545,0.525,down,465,4,None,202,True,1
2025-12-15,10:30:02.990,468.24,471.545,0.701,down,932,4,None,202,True,1
2025-12-15,10:30:03.015,468.22,471.545,0.705,down,520,4,None,202,True,1
2025-12-15,10:30:03.665,468.29,471.545,0.69,down,200,4,None,201,True,1
2025-12-15,10:30:03.017,468.22,471.545,0.705,down,400,4,None,202,True,1
2025-12-15,10:30:03.020,468.22,471.545,0.705,down,360,4,None,202,True,1
2025-12-15,10:30:01.091,469,471.545,0.54,down,165,4,None,202,True,1
2025-12-15,10:30:03.022,468.22,471.545,0.705,down,280,4,None,202,True,1
2025-12-15,10:30:03.118,468.38,471.545,0.671,down,142,4,None,202,True,1
2025-12-15,10:30:03.118,468.235,471.545,0.702,down,120,4,None,202,True,1
2025-12-15,10:30:03.140,468.235,471.545,0.702,down,200,4,None,202,True,1
2025-12-15,10:30:03.153,468.235,471.545,0.702,down,100,4,None,202,True,1
2025-12-15,10:30:03.251,468.235,471.545,0.702,down,118,4,None,202,True,1
2025-12-15,10:30:03.285,468.22,471.545,0.705,down,320,4,None,202,True,1
2025-12-15,10:30:03.285,468.23,471.545,0.703,down,115,4,None,202,True,1
2025-12-15,10:30:03.305,468.15,471.545,0.72,down,152,4,None,202,True,1
2025-12-15,10:30:01.238,468.94,471.545,0.552,down,100,4,None,202,True,1
2025-12-15,10:30:03.331,468.3,471.545,0.688,down,146,4,None,202,True,1
2025-12-15,10:30:03.349,468.3,471.545,0.688,down,193,4,None,202,True,1
2025-12-15,10:30:03.314,468.13,471.545,0.724,down,100,4,None,202,True,1
2025-12-15,10:30:03.397,468.375,471.545,0.672,down,200,4,None,202,True,1
2025-12-15,10:30:03.402,468.375,471.545,0.672,down,200,4,None,202,True,1
2025-12-15,10:30:03.478,468.37,471.545,0.673,down,224,4,None,202,True,1
2025-12-15,10:30:03.516,468.29,471.545,0.69,down,120,4,None,202,True,1
2025-12-15,10:30:03.516,468.29,471.545,0.69,down,160,4,None,202,True,1
2025-12-15,10:30:03.510,468.195,471.545,0.71,down,120,4,None,202,True,1
2025-12-15,10:30:03.532,468.23,471.545,0.703,down,120,4,None,202,True,1
2025-12-15,10:30:03.532,468.23,471.545,0.703,down,120,4,None,202,True,1
2025-12-15,10:30:03.532,468.23,471.545,0.703,down,240,4,None,202,True,1
2025-12-15,10:30:03.532,468.23,471.545,0.703,down,120,4,None,202,True,1
2025-12-15,10:30:03.545,468.196,471.545,0.71,down,100,4,None,202,True,1
2025-12-15,10:30:03.546,468.37,471.545,0.673,down,165,4,None,202,True,1
2025-12-15,10:30:03.624,468.2111,471.545,0.707,down,100,4,None,202,True,1
2025-12-15,10:30:03.625,468.24,471.545,0.701,down,100,4,None,202,True,1
2025-12-15,10:30:03.777,468.2009,471.545,0.709,down,109,4,None,202,True,1
2025-12-15,10:30:03.824,468.37,471.545,0.673,down,100,4,None,202,True,1
2025-12-15,10:30:03.824,468.37,471.545,0.673,down,100,4,None,202,True,1
2025-12-15,10:30:03.824,468.37,471.545,0.673,down,100,4,None,202,True,1
2025-12-15,10:30:04.361,468.21,471.545,0.707,down,237,4,None,203,True,1
2025-12-15,10:30:03.892,468.29,471.545,0.69,down,233,4,None,202,True,1
2025-12-15,10:30:03.917,468.29,471.545,0.69,down,127,4,None,202,True,1
2025-12-15,10:30:04.115,468.2001,471.545,0.709,down,700,4,None,202,True,1
2025-12-15,10:30:04.116,468.29,471.545,0.69,down,200,4,None,202,True,1
2025-12-15,10:30:04.575,467.97,471.545,0.758,down,360,4,None,201,True,1
2025-12-15,10:30:04.128,468.29,471.545,0.69,down,200,4,None,202,True,1
2025-12-15,10:30:04.195,468.285,471.545,0.691,down,400,4,None,202,True,1
2025-12-15,10:30:03.555,468.29,471.545,0.69,down,200,4,None,202,True,1
2025-12-15,10:30:03.949,468.2752,471.545,0.693,down,400,4,None,202,True,1
2025-12-15,10:30:04.259,468.285,471.545,0.691,down,100,4,None,202,True,1
2025-12-15,10:30:04.273,468.2765,471.545,0.693,down,100,4,None,202,True,1
2025-12-15,10:30:04.349,468.28,471.545,0.692,down,120,4,None,202,True,1
2025-12-15,10:30:04.366,468.28,471.545,0.692,down,100,4,None,202,True,1
2025-12-15,10:30:04.365,468.29,471.545,0.69,down,103,4,None,202,True,1
2025-12-15,10:30:04.406,468.164,471.545,0.717,down,100,4,None,202,True,1
2025-12-15,10:30:04.461,468.205,471.545,0.708,down,400,4,None,202,True,1
2025-12-15,10:30:04.463,468.0225,471.545,0.747,down,240,4,None,202,True,1
2025-12-15,10:30:04.465,467.95,471.545,0.762,down,100,4,None,202,True,1
2025-12-15,10:30:04.467,467.9,471.545,0.773,down,100,4,None,202,True,1
2025-12-15,10:30:04.470,467.94,471.545,0.765,down,500,4,None,202,True,1
2025-12-15,10:30:04.471,467.93,471.545,0.767,down,160,4,None,202,True,1
2025-12-15,10:30:04.473,467.96,471.545,0.76,down,160,4,None,202,True,1
2025-12-15,10:30:04.475,467.97,471.545,0.758,down,360,4,None,202,True,1
2025-12-15,10:30:04.477,468.3594,471.545,0.676,down,105,4,None,202,True,1
2025-12-15,10:30:04.478,467.94,471.545,0.765,down,720,4,None,202,True,1
2025-12-15,10:30:04.492,467.97,471.545,0.758,down,160,4,None,202,True,1
2025-12-15,10:30:04.498,467.97,471.545,0.758,down,360,4,None,202,True,1
2025-12-15,10:30:04.502,467.97,471.545,0.758,down,160,4,None,202,True,1
2025-12-15,10:30:04.510,468.04,471.545,0.743,down,1980,4,None,202,True,1
2025-12-15,10:30:02.645,468.43,471.545,0.661,down,100,4,None,202,True,1
2025-12-15,10:30:02.660,468.31,471.545,0.686,down,100,4,None,202,True,1
2025-12-15,10:30:04.621,467.9,471.545,0.773,down,129,4,None,202,True,1
2025-12-15,10:30:04.677,468.05,471.545,0.741,down,148,4,None,202,True,1
2025-12-15,10:30:04.734,467.8903,471.545,0.775,down,250,4,None,202,True,1
2025-12-15,10:30:04.844,467.72,471.545,0.811,down,120,4,None,202,True,1
2025-12-15,10:30:04.855,467.77,471.545,0.801,down,291,4,None,202,True,1
2025-12-15,10:30:04.861,467.77,471.545,0.801,down,100,4,None,202,True,1
2025-12-15,10:30:04.970,467.91,471.545,0.771,down,600,4,None,202,True,1
2025-12-15,10:30:05.027,467.95,471.545,0.762,down,120,4,None,202,True,1
2025-12-15,10:30:05.125,467.989,471.545,0.754,down,455,4,None,202,True,1
2025-12-15,10:30:05.125,467.92,471.545,0.769,down,240,4,None,202,True,1
2025-12-15,10:30:05.133,467.925,471.545,0.768,down,200,4,None,202,True,1
2025-12-15,10:30:05.187,468.015,471.545,0.749,down,287,4,None,202,True,1
2025-12-15,10:30:05.340,467.94,471.545,0.765,down,300,4,None,201,True,1
2025-12-15,10:30:05.306,467.92,471.545,0.769,down,100,4,None,202,True,1
2025-12-15,10:30:05.322,468.12,471.545,0.726,down,206,4,None,202,True,1
2025-12-15,10:30:05.363,467.9401,471.545,0.764,down,100,4,None,202,True,1
2025-12-15,10:30:05.393,468.08,471.545,0.735,down,110,4,None,202,True,1
2025-12-15,10:30:05.467,468.0832,471.545,0.734,down,513,4,None,202,True,1
2025-12-15,10:30:05.467,468.0832,471.545,0.734,down,1201,4,None,202,True,1
2025-12-15,10:30:05.752,467.935,471.545,0.766,down,240,4,None,202,True,1
2025-12-15,10:30:05.233,468.2,471.545,0.709,down,340,4,None,202,True,1
2025-12-15,10:30:05.762,468.045,471.545,0.742,down,643,4,None,202,True,1
2025-12-15,10:30:05.790,467.78,471.545,0.798,down,100,4,None,202,True,1
2025-12-15,10:30:01.205,468.9816,471.545,0.544,down,100,4,None,202,True,1
2025-12-15,10:30:01.765,468.8799,471.545,0.565,down,100,4,None,202,True,1
2025-12-15,10:30:04.361,468.232,471.545,0.703,down,120,4,None,202,True,1
2025-12-15,10:30:05.964,467.8416,471.545,0.785,down,100,4,None,202,True,1
2025-12-15,10:30:03.904,468.3799,471.545,0.671,down,100,4,None,202,True,1
2025-12-15,10:30:04.368,468.2001,471.545,0.709,down,100,4,None,202,True,1
2025-12-15,10:30:06.021,467.77,471.545,0.801,down,100,4,None,202,True,1
2025-12-15,10:30:05.885,468.0699,471.545,0.737,down,100,4,None,202,True,1
2025-12-15,10:30:05.973,467.925,471.545,0.768,down,1050,4,None,202,True,1
2025-12-15,10:30:06.061,468.0599,471.545,0.739,down,200,4,None,202,True,1
2025-12-15,10:30:06.071,468.0126,471.545,0.749,down,227,4,None,202,True,1
2025-12-15,10:30:06.081,467.915,471.545,0.77,down,120,4,None,202,True,1
2025-12-15,10:30:06.081,467.915,471.545,0.77,down,433,4,None,202,True,1
2025-12-15,10:30:06.081,467.915,471.545,0.77,down,367,4,None,202,True,1
2025-12-15,10:30:06.080,468.06,471.545,0.739,down,120,4,None,202,True,1
2025-12-15,10:30:06.210,467.7601,471.545,0.803,down,1500,4,None,202,True,1
2025-12-15,10:30:06.271,467.768,471.545,0.801,down,400,4,None,202,True,1
2025-12-15,10:30:06.281,467.7,471.545,0.815,down,500,4,None,202,True,1
2025-12-15,10:30:06.355,467.8646,471.545,0.78,down,100,4,None,202,True,1
2025-12-15,10:30:01.392,468.878,471.545,0.566,down,213,4,None,202,True,1
2025-12-15,10:30:06.489,467.8,471.545,0.794,down,120,4,None,202,True,1
2025-12-15,10:30:06.564,467.7521,471.545,0.804,down,100,4,None,201,True,1
2025-12-15,10:30:06.633,467.73,471.545,0.809,down,560,4,None,202,True,1
2025-12-15,10:30:01.522,469.06,471.545,0.527,down,200,4,None,202,True,1
2025-12-15,10:30:06.669,467.79,471.545,0.796,down,160,4,None,202,True,1
2025-12-15,10:30:01.917,468.76,471.545,0.591,down,300,4,None,202,True,1
2025-12-15,10:30:02.348,468.585,471.545,0.628,down,300,4,None,202,True,1
2025-12-15,10:30:02.565,468.27,471.545,0.695,down,300,4,None,202,True,1
2025-12-15,10:30:02.581,468.205,471.545,0.708,down,600,4,None,202,True,1
2025-12-15,10:30:02.781,468.27,471.545,0.695,down,2580,4,None,202,True,1
2025-12-15,10:30:02.787,468.27,471.545,0.695,down,600,4,None,202,True,1
2025-12-15,10:30:06.825,467.9879,471.545,0.754,down,150,4,None,202,True,1
2025-12-15,10:30:06.850,467.9137,471.545,0.77,down,533,4,None,202,True,1
2025-12-15,10:30:06.933,467.6601,471.545,0.824,down,878,4,None,202,True,1
2025-12-15,10:30:06.956,467.84,471.545,0.786,down,300,4,None,202,True,1
2025-12-15,10:30:07.058,467.84,471.545,0.786,down,200,4,None,203,True,1
2025-12-15,10:30:07.076,467.84,471.545,0.786,down,120,4,None,202,True,1
2025-12-15,10:30:02.954,468.165,471.545,0.717,down,600,4,None,202,True,1
2025-12-15,10:30:02.994,468.24,471.545,0.701,down,200,4,None,202,True,1
2025-12-15,10:30:03.003,468.24,471.545,0.701,down,200,4,None,202,True,1
2025-12-15,10:30:03.007,468.24,471.545,0.701,down,200,4,None,202,True,1
2025-12-15,10:30:03.009,468.24,471.545,0.701,down,600,4,None,202,True,1
2025-12-15,10:30:03.012,468.24,471.545,0.701,down,160,4,None,202,True,1
2025-12-15,10:30:07.088,467.84,471.545,0.786,down,120,4,None,202,True,1
2025-12-15,10:30:04.464,468,471.545,0.752,down,280,4,None,202,True,1
2025-12-15,10:30:01.700,469.16,471.545,0.506,down,276,4,None,202,True,1
2025-12-15,10:30:07.323,467.82,471.545,0.79,down,120,4,None,202,True,1
2025-12-15,10:30:02.850,468.11,471.545,0.728,down,240,4,None,202,True,1
2025-12-15,10:30:07.332,467.836,471.545,0.787,down,1500,4,None,202,True,1
2025-12-15,10:30:07.429,467.815,471.545,0.791,down,200,4,None,202,True,1
2025-12-15,10:30:07.434,467.815,471.545,0.791,down,320,4,None,202,True,1
2025-12-15,10:30:07.464,467.815,471.545,0.791,down,200,4,None,202,True,1
2025-12-15,10:30:05.867,467.77,471.545,0.801,down,176,4,None,202,True,1
2025-12-15,10:30:04.712,467.89,471.545,0.775,down,130,4,None,202,True,1
2025-12-15,10:30:07.559,467.67,471.545,0.822,down,260,4,None,202,True,1
2025-12-15,10:30:05.048,468,471.545,0.752,down,1400,4,None,202,True,1
2025-12-15,10:30:07.564,467.79,471.545,0.796,down,127,4,None,202,True,1
2025-12-15,10:30:07.564,467.79,471.545,0.796,down,120,4,None,202,True,1
2025-12-15,10:30:07.565,467.79,471.545,0.796,down,107,4,None,202,True,1
2025-12-15,10:30:07.581,467.712,471.545,0.813,down,100,4,None,202,True,1
2025-12-15,10:30:07.583,467.79,471.545,0.796,down,100,4,None,202,True,1
2025-12-15,10:30:07.602,467.9,471.545,0.773,down,200,4,None,202,True,1
2025-12-15,10:30:07.602,467.92,471.545,0.769,down,150,4,None,202,True,1
2025-12-15,10:30:07.605,467.6638,471.545,0.823,down,400,4,None,202,True,1
2025-12-15,10:30:07.665,467.8,471.545,0.794,down,260,4,None,202,True,1
2025-12-15,10:30:04.464,468,471.545,0.752,down,320,4,None,202,True,1
2025-12-15,10:30:07.725,467.9,471.545,0.773,down,160,4,None,202,True,1
2025-12-15,10:30:04.905,468.08,471.545,0.735,down,300,4,None,202,True,1
2025-12-15,10:30:07.730,467.9,471.545,0.773,down,130,4,None,202,True,1
2025-12-15,10:30:07.731,467.919,471.545,0.769,down,130,4,None,202,True,1
2025-12-15,10:30:07.745,467.9208,471.545,0.769,down,300,4,None,202,True,1
2025-12-15,10:30:07.749,467.97,471.545,0.758,down,100,4,None,202,True,1
2025-12-15,10:30:07.766,467.9,471.545,0.773,down,100,4,None,202,True,1
2025-12-15,10:30:07.767,467.92,471.545,0.769,down,100,4,None,202,True,1
2025-12-15,10:30:07.767,467.92,471.545,0.769,down,100,4,None,202,True,1
2025-12-15,10:30:04.899,467.74,471.545,0.807,down,378,4,None,202,True,1
2025-12-15,10:30:05.417,468.08,471.545,0.735,down,120,4,None,202,True,1
2025-12-15,10:30:07.845,467.805,471.545,0.793,down,200,4,None,202,True,1
2025-12-15,10:30:07.845,467.73,471.545,0.809,down,120,4,None,202,True,1
2025-12-15,10:30:07.853,467.92,471.545,0.769,down,100,4,None,202,True,1
2025-12-15,10:30:05.573,467.94,471.545,0.765,down,200,4,None,202,True,1
2025-12-15,10:30:07.878,467.69,471.545,0.818,down,200,4,None,202,True,1
2025-12-15,10:30:05.870,467.77,471.545,0.801,down,395,4,None,202,True,1
2025-12-15,10:30:07.976,467.91,471.545,0.771,down,220,4,None,202,True,1
2025-12-15,10:30:07.980,467.6801,471.545,0.82,down,100,4,None,202,True,1
2025-12-15,10:30:08.045,467.8775,471.545,0.778,down,200,4,None,202,True,1
2025-12-15,10:30:08.047,467.8694,471.545,0.779,down,200,4,None,202,True,1
2025-12-15,10:30:08.179,467.965,471.545,0.759,down,151,4,None,202,True,1
2025-12-15,10:30:08.196,467.95,471.545,0.762,down,160,4,None,201,True,1
2025-12-15,10:30:08.297,467.8643,471.545,0.781,down,250,4,None,202,True,1
2025-12-15,10:30:08.298,467.865,471.545,0.78,down,100,4,None,202,True,1
2025-12-15,10:30:08.317,467.865,471.545,0.78,down,200,4,None,202,True,1
2025-12-15,10:30:08.317,468.07,471.545,0.737,down,200,4,None,202,True,1
2025-12-15,10:30:08.175,467.8875,471.545,0.776,down,100,4,None,202,True,1
2025-12-15,10:30:08.411,467.895,471.545,0.774,down,107,4,None,202,True,1
2025-12-15,10:30:08.037,467.8,471.545,0.794,down,200,4,None,201,True,1
2025-12-15,10:30:08.626,467.8344,471.545,0.787,down,100,4,None,202,True,1
2025-12-15,10:30:08.718,468.069,471.545,0.737,down,915,4,None,202,True,1
2025-12-15,10:30:08.819,467.865,471.545,0.78,down,100,4,None,201,True,1
2025-12-15,10:30:08.862,467.99,471.545,0.754,down,336,4,None,202,True,1
2025-12-15,10:30:08.864,467.99,471.545,0.754,down,192,4,None,202,True,1
2025-12-15,10:30:08.865,467.99,471.545,0.754,down,200,4,None,202,True,1
2025-12-15,10:30:08.874,467.99,471.545,0.754,down,100,4,None,202,True,1
2025-12-15,10:30:08.882,468.05,471.545,0.741,down,100,4,None,202,True,1
2025-12-15,10:30:08.882,468.055,471.545,0.74,down,400,4,None,202,True,1
2025-12-15,10:30:08.882,468.05,471.545,0.741,down,100,4,None,202,True,1
2025-12-15,10:30:08.882,468.05,471.545,0.741,down,200,4,None,202,True,1
2025-12-15,10:30:08.882,468.05,471.545,0.741,down,200,4,None,202,True,1
2025-12-15,10:30:08.882,468.05,471.545,0.741,down,122,4,None,202,True,1
2025-12-15,10:30:08.882,468.05,471.545,0.741,down,196,4,None,202,True,1
2025-12-15,10:30:08.883,468.07,471.545,0.737,down,200,4,None,202,True,1
2025-12-15,10:30:08.883,468.065,471.545,0.738,down,200,4,None,202,True,1
2025-12-15,10:30:08.894,468.07,471.545,0.737,down,100,4,None,202,True,1
2025-12-15,10:30:08.909,468.045,471.545,0.742,down,100,4,None,202,True,1
2025-12-15,10:30:08.920,468.045,471.545,0.742,down,200,4,None,202,True,1
2025-12-15,10:30:08.942,467.8486,471.545,0.784,down,293,4,None,202,True,1
2025-12-15,10:30:08.882,468.05,471.545,0.741,down,200,4,None,202,True,1
2025-12-15,10:30:09.173,468.0051,471.545,0.751,down,100,4,None,202,True,1
2025-12-15,10:30:09.294,468.34,471.545,0.68,down,200,4,None,202,True,1
2025-12-15,10:30:09.295,468.35,471.545,0.678,down,100,4,None,202,True,1
2025-12-15,10:30:09.329,468.455,471.545,0.655,down,300,4,None,202,True,1
2025-12-15,10:30:09.342,468.5184,471.545,0.642,down,400,4,None,202,True,1
2025-12-15,10:30:09.346,468.3544,471.545,0.677,down,444,4,None,202,True,1
2025-12-15,10:30:09.376,468.56,471.545,0.633,down,100,4,None,202,True,1
2025-12-15,10:30:09.375,468.49,471.545,0.648,down,290,4,None,202,True,1
2025-12-15,10:30:09.375,468.56,471.545,0.633,down,177,4,None,202,True,1
2025-12-15,10:30:09.375,468.49,471.545,0.648,down,176,4,None,202,True,1
2025-12-15,10:30:09.375,468.49,471.545,0.648,down,100,4,None,202,True,1
2025-12-15,10:30:09.388,468.58,471.545,0.629,down,280,4,None,202,True,1
2025-12-15,10:30:09.444,468.68,471.545,0.608,down,200,4,None,202,True,1
2025-12-15,10:30:09.455,468.68,471.545,0.608,down,200,4,None,202,True,1
2025-12-15,10:30:09.466,468.68,471.545,0.608,down,200,4,None,202,True,1
2025-12-15,10:30:09.472,468.65,471.545,0.614,down,100,4,None,202,True,1
2025-12-15,10:30:09.472,468.65,471.545,0.614,down,100,4,None,202,True,1
2025-12-15,10:30:09.472,468.64,471.545,0.616,down,200,4,None,202,True,1
2025-12-15,10:30:09.547,468.87,471.545,0.567,down,120,4,None,202,True,1
2025-12-15,10:30:09.556,468.64,471.545,0.616,down,160,4,None,202,True,1
2025-12-15,10:30:09.692,468.79,471.545,0.584,down,100,4,None,202,True,1
2025-12-15,10:30:09.375,468.56,471.545,0.633,down,172,4,None,202,True,1
2025-12-15,10:30:09.794,468.9,471.545,0.561,down,100,4,None,202,True,1
2025-12-15,10:30:09.797,468.77,471.545,0.588,down,300,4,None,202,True,1
2025-12-15,10:30:09.910,468.77,471.545,0.588,down,100,4,None,202,True,1
2025-12-15,10:30:10.009,468.6201,471.545,0.62,down,400,4,None,202,True,1
2025-12-15,10:30:10.038,468.919,471.545,0.557,down,500,4,None,202,True,1
2025-12-15,10:30:10.209,468.77,471.545,0.588,down,100,4,None,202,True,1
2025-12-15,10:30:02.757,468.465,471.545,0.653,down,100,4,None,202,True,1
2025-12-15,10:30:10.383,468.63,471.545,0.618,down,200,4,None,202,True,1
2025-12-15,10:30:10.405,468.77,471.545,0.588,down,100,4,None,202,True,1
2025-12-15,10:30:10.407,468.77,471.545,0.588,down,125,4,None,202,True,1
2025-12-15,10:30:10.407,468.77,471.545,0.588,down,100,4,None,202,True,1
2025-12-15,10:30:10.409,468.77,471.545,0.588,down,200,4,None,202,True,1
2025-12-15,10:30:10.413,468.86,471.545,0.569,down,200,4,None,202,True,1
2025-12-15,10:30:10.414,468.8,471.545,0.582,down,100,4,None,202,True,1
2025-12-15,10:30:10.416,468.91,471.545,0.559,down,200,4,None,202,True,1
2025-12-15,10:30:10.418,468.89,471.545,0.563,down,100,4,None,202,True,1
2025-12-15,10:30:10.414,468.9,471.545,0.561,down,100,4,None,202,True,1
2025-12-15,10:30:10.414,468.91,471.545,0.559,down,200,4,None,202,True,1
2025-12-15,10:30:06.490,467.8,471.545,0.794,down,500,4,None,202,True,1
2025-12-15,10:30:10.429,468.9199,471.545,0.557,down,310,4,None,201,True,1
2025-12-15,10:30:10.493,468.92,471.545,0.557,down,362,4,None,201,True,1
2025-12-15,10:30:10.524,468.83,471.545,0.576,down,100,4,None,202,True,1
2025-12-15,10:30:10.525,468.83,471.545,0.576,down,170,4,None,202,True,1
2025-12-15,10:30:10.531,468.92,471.545,0.557,down,100,4,None,202,True,1
2025-12-15,10:30:10.537,468.93,471.545,0.555,down,100,4,None,202,True,1
2025-12-15,10:30:10.537,468.93,471.545,0.555,down,102,4,None,202,True,1
2025-12-15,10:30:07.535,467.79,471.545,0.796,down,160,4,None,202,True,1
2025-12-15,10:30:10.585,468.91,471.545,0.559,down,100,4,None,202,True,1
2025-12-15,10:30:10.585,468.91,471.545,0.559,down,100,4,None,202,True,1
2025-12-15,10:30:10.604,468.91,471.545,0.559,down,100,4,None,202,True,1
2025-12-15,10:30:10.537,468.93,471.545,0.555,down,100,4,None,202,True,1
2025-12-15,10:30:10.681,468.9,471.545,0.561,down,100,4,None,202,True,1
2025-12-15,10:30:10.687,468.91,471.545,0.559,down,400,4,None,202,True,1
2025-12-15,10:30:10.687,468.91,471.545,0.559,down,320,4,None,202,True,1
2025-12-15,10:30:10.696,468.9175,471.545,0.557,down,100,4,None,202,True,1
2025-12-15,10:30:10.696,468.9175,471.545,0.557,down,125,4,None,202,True,1
2025-12-15,10:30:10.701,468.915,471.545,0.558,down,160,4,None,202,True,1
2025-12-15,10:30:10.733,468.915,471.545,0.558,down,100,4,None,202,True,1
2025-12-15,10:30:10.733,468.915,471.545,0.558,down,200,4,None,202,True,1
2025-12-15,10:30:10.525,468.87,471.545,0.567,down,170,4,None,202,True,1
2025-12-15,10:30:10.789,468.99,471.545,0.542,down,176,4,None,202,True,1
2025-12-15,10:30:10.804,468.98,471.545,0.544,down,100,4,None,202,True,1
2025-12-15,10:30:10.733,468.915,471.545,0.558,down,100,4,None,202,True,1
2025-12-15,10:30:10.832,468.96,471.545,0.548,down,200,4,None,202,True,1
2025-12-15,10:30:10.832,468.96,471.545,0.548,down,200,4,None,202,True,1
2025-12-15,10:30:10.832,468.96,471.545,0.548,down,200,4,None,202,True,1
2025-12-15,10:30:10.832,469,471.545,0.54,down,100,4,None,202,True,1
2025-12-15,10:30:10.833,468.965,471.545,0.547,down,100,4,None,202,True,1
2025-12-15,10:30:10.831,468.96,471.545,0.548,down,240,4,None,202,True,1
2025-12-15,10:30:10.832,468.96,471.545,0.548,down,600,4,None,202,True,1
2025-12-15,10:30:10.866,468.94,471.545,0.552,down,100,4,None,202,True,1
2025-12-15,10:30:10.866,468.945,471.545,0.551,down,250,4,None,202,True,1
2025-12-15,10:30:10.866,468.97,471.545,0.546,down,100,4,None,202,True,1
2025-12-15,10:30:10.866,468.9775,471.545,0.544,down,250,4,None,202,True,1
2025-12-15,10:30:10.867,468.98,471.545,0.544,down,260,4,None,202,True,1
2025-12-15,10:30:10.867,468.96,471.545,0.548,down,100,4,None,202,True,1
2025-12-15,10:30:10.867,468.98,471.545,0.544,down,178,4,None,202,True,1
2025-12-15,10:30:10.877,469.11,471.545,0.516,down,100,4,None,202,True,1
2025-12-15,10:30:10.883,469.1375,471.545,0.511,down,400,4,None,202,True,1
2025-12-15,10:30:10.883,469.15,471.545,0.508,down,100,4,None,202,True,1
2025-12-15,10:30:10.883,469.15,471.545,0.508,down,100,4,None,202,True,1
2025-12-15,10:30:10.883,469.12,471.545,0.514,down,100,4,None,202,True,1
2025-12-15,10:30:10.887,469.17,471.545,0.504,down,120,4,None,201,True,1
2025-12-15,10:30:10.892,469.17,471.545,0.504,down,300,4,None,202,True,1
2025-12-15,10:30:10.893,469.17,471.545,0.504,down,200,4,None,202,True,1
2025-12-15,10:30:10.831,468.96,471.545,0.548,down,200,4,None,202,True,1
2025-12-15,10:30:10.856,468.94,471.545,0.552,down,160,4,None,202,True,1
2025-12-15,10:30:10.866,468.94,471.545,0.552,down,110,4,None,202,True,1
2025-12-15,10:30:10.832,468.96,471.545,0.548,down,200,4,None,202,True,1
2025-12-15,10:30:10.883,469.15,471.545,0.508,down,100,4,None,202,True,1
2025-12-15,10:30:11.218,469.15,471.545,0.508,down,226,4,None,202,True,1
2025-12-15,10:30:11.295,469.16,471.545,0.506,down,100,4,None,202,True,1
2025-12-15,10:30:11.299,469.12,471.545,0.514,down,100,4,None,202,True,1
2025-12-15,10:30:11.300,469.08,471.545,0.523,down,140,4,None,202,True,1
2025-12-15,10:30:11.226,469.15,471.545,0.508,down,100,4,None,202,True,1
2025-12-15,10:30:13.529,469.1201,471.545,0.514,down,600,4,None,202,True,1
2025-12-15,10:30:13.733,469.155,471.545,0.507,down,100,4,None,202,True,1
2025-12-15,10:30:13.734,468.95,471.545,0.55,down,215,4,None,202,True,1
2025-12-15,10:30:13.735,469.155,471.545,0.507,down,100,4,None,202,True,1
2025-12-15,10:30:13.734,469.11,471.545,0.516,down,100,4,None,202,True,1
2025-12-15,10:30:13.736,469.1225,471.545,0.514,down,100,4,None,202,True,1
2025-12-15,10:30:13.736,469.1275,471.545,0.513,down,100,4,None,202,True,1
2025-12-15,10:30:13.736,469.1525,471.545,0.507,down,100,4,None,202,True,1
2025-12-15,10:30:13.736,469.145,471.545,0.509,down,100,4,None,202,True,1
2025-12-15,10:30:13.737,469,471.545,0.54,down,200,4,None,202,True,1
2025-12-15,10:30:13.739,469.08,471.545,0.523,down,125,4,None,202,True,1
2025-12-15,10:30:13.739,469.0725,471.545,0.524,down,120,4,None,202,True,1
2025-12-15,10:30:13.742,469.0101,471.545,0.538,down,592,4,None,202,True,1
2025-12-15,10:30:13.785,469.016,471.545,0.536,down,179,4,None,202,True,1
2025-12-15,10:30:13.785,468.95,471.545,0.55,down,120,4,None,202,True,1
2025-12-15,10:30:13.785,468.95,471.545,0.55,down,100,4,None,202,True,1
2025-12-15,10:30:13.867,468.88,471.545,0.565,down,100,4,None,202,True,1
2025-12-15,10:30:13.878,468.86,471.545,0.569,down,325,4,None,202,True,1
2025-12-15,10:30:13.921,469.0648,471.545,0.526,down,500,4,None,202,True,1
2025-12-15,10:30:13.935,469.01,471.545,0.538,down,100,4,None,202,True,1
2025-12-15,10:30:13.933,469,471.545,0.54,down,250,4,None,202,True,1
2025-12-15,10:30:14.136,468.99,471.545,0.542,down,100,4,None,202,True,1
2025-12-15,10:30:14.140,468.99,471.545,0.542,down,660,4,None,202,True,1
2025-12-15,10:30:14.141,468.99,471.545,0.542,down,480,4,None,202,True,1
2025-12-15,10:30:14.140,468.99,471.545,0.542,down,440,4,None,202,True,1
2025-12-15,10:30:14.147,468.99,471.545,0.542,down,100,4,None,202,True,1
2025-12-15,10:30:14.152,468.99,471.545,0.542,down,100,4,None,202,True,1
2025-12-15,10:30:14.157,468.99,471.545,0.542,down,100,4,None,202,True,1
2025-12-15,10:30:14.216,469.005,471.545,0.539,down,100,4,None,202,True,1
2025-12-15,10:30:14.240,469.005,471.545,0.539,down,100,4,None,202,True,1
2025-12-15,10:30:14.240,469.1034,471.545,0.518,down,745,4,None,202,True,1
2025-12-15,10:30:14.246,469.005,471.545,0.539,down,100,4,None,202,True,1
2025-12-15,10:30:14.247,469.005,471.545,0.539,down,200,4,None,202,True,1
2025-12-15,10:30:14.247,469.005,471.545,0.539,down,240,4,None,202,True,1
2025-12-15,10:30:14.252,469.005,471.545,0.539,down,100,4,None,202,True,1
2025-12-15,10:30:14.256,469.005,471.545,0.539,down,200,4,None,202,True,1
2025-12-15,10:30:14.267,469.005,471.545,0.539,down,200,4,None,202,True,1
2025-12-15,10:30:14.307,469.005,471.545,0.539,down,100,4,None,202,True,1
2025-12-15,10:30:14.307,469.005,471.545,0.539,down,300,4,None,202,True,1
2025-12-15,10:30:14.307,469.005,471.545,0.539,down,200,4,None,202,True,1
2025-12-15,10:30:14.311,469.005,471.545,0.539,down,100,4,None,202,True,1
2025-12-15,10:30:14.313,469.005,471.545,0.539,down,100,4,None,202,True,1
2025-12-15,10:30:14.315,469.17,471.545,0.504,down,100,4,None,202,True,1
2025-12-15,10:30:14.315,469.17,471.545,0.504,down,100,4,None,202,True,1
2025-12-15,10:30:10.832,468.96,471.545,0.548,down,600,4,None,202,True,1
2025-12-15,10:30:14.248,469.005,471.545,0.539,down,200,4,None,202,True,1
2025-12-15,10:30:14.307,469.005,471.545,0.539,down,280,4,None,202,True,1
2025-12-15,10:30:33.024,473.92,471.545,0.504,up,100,4,None,202,True,1
2025-12-15,10:30:33.071,474.02,471.545,0.525,up,350,4,None,202,True,1
2025-12-15,10:30:33.075,474.07,471.545,0.535,up,933,4,None,202,True,1
2025-12-15,10:30:33.079,474.085,471.545,0.539,up,100,4,None,202,True,1
2025-12-15,10:30:33.091,474.11,471.545,0.544,up,100,4,None,202,True,1
2025-12-15,10:30:33.068,474,471.545,0.521,up,440,4,None,202,True,1
2025-12-15,10:30:33.068,474,471.545,0.521,up,400,4,None,202,True,1
2025-12-15,10:30:33.120,474.075,471.545,0.537,up,200,4,None,202,True,1
2025-12-15,10:30:33.128,474.0928,471.545,0.54,up,100,4,None,202,True,1
2025-12-15,10:30:33.146,474.065,471.545,0.534,up,200,4,None,202,True,1
2025-12-15,10:30:33.154,474.105,471.545,0.543,up,100,4,None,202,True,1
2025-12-15,10:30:33.177,474.1795,471.545,0.559,up,633,4,None,202,True,1
2025-12-15,10:30:33.181,474.16,471.545,0.555,up,500,4,None,202,True,1
2025-12-15,10:30:33.194,474.18,471.545,0.559,up,100,4,None,202,True,1
2025-12-15,10:30:33.194,474.18,471.545,0.559,up,100,4,None,202,True,1
2025-12-15,10:30:33.211,474.1826,471.545,0.559,up,250,4,None,201,True,1
2025-12-15,10:30:33.217,474.135,471.545,0.549,up,100,4,None,202,True,1
2025-12-15,10:30:33.269,474.24,471.545,0.572,up,100,4,None,202,True,1
2025-12-15,10:30:33.157,474.166,471.545,0.556,up,150,4,None,202,True,1
2025-12-15,10:30:33.293,474.31,471.545,0.586,up,100,4,None,202,True,1
2025-12-15,10:30:33.298,474.2148,471.545,0.566,up,850,4,None,202,True,1
2025-12-15,10:30:33.310,474.325,471.545,0.59,up,200,4,None,202,True,1
2025-12-15,10:30:33.311,474.295,471.545,0.583,up,105,4,None,202,True,1
2025-12-15,10:30:33.325,474.3082,471.545,0.586,up,100,4,None,202,True,1
2025-12-15,10:30:33.333,474.3554,471.545,0.596,up,200,4,None,202,True,1
2025-12-15,10:30:33.365,474.33,471.545,0.591,up,200,4,None,202,True,1
2025-12-15,10:30:33.400,474.36,471.545,0.597,up,100,4,None,202,True,1
2025-12-15,10:30:33.400,474.33,471.545,0.591,up,200,4,None,202,True,1
2025-12-15,10:30:33.400,474.32,471.545,0.588,up,100,4,None,202,True,1
2025-12-15,10:30:33.400,474.33,471.545,0.591,up,100,4,None,202,True,1
2025-12-15,10:30:33.451,474.35,471.545,0.595,up,100,4,None,202,True,1
2025-12-15,10:30:33.453,474.29,471.545,0.582,up,100,4,None,202,True,1
2025-12-15,10:30:33.456,474.29,471.545,0.582,up,100,4,None,202,True,1
2025-12-15,10:30:33.525,474.18,471.545,0.559,up,110,4,None,202,True,1
2025-12-15,10:30:33.551,474.225,471.545,0.568,up,200,4,None,202,True,1
2025-12-15,10:30:33.559,474.225,471.545,0.568,up,200,4,None,202,True,1
2025-12-15,10:30:33.567,474.225,471.545,0.568,up,100,4,None,202,True,1
2025-12-15,10:30:33.588,474.225,471.545,0.568,up,100,4,None,202,True,1
2025-12-15,10:30:33.409,474.4,471.545,0.605,up,100,4,None,202,True,1
2025-12-15,10:30:33.625,474.2299,471.545,0.569,up,264,4,None,202,True,1
2025-12-15,10:30:33.668,474.1876,471.545,0.56,up,200,4,None,202,True,1
2025-12-15,10:30:33.682,474.34,471.545,0.593,up,100,4,None,202,True,1
2025-12-15,10:30:33.688,474.1801,471.545,0.559,up,100,4,None,202,True,1
2025-12-15,10:30:33.689,474.17,471.545,0.557,up,100,4,None,202,True,1
2025-12-15,10:30:33.697,474.0995,471.545,0.542,up,100,4,None,202,True,1
2025-12-15,10:30:33.768,474.18,471.545,0.559,up,100,4,None,202,True,1
2025-12-15,10:30:33.773,474.2799,471.545,0.58,up,250,4,None,202,True,1
2025-12-15,10:30:33.827,474.0901,471.545,0.54,up,200,4,None,202,True,1
2025-12-15,10:30:33.861,474.2156,471.545,0.566,up,100,4,None,201,True,1
2025-12-15,10:30:33.882,474.155,471.545,0.553,up,100,4,None,202,True,1
2025-12-15,10:30:33.888,474.09,471.545,0.54,up,100,4,None,202,True,1
2025-12-15,10:30:33.893,474.155,471.545,0.553,up,400,4,None,202,True,1
2025-12-15,10:30:33.930,474.1025,471.545,0.542,up,200,4,None,202,True,1
2025-12-15,10:30:33.937,474.1777,471.545,0.558,up,100,4,None,202,True,1
2025-12-15,10:30:33.976,474.155,471.545,0.553,up,196,4,None,202,True,1
2025-12-15,10:30:33.991,474.155,471.545,0.553,up,300,4,None,202,True,1
2025-12-15,10:30:34.020,474.2299,471.545,0.569,up,400,4,None,202,True,1
2025-12-15,10:30:34.028,474.155,471.545,0.553,up,200,4,None,202,True,1
2025-12-15,10:30:34.028,474.155,471.545,0.553,up,100,4,None,202,True,1
2025-12-15,10:30:34.028,474.1675,471.545,0.556,up,200,4,None,202,True,1
2025-12-15,10:30:34.034,474.0901,471.545,0.54,up,500,4,None,202,True,1
2025-12-15,10:30:34.036,474.245,471.545,0.573,up,100,4,None,202,True,1
2025-12-15,10:30:34.047,474.3389,471.545,0.592,up,300,4,None,202,True,1
2025-12-15,10:30:34.060,474.2495,471.545,0.574,up,100,4,None,202,True,1
2025-12-15,10:30:34.112,474.155,471.545,0.553,up,393,4,None,202,True,1
2025-12-15,10:30:34.200,474.26,471.545,0.576,up,100,4,None,202,True,1
2025-12-15,10:30:34.200,474.23,471.545,0.569,up,100,4,None,202,True,1
2025-12-15,10:30:34.200,474.23,471.545,0.569,up,200,4,None,202,True,1
2025-12-15,10:30:34.218,474.3216,471.545,0.589,up,150,4,None,202,True,1
2025-12-15,10:30:34.222,474.27,471.545,0.578,up,100,4,None,202,True,1
2025-12-15,10:30:34.232,474.3315,471.545,0.591,up,200,4,None,202,True,1
2025-12-15,10:30:34.249,474.3493,471.545,0.595,up,100,4,None,202,True,1
2025-12-15,10:30:34.028,474.1825,471.545,0.559,up,200,4,None,202,True,1
2025-12-15,10:30:34.256,474.1901,471.545,0.561,up,200,4,None,202,True,1
2025-12-15,10:30:34.273,474.19,471.545,0.561,up,100,4,None,202,True,1
2025-12-15,10:30:34.349,474.185,471.545,0.56,up,390,4,None,202,True,1
2025-12-15,10:30:34.360,474.3499,471.545,0.595,up,100,4,None,202,True,1
2025-12-15,10:30:34.368,474.322,471.545,0.589,up,120,4,None,202,True,1
2025-12-15,10:30:34.376,474.295,471.545,0.583,up,100,4,None,202,True,1
2025-12-15,10:30:33.405,474.3398,471.545,0.593,up,220,4,None,202,True,1
2025-12-15,10:30:34.411,474.265,471.545,0.577,up,100,4,None,202,True,1
2025-12-15,10:30:34.417,474.2165,471.545,0.567,up,100,4,None,202,True,1
2025-12-15,10:30:34.466,474.24,471.545,0.572,up,200,4,None,202,True,1
2025-12-15,10:30:34.483,474.28,471.545,0.58,up,250,4,None,202,True,1
2025-12-15,10:30:34.487,474.215,471.545,0.566,up,280,4,None,202,True,1
2025-12-15,10:30:34.487,474.23,471.545,0.569,up,600,4,None,202,True,1
2025-12-15,10:30:34.494,474.21,471.545,0.565,up,280,4,None,202,True,1
2025-12-15,10:30:34.495,474.21,471.545,0.565,up,200,4,None,202,True,1
2025-12-15,10:30:34.512,474.235,471.545,0.57,up,390,4,None,202,True,1
2025-12-15,10:30:34.517,474.3399,471.545,0.593,up,125,4,None,202,True,1
2025-12-15,10:30:34.520,474.235,471.545,0.57,up,200,4,None,202,True,1
2025-12-15,10:30:34.537,474.29,471.545,0.582,up,100,4,None,202,True,1
2025-12-15,10:30:34.553,474.3252,471.545,0.59,up,100,4,None,202,True,1
2025-12-15,10:30:34.538,474.2245,471.545,0.568,up,100,4,None,201,True,1
2025-12-15,10:30:34.590,474.235,471.545,0.57,up,100,4,None,202,True,1
2025-12-15,10:30:34.591,474.235,471.545,0.57,up,100,4,None,202,True,1
2025-12-15,10:30:34.727,474.2665,471.545,0.577,up,100,4,None,202,True,1
2025-12-15,10:30:34.741,474.3,471.545,0.584,up,240,4,None,202,True,1
2025-12-15,10:30:34.741,474.34,471.545,0.593,up,214,4,None,201,True,1
2025-12-15,10:30:34.741,474.3,471.545,0.584,up,159,4,None,202,True,1
2025-12-15,10:30:34.746,474.28,471.545,0.58,up,150,4,None,202,True,1
2025-12-15,10:30:34.792,474.245,471.545,0.573,up,100,4,None,202,True,1
2025-12-15,10:30:34.816,474.3399,471.545,0.593,up,580,4,None,202,True,1
2025-12-15,10:30:34.887,474.245,471.545,0.573,up,100,4,None,202,True,1
2025-12-15,10:30:34.896,474.245,471.545,0.573,up,100,4,None,202,True,1
2025-12-15,10:30:34.932,474.3,471.545,0.584,up,100,4,None,202,True,1
2025-12-15,10:30:34.944,474.2779,471.545,0.58,up,200,4,None,202,True,1
2025-12-15,10:30:34.945,474.24,471.545,0.572,up,100,4,None,202,True,1
2025-12-15,10:30:34.953,474.2925,471.545,0.583,up,100,4,None,202,True,1
2025-12-15,10:30:34.976,474.2765,471.545,0.579,up,200,4,None,202,True,1
2025-12-15,10:30:35.058,474.295,471.545,0.583,up,200,4,None,202,True,1
2025-12-15,10:30:35.066,474.295,471.545,0.583,up,200,4,None,202,True,1
2025-12-15,10:30:35.084,474.295,471.545,0.583,up,100,4,None,202,True,1
2025-12-15,10:30:35.107,474.2595,471.545,0.576,up,350,4,None,202,True,1
2025-12-15,10:30:35.117,474.3499,471.545,0.595,up,1000,4,None,202,True,1
2025-12-15,10:30:35.122,474.3499,471.545,0.595,up,200,4,None,202,True,1
2025-12-15,10:30:35.138,474.3499,471.545,0.595,up,1000,4,None,202,True,1
2025-12-15,10:30:35.161,474.295,471.545,0.583,up,200,4,None,202,True,1
2025-12-15,10:30:35.195,474.295,471.545,0.583,up,200,4,None,202,True,1
2025-12-15,10:30:35.215,474.3499,471.545,0.595,up,2300,4,None,202,True,1
2025-12-15,10:30:35.234,474.295,471.545,0.583,up,200,4,None,202,True,1
2025-12-15,10:30:35.306,474.25,471.545,0.574,up,200,4,None,202,True,1
2025-12-15,10:30:35.320,474.295,471.545,0.583,up,200,4,None,201,True,1
2025-12-15,10:30:35.338,474.3499,471.545,0.595,up,100,4,None,202,True,1
2025-12-15,10:30:35.409,474.295,471.545,0.583,up,200,4,None,202,True,1
2025-12-15,10:30:35.410,474.295,471.545,0.583,up,200,4,None,202,True,1
2025-12-15,10:30:35.296,474.3489,471.545,0.595,up,100,4,None,202,True,1
2025-12-15,10:30:35.553,474.2788,471.545,0.58,up,100,4,None,202,True,1
2025-12-15,10:30:35.597,474.25,471.545,0.574,up,250,4,None,202,True,1
2025-12-15,10:30:35.598,474.295,471.545,0.583,up,100,4,None,202,True,1
2025-12-15,10:30:35.641,474.3499,471.545,0.595,up,200,4,None,202,True,1
2025-12-15,10:30:35.672,474.3319,471.545,0.591,up,100,4,None,202,True,1
2025-12-15,10:30:35.683,474.2508,471.545,0.574,up,250,4,None,202,True,1
2025-12-15,10:30:35.704,474.2923,471.545,0.583,up,100,4,None,202,True,1
2025-12-15,10:30:35.806,474.415,471.545,0.609,up,200,4,None,202,True,1
2025-12-15,10:30:35.868,474.38,471.545,0.601,up,310,4,None,202,True,1
2025-12-15,10:30:35.870,474.38,471.545,0.601,up,100,4,None,202,True,1
2025-12-15,10:30:35.878,474.32,471.545,0.588,up,170,4,None,202,True,1
2025-12-15,10:30:35.878,474.32,471.545,0.588,up,390,4,None,203,True,1
2025-12-15,10:30:35.973,474.415,471.545,0.609,up,100,4,None,202,True,1
2025-12-15,10:30:35.979,474.415,471.545,0.609,up,200,4,None,202,True,1
2025-12-15,10:30:36.000,474.415,471.545,0.609,up,250,4,None,202,True,1
2025-12-15,10:30:36.018,474.3101,471.545,0.586,up,125,4,None,202,True,1
2025-12-15,10:30:36.024,474.385,471.545,0.602,up,280,4,None,202,True,1
2025-12-15,10:30:36.030,474.415,471.545,0.609,up,300,4,None,202,True,1
2025-12-15,10:30:36.080,474.375,471.545,0.6,up,100,4,None,202,True,1
2025-12-15,10:30:36.080,474.365,471.545,0.598,up,100,4,None,202,True,1
2025-12-15,10:30:36.151,474.4565,471.545,0.617,up,100,4,None,202,True,1
2025-12-15,10:30:36.151,474.469,471.545,0.62,up,100,4,None,202,True,1
2025-12-15,10:30:36.191,474.452,471.545,0.616,up,100,4,None,202,True,1
2025-12-15,10:30:36.275,474.374,471.545,0.6,up,360,4,None,202,True,1
2025-12-15,10:30:36.274,474.35,471.545,0.595,up,480,4,None,202,True,1
2025-12-15,10:30:36.326,474.41,471.545,0.608,up,100,4,None,202,True,1
2025-12-15,10:30:36.336,474.415,471.545,0.609,up,100,4,None,202,True,1
2025-12-15,10:30:36.449,474.39,471.545,0.603,up,120,4,None,202,True,1
2025-12-15,10:30:36.450,474.42,471.545,0.61,up,100,4,None,202,True,1
2025-12-15,10:30:36.475,474.4607,471.545,0.618,up,200,4,None,202,True,1
2025-12-15,10:30:36.488,474.42,471.545,0.61,up,300,4,None,202,True,1
2025-12-15,10:30:36.535,474.419,471.545,0.609,up,125,4,None,202,True,1
2025-12-15,10:30:36.545,474.44,471.545,0.614,up,140,4,None,202,True,1
2025-12-15,10:30:36.546,474.464,471.545,0.619,up,107,4,None,202,True,1
2025-12-15,10:30:36.558,474.47,471.545,0.62,up,100,4,None,202,True,1
2025-12-15,10:30:35.378,474.2895,471.545,0.582,up,100,4,None,201,True,1
2025-12-15,10:30:35.558,474.34,471.545,0.593,up,100,4,None,201,True,1
2025-12-15,10:30:35.845,474.39,471.545,0.603,up,200,4,None,201,True,1
2025-12-15,10:30:36.604,474.5,471.545,0.627,up,480,4,None,202,True,1
2025-12-15,10:30:36.629,474.6555,471.545,0.66,up,100,4,None,202,True,1
2025-12-15,10:30:36.645,474.6013,471.545,0.648,up,200,4,None,202,True,1
2025-12-15,10:30:36.648,474.7,471.545,0.669,up,100,4,None,202,True,1
2025-12-15,10:30:36.652,474.63,471.545,0.654,up,200,4,None,202,True,1
2025-12-15,10:30:36.652,474.565,471.545,0.64,up,100,4,None,202,True,1
2025-12-15,10:30:36.673,474.63,471.545,0.654,up,100,4,None,202,True,1
2025-12-15,10:30:36.673,474.63,471.545,0.654,up,200,4,None,202,True,1
2025-12-15,10:30:36.670,474.63,471.545,0.654,up,100,4,None,201,True,1
2025-12-15,10:30:36.721,474.65,471.545,0.658,up,300,4,None,202,True,1
2025-12-15,10:30:36.729,474.7,471.545,0.669,up,193,4,None,202,True,1
2025-12-15,10:30:36.729,474.7,471.545,0.669,up,180,4,None,202,True,1
2025-12-15,10:30:36.756,474.6999,471.545,0.669,up,100,4,None,202,True,1
2025-12-15,10:30:36.817,474.6993,471.545,0.669,up,1000,4,None,202,True,1
2025-12-15,10:30:36.825,474.625,471.545,0.653,up,615,4,None,202,True,1
2025-12-15,10:30:36.844,474.55,471.545,0.637,up,1000,4,None,202,True,1
2025-12-15,10:30:36.852,474.56,471.545,0.639,up,100,4,None,202,True,1
2025-12-15,10:30:36.852,474.565,471.545,0.64,up,100,4,None,202,True,1
2025-12-15,10:30:36.876,474.565,471.545,0.64,up,200,4,None,202,True,1
2025-12-15,10:30:36.876,474.485,471.545,0.623,up,200,4,None,202,True,1
2025-12-15,10:30:36.879,474.48,471.545,0.622,up,310,4,None,202,True,1
2025-12-15,10:30:36.850,474.7,471.545,0.669,up,200,4,None,202,True,1
2025-12-15,10:30:36.938,474.545,471.545,0.636,up,100,4,None,202,True,1
2025-12-15,10:30:36.949,474.63,471.545,0.654,up,174,4,None,202,True,1
2025-12-15,10:30:36.949,474.6299,471.545,0.654,up,174,4,None,202,True,1
2025-12-15,10:30:36.951,474.6299,471.545,0.654,up,100,4,None,202,True,1
2025-12-15,10:30:36.950,474.63,471.545,0.654,up,100,4,None,202,True,1
2025-12-15,10:30:37.003,474.49,471.545,0.625,up,120,4,None,202,True,1
2025-12-15,10:30:37.017,474.55,471.545,0.637,up,100,4,None,202,True,1
2025-12-15,10:30:37.017,474.55,471.545,0.637,up,100,4,None,202,True,1
2025-12-15,10:30:36.905,474.505,471.545,0.628,up,100,4,None,202,True,1
2025-12-15,10:30:37.039,474.6135,471.545,0.651,up,100,4,None,202,True,1
2025-12-15,10:30:36.910,474.41,471.545,0.608,up,100,4,None,202,True,1
2025-12-15,10:30:37.071,474.5236,471.545,0.632,up,200,4,None,202,True,1
2025-12-15,10:30:37.094,474.4846,471.545,0.623,up,450,4,None,202,True,1
2025-12-15,10:30:37.101,474.63,471.545,0.654,up,100,4,None,202,True,1
2025-12-15,10:30:37.101,474.63,471.545,0.654,up,100,4,None,202,True,1
2025-12-15,10:30:37.101,474.63,471.545,0.654,up,100,4,None,202,True,1
2025-12-15,10:30:37.101,474.6,471.545,0.648,up,100,4,None,202,True,1
2025-12-15,10:30:37.101,474.63,471.545,0.654,up,146,4,None,202,True,1
2025-12-15,10:30:37.081,474.55,471.545,0.637,up,100,4,None,201,True,1
2025-12-15,10:30:37.107,474.575,471.545,0.643,up,200,4,None,202,True,1
2025-12-15,10:30:37.120,474.57,471.545,0.642,up,240,4,None,202,True,1
2025-12-15,10:30:37.132,474.4942,471.545,0.625,up,110,4,None,202,True,1
2025-12-15,10:30:37.182,474.555,471.545,0.638,up,200,4,None,202,True,1
2025-12-15,10:30:37.200,474.4888,471.545,0.624,up,180,4,None,202,True,1
2025-12-15,10:30:37.241,474.5,471.545,0.627,up,175,4,None,202,True,1
2025-12-15,10:30:37.241,474.485,471.545,0.623,up,100,4,None,202,True,1
2025-12-15,10:30:37.241,474.5,471.545,0.627,up,100,4,None,202,True,1
2025-12-15,10:30:37.241,474.47,471.545,0.62,up,420,4,None,202,True,1
2025-12-15,10:30:37.249,474.6208,471.545,0.652,up,143,4,None,202,True,1
2025-12-15,10:30:37.262,474.52,471.545,0.631,up,100,4,None,202,True,1
2025-12-15,10:30:37.344,474.545,471.545,0.636,up,100,4,None,202,True,1
2025-12-15,10:30:37.367,474.5475,471.545,0.637,up,100,4,None,202,True,1
2025-12-15,10:30:37.367,474.5475,471.545,0.637,up,100,4,None,202,True,1
2025-12-15,10:30:37.380,474.46,471.545,0.618,up,172,4,None,201,True,1
2025-12-15,10:30:37.420,474.46,471.545,0.618,up,160,4,None,202,True,1
2025-12-15,10:30:37.420,474.5001,471.545,0.627,up,250,4,None,202,True,1
2025-12-15,10:30:37.420,474.5,471.545,0.627,up,100,4,None,202,True,1
2025-12-15,10:30:37.432,474.465,471.545,0.619,up,100,4,None,202,True,1
2025-12-15,10:30:37.458,474.47,471.545,0.62,up,244,4,None,202,True,1
2025-12-15,10:30:37.467,474.4087,471.545,0.607,up,110,4,None,202,True,1
2025-12-15,10:30:37.472,474.42,471.545,0.61,up,100,4,None,202,True,1
2025-12-15,10:30:37.512,474.395,471.545,0.604,up,307,4,None,202,True,1
2025-12-15,10:30:37.240,474.475,471.545,0.621,up,200,4,None,202,True,1
2025-12-15,10:30:37.550,474.395,471.545,0.604,up,100,4,None,201,True,1
2025-12-15,10:30:37.623,474.33,471.545,0.591,up,479,4,None,202,True,1
2025-12-15,10:30:37.691,474.3647,471.545,0.598,up,100,4,None,202,True,1
2025-12-15,10:30:37.721,474.3237,471.545,0.589,up,310,4,None,202,True,1
2025-12-15,10:30:37.723,474.3975,471.545,0.605,up,100,4,None,202,True,1
2025-12-15,10:30:37.772,474.47,471.545,0.62,up,500,4,None,202,True,1
2025-12-15,10:30:37.786,474.395,471.545,0.604,up,180,4,None,202,True,1
2025-12-15,10:30:37.787,474.3875,471.545,0.603,up,100,4,None,202,True,1
2025-12-15,10:30:37.836,474.395,471.545,0.604,up,1785,4,None,202,True,1
2025-12-15,10:30:37.878,474.32,471.545,0.588,up,100,4,None,202,True,1
2025-12-15,10:30:37.889,474.395,471.545,0.604,up,100,4,None,202,True,1
2025-12-15,10:30:37.910,474.395,471.545,0.604,up,160,4,None,202,True,1
2025-12-15,10:30:37.914,474.395,471.545,0.604,up,100,4,None,202,True,1
2025-12-15,10:30:37.914,474.395,471.545,0.604,up,100,4,None,202,True,1
2025-12-15,10:30:37.915,474.32,471.545,0.588,up,146,4,None,202,True,1
2025-12-15,10:30:37.915,474.32,471.545,0.588,up,100,4,None,202,True,1
2025-12-15,10:30:37.915,474.325,471.545,0.59,up,175,4,None,202,True,1
2025-12-15,10:30:37.915,474.31,471.545,0.586,up,100,4,None,202,True,1
2025-12-15,10:30:37.952,474.3,471.545,0.584,up,203,4,None,202,True,1
2025-12-15,10:30:37.982,474.405,471.545,0.607,up,300,4,None,202,True,1
2025-12-15,10:30:38.006,474.46,471.545,0.618,up,100,4,None,202,True,1
2025-12-15,10:30:38.020,474.3668,471.545,0.598,up,200,4,None,202,True,1
2025-12-15,10:30:38.020,474.37,471.545,0.599,up,160,4,None,202,True,1
2025-12-15,10:30:38.030,474.362,471.545,0.597,up,500,4,None,202,True,1
2025-12-15,10:30:38.031,474.415,471.545,0.609,up,120,4,None,202,True,1
2025-12-15,10:30:38.044,474.46,471.545,0.618,up,100,4,None,203,True,1
2025-12-15,10:30:38.073,474.395,471.545,0.604,up,100,4,None,202,True,1
2025-12-15,10:30:38.076,474.3275,471.545,0.59,up,500,4,None,202,True,1
2025-12-15,10:30:37.910,474.395,471.545,0.604,up,160,4,None,202,True,1
2025-12-15,10:30:38.117,474.4381,471.545,0.614,up,256,4,None,202,True,1
2025-12-15,10:30:38.127,474.3801,471.545,0.601,up,200,4,None,202,True,1
2025-12-15,10:30:37.899,474.395,471.545,0.604,up,100,4,None,202,True,1
2025-12-15,10:30:38.156,474.4699,471.545,0.62,up,100,4,None,202,True,1
2025-12-15,10:30:38.166,474.3,471.545,0.584,up,100,4,None,203,True,1
2025-12-15,10:30:38.211,474.205,471.545,0.564,up,220,4,None,202,True,1
2025-12-15,10:30:38.226,474.23,471.545,0.569,up,100,4,None,202,True,1
2025-12-15,10:30:38.226,474.21,471.545,0.565,up,100,4,None,202,True,1
2025-12-15,10:30:38.226,474.18,471.545,0.559,up,100,4,None,202,True,1
2025-12-15,10:30:38.228,474.23,471.545,0.569,up,100,4,None,202,True,1
2025-12-15,10:30:38.236,474.215,471.545,0.566,up,155,4,None,202,True,1
2025-12-15,10:30:38.240,474.225,471.545,0.568,up,200,4,None,202,True,1
2025-12-15,10:30:38.246,474.225,471.545,0.568,up,100,4,None,202,True,1
2025-12-15,10:30:38.268,474.2799,471.545,0.58,up,1000,4,None,202,True,1
2025-12-15,10:30:38.294,474.323,471.545,0.589,up,200,4,None,202,True,1
2025-12-15,10:30:38.340,474.17,471.545,0.557,up,100,4,None,202,True,1
2025-12-15,10:30:38.349,474.3494,471.545,0.595,up,960,4,None,202,True,1
2025-12-15,10:30:38.362,474.1701,471.545,0.557,up,100,4,None,202,True,1
2025-12-15,10:30:38.380,474.26,471.545,0.576,up,140,4,None,202,True,1
2025-12-15,10:30:38.396,474.3499,471.545,0.595,up,700,4,None,202,True,1
2025-12-15,10:30:38.403,474.172,471.545,0.557,up,300,4,None,202,True,1
2025-12-15,10:30:38.418,474.26,471.545,0.576,up,100,4,None,202,True,1
2025-12-15,10:30:38.455,474.26,471.545,0.576,up,100,4,None,202,True,1
2025-12-15,10:30:38.478,474.26,471.545,0.576,up,140,4,None,202,True,1
2025-12-15,10:30:38.516,474.26,471.545,0.576,up,100,4,None,202,True,1
2025-12-15,10:30:38.524,474.26,471.545,0.576,up,140,4,None,202,True,1
2025-12-15,10:30:38.534,474.1917,471.545,0.561,up,150,4,None,202,True,1
2025-12-15,10:30:38.547,474.26,471.545,0.576,up,100,4,None,202,True,1
2025-12-15,10:30:38.553,474.2601,471.545,0.576,up,100,4,None,202,True,1
2025-12-15,10:30:38.573,474.29,471.545,0.582,up,240,4,None,202,True,1
2025-12-15,10:30:38.573,474.29,471.545,0.582,up,280,4,None,202,True,1
2025-12-15,10:30:38.596,474.29,471.545,0.582,up,134,4,None,202,True,1
2025-12-15,10:30:38.605,474.29,471.545,0.582,up,100,4,None,202,True,1
2025-12-15,10:30:38.457,474.32,471.545,0.588,up,700,4,None,202,True,1
2025-12-15,10:30:38.713,474.29,471.545,0.582,up,100,4,None,202,True,1
2025-12-15,10:30:38.819,474.2999,471.545,0.584,up,400,4,None,202,True,1
2025-12-15,10:30:38.896,474.32,471.545,0.588,up,100,4,None,202,True,1
2025-12-15,10:30:38.919,474.345,471.545,0.594,up,100,4,None,202,True,1
2025-12-15,10:30:38.919,474.3533,471.545,0.596,up,500,4,None,202,True,1
2025-12-15,10:30:38.919,474.275,471.545,0.579,up,200,4,None,202,True,1
2025-12-15,10:30:38.947,474.2014,471.545,0.563,up,500,4,None,202,True,1
2025-12-15,10:30:39.036,474.23,471.545,0.569,up,130,4,None,202,True,1
2025-12-15,10:30:39.037,474.1906,471.545,0.561,up,130,4,None,202,True,1
2025-12-15,10:30:39.050,474.275,471.545,0.579,up,210,4,None,202,True,1
2025-12-15,10:30:38.896,474.32,471.545,0.588,up,100,4,None,202,True,1
2025-12-15,10:30:39.084,474.1806,471.545,0.559,up,528,4,None,202,True,1
2025-12-15,10:30:39.118,474.1827,471.545,0.559,up,125,4,None,202,True,1
2025-12-15,10:30:39.124,474.3337,471.545,0.591,up,100,4,None,202,True,1
2025-12-15,10:30:39.141,474.34,471.545,0.593,up,1642,4,None,202,True,1
2025-12-15,10:30:39.175,474.265,471.545,0.577,up,120,4,None,202,True,1
2025-12-15,10:30:39.178,474.3499,471.545,0.595,up,1000,4,None,202,True,1
2025-12-15,10:30:39.202,474.3205,471.545,0.589,up,203,4,None,202,True,1
2025-12-15,10:30:39.252,474.2756,471.545,0.579,up,100,4,None,202,True,1
2025-12-15,10:30:39.260,474.2441,471.545,0.572,up,250,4,None,202,True,1
2025-12-15,10:30:37.052,474.55,471.545,0.637,up,200,4,None,202,True,1
2025-12-15,10:30:39.318,474.1501,471.545,0.552,up,100,4,None,202,True,1
2025-12-15,10:30:39.319,474.35,471.545,0.595,up,150,4,None,202,True,1
2025-12-15,10:30:38.207,474.17,471.545,0.557,up,200,4,None,202,True,1
2025-12-15,10:30:39.394,474.3499,471.545,0.595,up,100,4,None,202,True,1
2025-12-15,10:30:39.396,474.3499,471.545,0.595,up,200,4,None,202,True,1
2025-12-15,10:30:39.448,474.35,471.545,0.595,up,200,4,None,202,True,1
2025-12-15,10:30:39.454,474.26,471.545,0.576,up,111,4,None,202,True,1
2025-12-15,10:30:39.180,474.326,471.545,0.59,up,141,4,None,202,True,1
2025-12-15,10:30:39.469,474.26,471.545,0.576,up,150,4,None,202,True,1
2025-12-15,10:30:39.242,474.19,471.545,0.561,up,100,4,None,202,True,1
2025-12-15,10:30:39.526,474.26,471.545,0.576,up,200,4,None,202,True,1
2025-12-15,10:30:39.529,474.26,471.545,0.576,up,250,4,None,202,True,1
2025-12-15,10:30:39.535,474.35,471.545,0.595,up,250,4,None,202,True,1
2025-12-15,10:30:39.547,474.26,471.545,0.576,up,250,4,None,202,True,1
2025-12-15,10:30:39.297,474.175,471.545,0.558,up,200,4,None,202,True,1
2025-12-15,10:30:39.582,474.1715,471.545,0.557,up,200,4,None,202,True,1
2025-12-15,10:30:39.585,474.255,471.545,0.575,up,180,4,None,202,True,1
2025-12-15,10:30:39.600,474.25,471.545,0.574,up,200,4,None,202,True,1
2025-12-15,10:30:39.624,474.1539,471.545,0.553,up,300,4,None,201,True,1
2025-12-15,10:30:39.640,474.24,471.545,0.572,up,125,4,None,202,True,1
2025-12-15,10:30:39.731,474.14,471.545,0.55,up,100,4,None,202,True,1
2025-12-15,10:30:39.731,474.13,471.545,0.548,up,100,4,None,202,True,1
2025-12-15,10:30:39.731,474.1,471.545,0.542,up,100,4,None,202,True,1
2025-12-15,10:30:39.731,474.18,471.545,0.559,up,100,4,None,202,True,1
2025-12-15,10:30:39.735,474.01,471.545,0.523,up,167,4,None,202,True,1
2025-12-15,10:30:39.740,474.1,471.545,0.542,up,280,4,None,202,True,1
2025-12-15,10:30:39.742,474.1,471.545,0.542,up,120,4,None,202,True,1
2025-12-15,10:30:39.742,474.1,471.545,0.542,up,125,4,None,202,True,1
2025-12-15,10:30:39.749,474.1,471.545,0.542,up,100,4,None,202,True,1
2025-12-15,10:30:39.752,474.1432,471.545,0.551,up,100,4,None,202,True,1
2025-12-15,10:30:39.785,474.1,471.545,0.542,up,156,4,None,201,True,1
2025-12-15,10:30:39.837,474.0959,471.545,0.541,up,100,4,None,202,True,1
2025-12-15,10:30:39.842,474.0424,471.545,0.53,up,300,4,None,202,True,1
2025-12-15,10:30:39.854,474.0342,471.545,0.528,up,350,4,None,202,True,1
2025-12-15,10:30:39.863,474.095,471.545,0.541,up,360,4,None,202,True,1
2025-12-15,10:30:38.773,474.2184,471.545,0.567,up,300,4,None,202,True,1
2025-12-15,10:30:39.932,474.1,471.545,0.542,up,100,4,None,202,True,1
2025-12-15,10:30:39.938,474.1,471.545,0.542,up,110,4,None,202,True,1
2025-12-15,10:30:39.939,474.1,471.545,0.542,up,100,4,None,202,True,1
2025-12-15,10:30:39.966,474.35,471.545,0.595,up,600,4,None,202,True,1
2025-12-15,10:30:39.978,474.255,471.545,0.575,up,300,4,None,202,True,1
2025-12-15,10:30:39.546,474.269,471.545,0.578,up,250,4,None,202,True,1
2025-12-15,10:30:39.998,474.2119,471.545,0.566,up,100,4,None,202,True,1
2025-12-15,10:30:40.001,474.11,471.545,0.544,up,200,4,None,202,True,1
2025-12-15,10:30:40.100,474.245,471.545,0.573,up,100,4,None,202,True,1
2025-12-15,10:30:40.121,474.25,471.545,0.574,up,100,4,None,202,True,1
2025-12-15,10:30:40.150,474.18,471.545,0.559,up,100,4,None,203,True,1
2025-12-15,10:30:40.249,474.2,471.545,0.563,up,100,4,None,202,True,1
2025-12-15,10:30:40.249,474.17,471.545,0.557,up,200,4,None,202,True,1
2025-12-15,10:30:40.256,474.16,471.545,0.555,up,100,4,None,202,True,1
2025-12-15,10:30:40.322,474.19,471.545,0.561,up,175,4,None,202,True,1
2025-12-15,10:30:40.358,474.0801,471.545,0.538,up,100,4,None,202,True,1
2025-12-15,10:30:40.361,474.205,471.545,0.564,up,100,4,None,202,True,1
2025-12-15,10:30:40.361,474.205,471.545,0.564,up,100,4,None,202,True,1
2025-12-15,10:30:40.354,474.205,471.545,0.564,up,120,4,None,202,True,1
2025-12-15,10:30:40.382,474.235,471.545,0.57,up,200,4,None,202,True,1
2025-12-15,10:30:40.404,474.35,471.545,0.595,up,100,4,None,202,True,1
2025-12-15,10:30:40.409,474.235,471.545,0.57,up,100,4,None,202,True,1
2025-12-15,10:30:40.204,474.255,471.545,0.575,up,100,4,None,202,True,1
2025-12-15,10:30:40.432,474.29,471.545,0.582,up,100,4,None,203,True,1
2025-12-15,10:30:38.919,474.32,471.545,0.588,up,320,4,None,202,True,1
2025-12-15,10:30:40.489,474.303,471.545,0.585,up,300,4,None,202,True,1
2025-12-15,10:30:40.508,474.2501,471.545,0.574,up,125,4,None,202,True,1
2025-12-15,10:30:40.524,474.3295,471.545,0.591,up,100,4,None,202,True,1
2025-12-15,10:30:40.625,474.25,471.545,0.574,up,100,4,None,202,True,1
2025-12-15,10:30:40.628,474.25,471.545,0.574,up,200,4,None,202,True,1
2025-12-15,10:30:40.645,474.225,471.545,0.568,up,213,4,None,202,True,1
2025-12-15,10:30:40.646,474.28,471.545,0.58,up,100,4,None,203,True,1
2025-12-15,10:30:40.716,474.225,471.545,0.568,up,200,4,None,202,True,1
2025-12-15,10:30:40.730,474.225,471.545,0.568,up,100,4,None,202,True,1
2025-12-15,10:30:40.749,474.22,471.545,0.567,up,150,4,None,202,True,1
2025-12-15,10:30:40.773,474.12,471.545,0.546,up,1595,4,None,202,True,1
2025-12-15,10:30:40.778,474.12,471.545,0.546,up,107,4,None,202,True,1
2025-12-15,10:30:40.817,474.21,471.545,0.565,up,200,4,None,202,True,1
2025-12-15,10:30:40.840,474.31,471.545,0.586,up,269,4,None,202,True,1
2025-12-15,10:30:40.840,474.3032,471.545,0.585,up,250,4,None,202,True,1
2025-12-15,10:30:40.840,474.31,471.545,0.586,up,100,4,None,202,True,1
2025-12-15,10:30:40.840,474.27,471.545,0.578,up,152,4,None,202,True,1
2025-12-15,10:30:40.848,474.31,471.545,0.586,up,400,4,None,202,True,1
2025-12-15,10:30:40.848,474.32,471.545,0.588,up,122,4,None,202,True,1
2025-12-15,10:30:40.861,474.2331,471.545,0.57,up,100,4,None,202,True,1
2025-12-15,10:30:40.917,474.1862,471.545,0.56,up,599,4,None,202,True,1
2025-12-15,10:30:40.840,474.29,471.545,0.582,up,160,4,None,202,True,1
2025-12-15,10:30:41.048,474.205,471.545,0.564,up,100,4,None,202,True,1
2025-12-15,10:30:41.050,474.18,471.545,0.559,up,900,4,None,202,True,1
2025-12-15,10:30:41.077,474.1553,471.545,0.554,up,100,4,None,202,True,1
2025-12-15,10:30:41.120,474.1855,471.545,0.56,up,130,4,None,202,True,1
2025-12-15,10:30:41.133,474.2987,471.545,0.584,up,500,4,None,202,True,1
2025-12-15,10:30:41.166,474.02,471.545,0.525,up,381,4,None,202,True,1
2025-12-15,10:30:41.170,474.0201,471.545,0.525,up,100,4,None,202,True,1
2025-12-15,10:30:41.219,474.155,471.545,0.553,up,200,4,None,202,True,1
2025-12-15,10:30:41.219,474.2999,471.545,0.584,up,100,4,None,202,True,1
2025-12-15,10:30:41.226,474.155,471.545,0.553,up,200,4,None,202,True,1
2025-12-15,10:30:41.231,474.0101,471.545,0.523,up,235,4,None,202,True,1
2025-12-15,10:30:41.302,474.115,471.545,0.545,up,400,4,None,202,True,1
2025-12-15,10:30:41.309,474.115,471.545,0.545,up,235,4,None,202,True,1
2025-12-15,10:30:41.324,474.0101,471.545,0.523,up,500,4,None,202,True,1
2025-12-15,10:30:41.357,474.0101,471.545,0.523,up,400,4,None,202,True,1
2025-12-15,10:30:41.394,474.0227,471.545,0.525,up,100,4,None,202,True,1
2025-12-15,10:30:41.410,474.1427,471.545,0.551,up,210,4,None,202,True,1
2025-12-15,10:30:41.446,474.075,471.545,0.537,up,200,4,None,202,True,1
2025-12-15,10:30:41.227,474.015,471.545,0.524,up,180,4,None,202,True,1
2025-12-15,10:30:41.452,474.0615,471.545,0.534,up,100,4,None,202,True,1
2025-12-15,10:30:41.227,474.02,471.545,0.525,up,100,4,None,202,True,1
2025-12-15,10:30:41.482,474.1422,471.545,0.551,up,210,4,None,202,True,1
2025-12-15,10:30:41.488,474.14,471.545,0.55,up,120,4,None,202,True,1
2025-12-15,10:30:41.488,474.1399,471.545,0.55,up,120,4,None,202,True,1
2025-12-15,10:30:41.562,474.33,471.545,0.591,up,120,4,None,202,True,1
2025-12-15,10:30:41.600,474.227,471.545,0.569,up,248,4,None,202,True,1
2025-12-15,10:30:41.663,474.2157,471.545,0.566,up,100,4,None,202,True,1
2025-12-15,10:30:41.675,474.3499,471.545,0.595,up,550,4,None,202,True,1
2025-12-15,10:30:41.679,474.171,471.545,0.557,up,171,4,None,202,True,1
2025-12-15,10:30:41.683,474.2555,471.545,0.575,up,250,4,None,202,True,1
2025-12-15,10:30:41.737,474.18,471.545,0.559,up,100,4,None,202,True,1
2025-12-15,10:30:41.737,474.18,471.545,0.559,up,172,4,None,202,True,1
2025-12-15,10:30:41.759,474.06,471.545,0.533,up,100,4,None,202,True,1
2025-12-15,10:30:41.769,474.095,471.545,0.541,up,100,4,None,202,True,1
2025-12-15,10:30:41.770,474.03,471.545,0.527,up,2720,4,None,202,True,1
2025-12-15,10:30:41.770,474.03,471.545,0.527,up,320,4,None,202,True,1
2025-12-15,10:30:41.771,474.095,471.545,0.541,up,160,4,None,202,True,1
2025-12-15,10:30:41.776,474.095,471.545,0.541,up,160,4,None,202,True,1
2025-12-15,10:30:41.836,474.09,471.545,0.54,up,100,4,None,202,True,1
2025-12-15,10:30:41.851,474.055,471.545,0.532,up,100,4,None,202,True,1
2025-12-15,10:30:41.854,474.02,471.545,0.525,up,623,4,None,202,True,1
2025-12-15,10:30:41.853,474.02,471.545,0.525,up,560,4,None,202,True,1
2025-12-15,10:30:41.654,474.2,471.545,0.563,up,100,4,None,202,True,1
2025-12-15,10:30:41.901,474.08,471.545,0.538,up,100,4,None,202,True,1
2025-12-15,10:30:41.901,474.075,471.545,0.537,up,100,4,None,202,True,1
2025-12-15,10:30:41.901,474.08,471.545,0.538,up,100,4,None,202,True,1
2025-12-15,10:30:41.901,474.09,471.545,0.54,up,100,4,None,202,True,1
2025-12-15,10:30:41.901,474.1,471.545,0.542,up,100,4,None,202,True,1
2025-12-15,10:30:41.915,474.1598,471.545,0.555,up,200,4,None,202,True,1
2025-12-15,10:30:41.921,474.1675,471.545,0.556,up,100,4,None,202,True,1
2025-12-15,10:30:41.930,474.1039,471.545,0.543,up,100,4,None,202,True,1
2025-12-15,10:30:41.936,474.165,471.545,0.556,up,100,4,None,202,True,1
2025-12-15,10:30:41.956,474.164,471.545,0.555,up,120,4,None,202,True,1
2025-12-15,10:30:41.978,474.14,471.545,0.55,up,589,4,None,202,True,1
2025-12-15,10:30:42.002,474.15,471.545,0.552,up,418,4,None,202,True,1
2025-12-15,10:30:42.016,474.155,471.545,0.553,up,100,4,None,202,True,1
2025-12-15,10:30:42.016,474.16,471.545,0.555,up,100,4,None,202,True,1
2025-12-15,10:30:42.016,474.155,471.545,0.553,up,100,4,None,202,True,1
2025-12-15,10:30:42.016,474.155,471.545,0.553,up,100,4,None,202,True,1
2025-12-15,10:30:41.597,474.359,471.545,0.597,up,100,4,None,201,True,1
2025-12-15,10:30:41.901,474.15,471.545,0.552,up,100,4,None,202,True,1
2025-12-15,10:30:42.114,474.27,471.545,0.578,up,100,4,None,202,True,1
2025-12-15,10:30:42.128,474.275,471.545,0.579,up,100,4,None,202,True,1
2025-12-15,10:30:42.153,474.25,471.545,0.574,up,120,4,None,202,True,1
2025-12-15,10:30:42.173,474.18,471.545,0.559,up,100,4,None,202,True,1
2025-12-15,10:30:41.949,474.135,471.545,0.549,up,115,4,None,202,True,1
2025-12-15,10:30:42.180,474.1201,471.545,0.546,up,100,4,None,202,True,1
2025-12-15,10:30:42.247,474.26,471.545,0.576,up,4000,4,None,202,True,1
2025-12-15,10:30:42.062,474.3499,471.545,0.595,up,440,4,None,201,True,1
2025-12-15,10:30:42.319,474.1301,471.545,0.548,up,500,4,None,202,True,1
2025-12-15,10:30:42.403,474.1499,471.545,0.552,up,1000,4,None,202,True,1
2025-12-15,10:30:42.414,474.105,471.545,0.543,up,100,4,None,202,True,1
2025-12-15,10:30:42.427,473.99,471.545,0.519,up,600,4,None,202,True,1
2025-12-15,10:30:42.454,474.06,471.545,0.533,up,100,4,None,202,True,1
2025-12-15,10:30:42.484,474,471.545,0.521,up,100,4,None,202,True,1
2025-12-15,10:30:42.580,474.1191,471.545,0.546,up,100,4,None,202,True,1
2025-12-15,10:30:42.656,474.1499,471.545,0.552,up,523,4,None,202,True,1
2025-12-15,10:30:42.680,474.051,471.545,0.531,up,114,4,None,202,True,1
2025-12-15,10:30:42.793,473.95,471.545,0.51,up,100,4,None,202,True,1
2025-12-15,10:30:42.861,473.95,471.545,0.51,up,100,4,None,202,True,1
2025-12-15,10:30:42.872,473.95,471.545,0.51,up,106,4,None,202,True,1
2025-12-15,10:30:41.638,474.2308,471.545,0.57,up,100,4,None,202,True,1
2025-12-15,10:30:42.889,473.95,471.545,0.51,up,127,4,None,202,True,1
2025-12-15,10:30:42.892,473.95,471.545,0.51,up,100,4,None,202,True,1
2025-12-15,10:30:42.872,473.95,471.545,0.51,up,140,4,None,201,True,1
2025-12-15,10:30:42.902,473.95,471.545,0.51,up,100,4,None,202,True,1
2025-12-15,10:30:42.906,473.94,471.545,0.508,up,100,4,None,202,True,1
2025-12-15,10:30:42.906,473.92,471.545,0.504,up,100,4,None,203,True,1
2025-12-15,10:30:43.018,473.95,471.545,0.51,up,100,4,None,202,True,1
2025-12-15,10:30:43.058,474.1499,471.545,0.552,up,100,4,None,202,True,1
2025-12-15,10:30:43.063,474.1706,471.545,0.557,up,150,4,None,202,True,1
2025-12-15,10:30:43.109,474.265,471.545,0.577,up,225,4,None,202,True,1
2025-12-15,10:30:43.127,474.305,471.545,0.585,up,200,4,None,202,True,1
2025-12-15,10:30:43.131,474.3,471.545,0.584,up,200,4,None,202,True,1
2025-12-15,10:30:43.161,474.265,471.545,0.577,up,235,4,None,202,True,1
2025-12-15,10:30:43.173,474.3385,471.545,0.592,up,800,4,None,201,True,1
2025-12-15,10:30:43.219,474.2501,471.545,0.574,up,100,4,None,202,True,1
2025-12-15,10:30:43.223,474.2676,471.545,0.577,up,160,4,None,202,True,1
2025-12-15,10:30:43.229,474.205,471.545,0.564,up,100,4,None,202,True,1
2025-12-15,10:30:43.244,474.1568,471.545,0.554,up,100,4,None,202,True,1
2025-12-15,10:30:43.258,474.29,471.545,0.582,up,200,4,None,202,True,1
2025-12-15,10:30:43.242,474.11,471.545,0.544,up,100,4,None,201,True,1
2025-12-15,10:30:43.281,474.285,471.545,0.581,up,100,4,None,202,True,1
2025-12-15,10:30:43.281,474.285,471.545,0.581,up,100,4,None,202,True,1
2025-12-15,10:30:43.304,474.2553,471.545,0.575,up,100,4,None,202,True,1
2025-12-15,10:30:43.317,474.295,471.545,0.583,up,200,4,None,202,True,1
2025-12-15,10:30:43.346,474.3725,471.545,0.6,up,100,4,None,202,True,1
2025-12-15,10:30:43.375,474.326,471.545,0.59,up,200,4,None,202,True,1
2025-12-15,10:30:43.350,474.365,471.545,0.598,up,100,4,None,201,True,1
2025-12-15,10:30:43.395,474.395,471.545,0.604,up,400,4,None,202,True,1
2025-12-15,10:30:43.396,474.4,471.545,0.605,up,100,4,None,202,True,1
2025-12-15,10:30:43.411,474.41,471.545,0.608,up,400,4,None,202,True,1
2025-12-15,10:30:43.439,474.34,471.545,0.593,up,100,4,None,202,True,1
2025-12-15,10:30:43.456,474.2293,471.545,0.569,up,100,4,None,202,True,1
2025-12-15,10:30:41.806,474.09,471.545,0.54,up,100,4,None,202,True,1
2025-12-15,10:30:43.515,474.27,471.545,0.578,up,480,4,None,202,True,1
2025-12-15,10:30:43.528,474.28,471.545,0.58,up,115,4,None,202,True,1
2025-12-15,10:30:43.668,474.3999,471.545,0.605,up,100,4,None,202,True,1
2025-12-15,10:30:43.676,474.26,471.545,0.576,up,180,4,None,202,True,1
2025-12-15,10:30:43.746,474.26,471.545,0.576,up,100,4,None,202,True,1
2025-12-15,10:30:43.815,474.26,471.545,0.576,up,129,4,None,202,True,1
2025-12-15,10:30:43.854,474.29,471.545,0.582,up,200,4,None,202,True,1
2025-12-15,10:30:43.873,474.29,471.545,0.582,up,150,4,None,202,True,1
2025-12-15,10:30:42.957,474.0216,471.545,0.525,up,200,4,None,202,True,1
2025-12-15,10:30:43.892,474.1301,471.545,0.548,up,200,4,None,202,True,1
2025-12-15,10:30:43.999,474.1201,471.545,0.546,up,125,4,None,202,True,1
2025-12-15,10:30:44.040,474.2998,471.545,0.584,up,100,4,None,202,True,1
2025-12-15,10:30:44.040,474.4,471.545,0.605,up,100,4,None,202,True,1
2025-12-15,10:30:44.044,474.2,471.545,0.563,up,1000,4,None,202,True,1
2025-12-15,10:30:43.896,474.22,471.545,0.567,up,100,4,None,202,True,1
2025-12-15,10:30:44.232,474.2601,471.545,0.576,up,500,4,None,202,True,1
2025-12-15,10:30:44.267,474.26,471.545,0.576,up,130,4,None,202,True,1
2025-12-15,10:30:44.280,474.31,471.545,0.586,up,100,4,None,202,True,1
2025-12-15,10:30:44.461,474.19,471.545,0.561,up,130,4,None,202,True,1
2025-12-15,10:30:44.468,474.19,471.545,0.561,up,100,4,None,202,True,1
2025-12-15,10:30:44.500,474.26,471.545,0.576,up,120,4,None,202,True,1
2025-12-15,10:30:44.511,474.235,471.545,0.57,up,100,4,None,202,True,1
2025-12-15,10:30:44.512,474.205,471.545,0.564,up,100,4,None,202,True,1
2025-12-15,10:30:41.999,474.082,471.545,0.538,up,450,4,None,202,True,1
2025-12-15,10:30:44.533,474.245,471.545,0.573,up,100,4,None,202,True,1
2025-12-15,10:30:44.534,474.275,471.545,0.579,up,140,4,None,202,True,1
2025-12-15,10:30:44.545,474.35,471.545,0.595,up,200,4,None,202,True,1
2025-12-15,10:30:44.579,474.325,471.545,0.59,up,200,4,None,202,True,1
2025-12-15,10:30:44.579,474.325,471.545,0.59,up,200,4,None,202,True,1
2025-12-15,10:30:44.594,474.275,471.545,0.579,up,125,4,None,202,True,1
2025-12-15,10:30:44.596,474.3,471.545,0.584,up,200,4,None,202,True,1
2025-12-15,10:30:44.673,474.4395,471.545,0.614,up,235,4,None,202,True,1
2025-12-15,10:30:44.712,474.37,471.545,0.599,up,200,4,None,202,True,1
2025-12-15,10:30:44.720,474.37,471.545,0.599,up,200,4,None,202,True,1
2025-12-15,10:30:44.723,474.37,471.545,0.599,up,120,4,None,202,True,1
2025-12-15,10:30:44.762,474.34,471.545,0.593,up,100,4,None,203,True,1
2025-12-15,10:30:44.826,474.375,471.545,0.6,up,300,4,None,202,True,1
2025-12-15,10:30:43.757,474.26,471.545,0.576,up,300,4,None,201,True,1
2025-12-15,10:30:44.252,474.399,471.545,0.605,up,2000,4,None,201,True,1
2025-12-15,10:30:44.403,474.235,471.545,0.57,up,250,4,None,201,True,1
2025-12-15,10:30:44.925,474.4177,471.545,0.609,up,100,4,None,202,True,1
2025-12-15,10:30:44.957,474.335,471.545,0.592,up,2200,4,None,202,True,1
2025-12-15,10:30:44.967,474.335,471.545,0.592,up,100,4,None,202,True,1
2025-12-15,10:30:44.967,474.335,471.545,0.592,up,200,4,None,202,True,1
2025-12-15,10:30:45.030,474.2601,471.545,0.576,up,500,4,None,202,True,1
2025-12-15,10:30:45.159,474.335,471.545,0.592,up,130,4,None,202,True,1
2025-12-15,10:30:45.187,474.335,471.545,0.592,up,100,4,None,202,True,1
2025-12-15,10:30:45.201,474.29,471.545,0.582,up,100,4,None,203,True,1
2025-12-15,10:30:45.270,474.37,471.545,0.599,up,150,4,None,203,True,1
2025-12-15,10:30:45.285,474.27,471.545,0.578,up,100,4,None,202,True,1
2025-12-15,10:30:45.336,474.33,471.545,0.591,up,920,4,None,202,True,1
2025-12-15,10:30:45.336,474.2784,471.545,0.58,up,100,4,None,202,True,1
2025-12-15,10:30:45.349,474.295,471.545,0.583,up,200,4,None,202,True,1
2025-12-15,10:30:45.368,474.28,471.545,0.58,up,200,4,None,202,True,1
2025-12-15,10:30:45.376,474.1906,471.545,0.561,up,100,4,None,202,True,1
2025-12-15,10:30:45.478,474.285,471.545,0.581,up,100,4,None,202,True,1
2025-12-15,10:30:45.520,474.285,471.545,0.581,up,200,4,None,202,True,1
2025-12-15,10:30:45.523,474.23,471.545,0.569,up,100,4,None,203,True,1
2025-12-15,10:30:45.452,474.285,471.545,0.581,up,500,4,None,202,True,1
2025-12-15,10:30:45.671,474.285,471.545,0.581,up,200,4,None,202,True,1
2025-12-15,10:30:45.729,474.3528,471.545,0.595,up,100,4,None,202,True,1
2025-12-15,10:30:45.771,474.38,471.545,0.601,up,180,4,None,202,True,1
2025-12-15,10:30:45.803,474.2164,471.545,0.567,up,199,4,None,202,True,1
2025-12-15,10:30:45.814,474.285,471.545,0.581,up,200,4,None,202,True,1
2025-12-15,10:30:45.821,474.348,471.545,0.594,up,100,4,None,202,True,1
2025-12-15,10:30:45.820,474.285,471.545,0.581,up,100,4,None,202,True,1
2025-12-15,10:30:45.838,474.285,471.545,0.581,up,200,4,None,202,True,1
2025-12-15,10:30:45.858,474.3899,471.545,0.603,up,500,4,None,202,True,1
2025-12-15,10:30:45.872,474.305,471.545,0.585,up,1531,4,None,202,True,1
2025-12-15,10:30:45.886,474.305,471.545,0.585,up,250,4,None,202,True,1
2025-12-15,10:30:45.945,474.3534,471.545,0.596,up,500,4,None,202,True,1
2025-12-15,10:30:45.950,474.4,471.545,0.605,up,165,4,None,202,True,1
2025-12-15,10:30:45.845,474.2955,471.545,0.583,up,100,4,None,202,True,1
2025-12-15,10:30:46.012,474.4504,471.545,0.616,up,131,4,None,202,True,1
2025-12-15,10:30:46.101,474.37,471.545,0.599,up,100,4,None,202,True,1
2025-12-15,10:30:46.133,474.441,471.545,0.614,up,100,4,None,202,True,1
2025-12-15,10:30:46.133,474.48,471.545,0.622,up,100,4,None,202,True,1
2025-12-15,10:30:46.133,474.2601,471.545,0.576,up,100,4,None,202,True,1
2025-12-15,10:30:46.171,474.4578,471.545,0.618,up,300,4,None,202,True,1
2025-12-15,10:30:46.220,474.4,471.545,0.605,up,200,4,None,202,True,1
2025-12-15,10:30:46.232,474.4,471.545,0.605,up,200,4,None,202,True,1
2025-12-15,10:30:46.242,474.4,471.545,0.605,up,200,4,None,202,True,1
2025-12-15,10:30:46.261,474.4,471.545,0.605,up,200,4,None,202,True,1
2025-12-15,10:30:46.264,474.4,471.545,0.605,up,100,4,None,202,True,1
2025-12-15,10:30:46.273,474.33,471.545,0.591,up,262,4,None,202,True,1
2025-12-15,10:30:46.302,474.4,471.545,0.605,up,200,4,None,202,True,1
2025-12-15,10:30:46.305,474.4,471.545,0.605,up,100,4,None,202,True,1
2025-12-15,10:30:46.305,474.4,471.545,0.605,up,100,4,None,202,True,1
2025-12-15,10:30:46.308,474.325,471.545,0.59,up,450,4,None,202,True,1
2025-12-15,10:30:46.337,474.325,471.545,0.59,up,100,4,None,202,True,1
2025-12-15,10:30:46.431,474.385,471.545,0.602,up,200,4,None,202,True,1
2025-12-15,10:30:46.435,474.48,471.545,0.622,up,1000,4,None,202,True,1
2025-12-15,10:30:46.437,474.385,471.545,0.602,up,200,4,None,202,True,1
2025-12-15,10:30:46.442,474.385,471.545,0.602,up,200,4,None,202,True,1
2025-12-15,10:30:46.455,474.4556,471.545,0.617,up,127,4,None,202,True,1
2025-12-15,10:30:46.457,474.41,471.545,0.608,up,200,4,None,202,True,1
2025-12-15,10:30:46.466,474.41,471.545,0.608,up,200,4,None,202,True,1
2025-12-15,10:30:46.505,474.4215,471.545,0.61,up,100,4,None,202,True,1
2025-12-15,10:30:46.518,474.345,471.545,0.594,up,200,4,None,202,True,1
2025-12-15,10:30:46.527,474.345,471.545,0.594,up,200,4,None,202,True,1
2025-12-15,10:30:46.587,474.4299,471.545,0.612,up,100,4,None,202,True,1
2025-12-15,10:30:46.718,474.3997,471.545,0.605,up,132,4,None,202,True,1
2025-12-15,10:30:46.732,474.3001,471.545,0.584,up,173,4,None,202,True,1
2025-12-15,10:30:46.775,474.3682,471.545,0.599,up,100,4,None,202,True,1
2025-12-15,10:30:46.787,474.32,471.545,0.588,up,251,4,None,202,True,1
2025-12-15,10:30:46.787,474.3,471.545,0.584,up,149,4,None,202,True,1
2025-12-15,10:30:46.787,474.31,471.545,0.586,up,600,4,None,203,True,1
2025-12-15,10:30:46.842,474.3,471.545,0.584,up,200,4,None,201,True,1
2025-12-15,10:30:46.901,474.2684,471.545,0.578,up,100,4,None,202,True,1
2025-12-15,10:30:46.922,474.235,471.545,0.57,up,100,4,None,202,True,1
2025-12-15,10:30:46.972,474.1801,471.545,0.559,up,500,4,None,202,True,1
2025-12-15,10:30:47.033,474.2299,471.545,0.569,up,1000,4,None,202,True,1
2025-12-15,10:30:47.037,474.1901,471.545,0.561,up,180,4,None,202,True,1
2025-12-15,10:30:47.052,474.15,471.545,0.552,up,200,4,None,202,True,1
2025-12-15,10:30:47.081,474.19,471.545,0.561,up,400,4,None,202,True,1
2025-12-15,10:30:47.081,474.22,471.545,0.567,up,120,4,None,203,True,1
2025-12-15,10:30:47.156,474.1605,471.545,0.555,up,100,4,None,202,True,1
2025-12-15,10:30:47.165,474.22,471.545,0.567,up,200,4,None,202,True,1
2025-12-15,10:30:47.248,474.11,471.545,0.544,up,200,4,None,202,True,1
2025-12-15,10:30:47.249,474.11,471.545,0.544,up,753,4,None,202,True,1
2025-12-15,10:30:44.686,474.41,471.545,0.608,up,500,4,None,202,True,1
2025-12-15,10:30:46.723,474.3466,471.545,0.594,up,2000,4,None,202,True,1
2025-12-15,10:30:57.842,473.9076,471.545,0.501,up,100,4,None,202,True,1
2025-12-15,10:30:58.046,473.92,471.545,0.504,up,100,4,None,202,True,1
2025-12-15,10:30:58.059,474,471.545,0.521,up,400,4,None,202,True,1
2025-12-15,10:30:58.059,474,471.545,0.521,up,240,4,None,202,True,1
2025-12-15,10:30:58.059,474.01,471.545,0.523,up,100,4,None,202,True,1
2025-12-15,10:30:58.075,474.0599,471.545,0.533,up,1000,4,None,202,True,1
2025-12-15,10:30:58.084,473.964,471.545,0.513,up,280,4,None,202,True,1
2025-12-15,10:30:58.084,473.94,471.545,0.508,up,200,4,None,202,True,1
2025-12-15,10:30:58.171,473.945,471.545,0.509,up,140,4,None,202,True,1
2025-12-15,10:30:58.172,473.9498,471.545,0.51,up,140,4,None,202,True,1
2025-12-15,10:30:58.175,473.9848,471.545,0.517,up,210,4,None,202,True,1
2025-12-15,10:30:58.234,473.91,471.545,0.502,up,100,4,None,202,True,1
2025-12-15,10:30:58.234,473.91,471.545,0.502,up,100,4,None,202,True,1
2025-12-15,10:30:58.257,473.91,471.545,0.502,up,985,4,None,202,True,1
2025-12-15,10:30:58.363,473.94,471.545,0.508,up,100,4,None,202,True,1
2025-12-15,10:30:58.357,473.94,471.545,0.508,up,100,4,None,203,True,1
2025-12-15,10:30:58.479,473.915,471.545,0.503,up,100,4,None,202,True,1
2025-12-15,10:30:58.043,473.979,471.545,0.516,up,100,4,None,201,True,1
2025-12-15,10:30:58.490,473.915,471.545,0.503,up,100,4,None,202,True,1
2025-12-15,10:30:58.545,473.966,471.545,0.513,up,200,4,None,202,True,1
2025-12-15,10:30:58.545,473.915,471.545,0.503,up,240,4,None,202,True,1
2025-12-15,10:30:58.546,473.98,471.545,0.516,up,126,4,None,202,True,1
2025-12-15,10:30:58.546,474,471.545,0.521,up,108,4,None,202,True,1
2025-12-15,10:30:58.550,473.9225,471.545,0.504,up,100,4,None,202,True,1
2025-12-15,10:30:58.561,473.98,471.545,0.516,up,125,4,None,202,True,1
2025-12-15,10:30:58.536,473.94,471.545,0.508,up,120,4,None,203,True,1
2025-12-15,10:30:58.570,474,471.545,0.521,up,137,4,None,202,True,1
2025-12-15,10:30:58.588,473.915,471.545,0.503,up,140,4,None,202,True,1
2025-12-15,10:30:58.590,473.93,471.545,0.506,up,100,4,None,202,True,1
2025-12-15,10:30:58.695,473.94,471.545,0.508,up,100,4,None,202,True,1
2025-12-15,10:30:58.679,473.93,471.545,0.506,up,100,4,None,201,True,1
2025-12-15,10:30:58.706,473.9156,471.545,0.503,up,200,4,None,202,True,1
2025-12-15,10:30:58.713,473.94,471.545,0.508,up,100,4,None,202,True,1
2025-12-15,10:30:58.713,473.925,471.545,0.505,up,100,4,None,202,True,1
2025-12-15,10:30:58.713,473.915,471.545,0.503,up,100,4,None,202,True,1
2025-12-15,10:30:58.794,473.9359,471.545,0.507,up,500,4,None,202,True,1
2025-12-15,10:30:58.799,473.91,471.545,0.502,up,100,4,None,202,True,1
2025-12-15,10:30:58.772,473.91,471.545,0.502,up,100,4,None,201,True,1
2025-12-15,10:30:58.808,473.91,471.545,0.502,up,160,4,None,202,True,1
2025-12-15,10:30:58.851,473.9899,471.545,0.518,up,1000,4,None,202,True,1
2025-12-15,10:30:58.870,473.91,471.545,0.502,up,100,4,None,201,True,1
2025-12-15,10:30:59.002,473.9919,471.545,0.519,up,2000,4,None,202,True,1
2025-12-15,10:30:59.015,473.915,471.545,0.503,up,840,4,None,202,True,1
2025-12-15,10:30:59.051,473.9999,471.545,0.521,up,100,4,None,202,True,1
2025-12-15,10:30:59.053,473.9349,471.545,0.507,up,100,4,None,202,True,1
2025-12-15,10:30:59.088,474,471.545,0.521,up,100,4,None,202,True,1
2025-12-15,10:30:59.089,473.92,471.545,0.504,up,300,4,None,202,True,1
2025-12-15,10:30:59.095,473.92,471.545,0.504,up,240,4,None,202,True,1
2025-12-15,10:30:59.095,473.92,471.545,0.504,up,200,4,None,202,True,1
2025-12-15,10:30:59.096,473.92,471.545,0.504,up,560,4,None,202,True,1
2025-12-15,10:30:59.096,473.92,471.545,0.504,up,200,4,None,202,True,1
2025-12-15,10:30:59.138,473.915,471.545,0.503,up,1080,4,None,201,True,1
2025-12-15,10:30:59.166,473.915,471.545,0.503,up,300,4,None,202,True,1
2025-12-15,10:30:59.268,473.9286,471.545,0.505,up,100,4,None,202,True,1
2025-12-15,10:30:59.333,473.94,471.545,0.508,up,160,4,None,202,True,1
2025-12-15,10:30:59.365,473.91,471.545,0.502,up,150,4,None,202,True,1
2025-12-15,10:30:59.472,473.9888,471.545,0.518,up,500,4,None,202,True,1
2025-12-15,10:30:59.070,473.999,471.545,0.52,up,200,4,None,201,True,1
2025-12-15,10:30:59.522,473.99,471.545,0.519,up,285,4,None,202,True,1
2025-12-15,10:30:59.523,473.9175,471.545,0.503,up,100,4,None,202,True,1
2025-12-15,10:30:59.523,473.9175,471.545,0.503,up,100,4,None,202,True,1
2025-12-15,10:30:59.523,473.989,471.545,0.518,up,415,4,None,202,True,1
2025-12-15,10:30:59.522,473.915,471.545,0.503,up,160,4,None,202,True,1
2025-12-15,10:30:59.545,473.915,471.545,0.503,up,141,4,None,202,True,1
2025-12-15,10:30:59.546,473.915,471.545,0.503,up,100,4,None,202,True,1
2025-12-15,10:30:59.518,473.915,471.545,0.503,up,200,4,None,202,True,1
2025-12-15,10:30:59.528,473.915,471.545,0.503,up,200,4,None,202,True,1
2025-12-15,10:30:58.161,473.945,471.545,0.509,up,250,4,None,202,True,1
2025-12-15,10:30:59.538,473.915,471.545,0.503,up,164,4,None,202,True,1
2025-12-15,10:31:19.553,471.95,474.37,0.51,down,100,4,None,202,True,1
2025-12-15,10:31:19.577,471.936,474.37,0.513,down,177,4,None,202,True,1
2025-12-15,10:31:19.639,471.9301,474.37,0.514,down,500,4,None,202,True,1
2025-12-17,10:30:00.506,487.49,490.1022,0.533,down,137,4,None,202,True,1
2025-12-17,10:30:00.618,487.498,490.1022,0.531,down,107,4,None,202,True,1
2025-12-17,10:30:00.801,487.5339,490.1022,0.524,down,2000,4,None,202,True,1
2025-12-17,10:30:00.854,487.58,490.1022,0.515,down,320,4,None,202,True,1
2025-12-17,10:30:00.872,487.59,490.1022,0.513,down,160,4,None,202,True,1
2025-12-17,10:30:00.852,487.58,490.1022,0.515,down,200,4,None,202,True,1
2025-12-17,10:30:00.928,487.58,490.1022,0.515,down,157,4,None,202,True,1
2025-12-17,10:30:00.989,487.64,490.1022,0.502,down,100,4,None,202,True,1
2025-12-17,10:30:01.203,487.28,490.1022,0.576,down,120,4,None,203,True,1
2025-12-17,10:30:01.040,487.61,490.1022,0.508,down,1248,4,None,202,True,1
2025-12-17,10:30:01.043,487.49,490.1022,0.533,down,306,4,None,202,True,1
2025-12-17,10:30:01.084,487.26,490.1022,0.58,down,100,4,None,202,True,1
2025-12-17,10:30:01.141,487.18,490.1022,0.596,down,102,4,None,202,True,1
2025-12-17,10:30:01.084,487.24,490.1022,0.584,down,120,4,None,202,True,1
2025-12-17,10:30:01.084,487.22,490.1022,0.588,down,120,4,None,202,True,1
2025-12-17,10:30:01.174,487.41,490.1022,0.549,down,100,4,None,202,True,1
2025-12-17,10:30:01.090,487.2025,490.1022,0.592,down,120,4,None,202,True,1
2025-12-17,10:30:01.176,487.53,490.1022,0.525,down,165,4,None,202,True,1
2025-12-17,10:30:01.228,487.51,490.1022,0.529,down,120,4,None,202,True,1
2025-12-17,10:30:01.229,487.64,490.1022,0.502,down,960,4,None,202,True,1
2025-12-17,10:30:01.251,487.56,490.1022,0.519,down,719,4,None,202,True,1
2025-12-17,10:30:01.253,487.51,490.1022,0.529,down,1000,4,None,202,True,1
2025-12-17,10:30:01.331,487.513,490.1022,0.528,down,300,4,None,202,True,1
2025-12-17,10:30:01.362,487.5,490.1022,0.531,down,100,4,None,202,True,1
2025-12-17,10:30:01.142,487.38,490.1022,0.555,down,150,4,None,201,True,1
2025-12-17,10:30:01.374,487.505,490.1022,0.53,down,100,4,None,202,True,1
2025-12-17,10:30:00.873,487.65,490.1022,0.5,down,100,4,None,202,True,1
2025-12-17,10:30:53.722,492.5639,490.1022,0.502,up,200,4,None,202,True,3
2025-12-17,10:30:53.779,492.559,490.1022,0.501,up,760,4,None,202,True,3
2025-12-17,10:30:53.780,492.57,490.1022,0.504,up,100,4,None,202,True,3
2025-12-17,10:30:53.780,492.569,490.1022,0.503,up,360,4,None,202,True,3
2025-12-17,10:30:53.790,492.565,490.1022,0.503,up,125,4,None,202,True,3
2025-12-17,10:30:53.804,492.6,490.1022,0.51,up,120,4,None,202,True,3
2025-12-17,10:30:53.903,492.62,490.1022,0.514,up,465,4,None,202,True,3
2025-12-17,10:30:54.082,492.5688,490.1022,0.503,up,1000,4,None,202,True,3
2025-12-17,10:30:54.098,492.5999,490.1022,0.51,up,1000,4,None,202,True,3
2025-12-17,10:30:54.190,492.5807,490.1022,0.506,up,100,4,None,202,True,3
2025-12-17,10:30:54.204,492.57,490.1022,0.504,up,200,4,None,202,True,3
2025-12-17,10:30:54.256,492.6066,490.1022,0.511,up,400,4,None,202,True,3
2025-12-17,10:30:54.260,492.5625,490.1022,0.502,up,900,4,None,202,True,3
2025-12-17,10:30:54.345,492.69,490.1022,0.528,up,100,4,None,202,True,3
2025-12-17,10:30:54.369,492.689,490.1022,0.528,up,100,4,None,202,True,3
2025-12-17,10:30:54.375,492.62,490.1022,0.514,up,100,4,None,202,True,3
2025-12-17,10:30:54.375,492.62,490.1022,0.514,up,100,4,None,202,True,3
2025-12-17,10:30:54.375,492.635,490.1022,0.517,up,100,4,None,202,True,3
2025-12-17,10:30:54.379,492.58,490.1022,0.506,up,100,4,None,202,True,3
2025-12-17,10:30:54.389,492.6128,490.1022,0.512,up,300,4,None,202,True,3
2025-12-17,10:30:54.407,492.6231,490.1022,0.514,up,200,4,None,202,True,3
2025-12-17,10:30:54.441,492.6251,490.1022,0.515,up,100,4,None,202,True,3
2025-12-17,10:30:54.486,492.5802,490.1022,0.506,up,200,4,None,202,True,3
2025-12-17,10:30:54.510,492.6197,490.1022,0.514,up,195,4,None,202,True,3
2025-12-17,10:30:54.530,492.5597,490.1022,0.501,up,100,4,None,202,True,3
2025-12-17,10:30:54.560,492.585,490.1022,0.507,up,100,4,None,202,True,3
2025-12-17,10:30:54.650,492.6196,490.1022,0.514,up,100,4,None,202,True,3
2025-12-17,10:30:54.653,492.6,490.1022,0.51,up,100,4,None,202,True,3
2025-12-17,10:30:54.701,492.56,490.1022,0.501,up,527,4,None,202,True,3
2025-12-17,10:30:54.714,492.575,490.1022,0.505,up,150,4,None,202,True,3
2025-12-17,10:30:54.806,492.61,490.1022,0.512,up,250,4,None,202,True,3
2025-12-17,10:30:54.805,492.605,490.1022,0.511,up,225,4,None,202,True,3
2025-12-17,10:30:54.839,492.584,490.1022,0.506,up,300,4,None,202,True,3
2025-12-17,10:30:54.277,492.625,490.1022,0.515,up,120,4,None,202,True,3
2025-12-17,10:30:54.857,492.6999,490.1022,0.53,up,100,4,None,202,True,3
2025-12-17,10:30:54.859,492.6,490.1022,0.51,up,215,4,None,202,True,3
2025-12-17,10:30:54.873,492.61,490.1022,0.512,up,230,4,None,202,True,3
2025-12-17,10:30:54.907,492.685,490.1022,0.527,up,100,4,None,202,True,3
2025-12-17,10:30:54.912,492.61,490.1022,0.512,up,100,4,None,202,True,3
2025-12-17,10:30:54.962,492.59,490.1022,0.508,up,100,4,None,202,True,3
2025-12-17,10:30:55.103,492.6001,490.1022,0.51,up,170,4,None,201,True,3
2025-12-17,10:30:55.210,492.6,490.1022,0.51,up,100,4,None,202,True,3
2025-12-17,10:30:55.271,492.62,490.1022,0.514,up,100,4,None,202,True,3
2025-12-17,10:30:55.346,492.6,490.1022,0.51,up,278,4,None,202,True,3
2025-12-17,10:30:55.368,492.6483,490.1022,0.52,up,100,4,None,202,True,3
2025-12-17,10:30:55.393,492.6486,490.1022,0.52,up,100,4,None,202,True,3
2025-12-17,10:30:55.396,492.5859,490.1022,0.507,up,300,4,None,202,True,3
2025-12-17,10:30:55.396,492.565,490.1022,0.503,up,200,4,None,202,True,3
2025-12-17,10:30:55.428,492.565,490.1022,0.503,up,100,4,None,201,True,3
2025-12-17,10:30:55.432,492.6499,490.1022,0.52,up,250,4,None,201,True,3
2025-12-17,10:30:55.539,492.565,490.1022,0.503,up,121,4,None,202,True,3
2025-12-17,10:30:55.543,492.565,490.1022,0.503,up,100,4,None,203,True,3
2025-12-17,10:30:55.561,492.565,490.1022,0.503,up,158,4,None,202,True,3
2025-12-17,10:30:55.565,492.565,490.1022,0.503,up,250,4,None,202,True,3
2025-12-17,10:30:55.581,492.6499,490.1022,0.52,up,480,4,None,202,True,3
2025-12-17,10:30:55.766,492.56,490.1022,0.501,up,100,4,None,202,True,3
2025-12-17,11:39:08.612,490.942,486.145,0.987,up,200,4,"[10, 22, 41]",202,True,3
2025-12-19,14:53:05.357,478.226,482.275,0.84,down,125,4,"[10, 22, 41]",202,True,3
2025-12-19,14:58:15.194,484.7833,481.92,0.594,up,1000,4,"[10, 22, 41]",202,True,1
2025-12-22,10:30:37.037,492.12,489.65,0.504,up,128,4,None,202,False,
2025-12-22,10:30:37.056,492.2,489.65,0.521,up,290,4,None,202,False,
2025-12-22,10:30:37.056,492.199,489.65,0.521,up,251,4,None,202,False,
2025-12-22,10:30:37.057,492.2,489.65,0.521,up,206,4,None,202,False,
2025-12-22,10:31:00.132,489.075,491.78,0.55,down,100,4,None,202,True,1
2025-12-22,10:31:00.132,489.09,491.78,0.547,down,100,4,None,202,True,1
2025-12-22,10:31:00.133,489.02,491.78,0.561,down,360,4,None,202,True,1
2025-12-22,10:31:00.134,489,491.78,0.565,down,780,4,None,202,True,1
2025-12-22,10:31:00.134,488.83,491.78,0.6,down,100,4,None,202,True,1
2025-12-22,10:31:00.134,488.91,491.78,0.584,down,100,4,None,202,True,1
2025-12-22,10:31:00.134,488.87,491.78,0.592,down,100,4,None,202,True,1
2025-12-22,10:31:00.134,488.915,491.78,0.583,down,100,4,None,202,True,1
2025-12-22,10:31:00.135,488.7,491.78,0.626,down,100,4,None,202,True,1
2025-12-22,10:31:00.137,488.7,491.78,0.626,down,100,4,None,202,True,1
2025-12-22,10:31:00.142,488.5,491.78,0.667,down,100,4,None,202,True,1
2025-12-22,10:31:00.148,488.26,491.78,0.716,down,200,4,None,202,True,1
2025-12-22,10:31:00.148,488.31,491.78,0.706,down,100,4,None,202,True,1
2025-12-22,10:31:00.167,488.5,491.78,0.667,down,200,4,None,202,True,1
2025-12-22,10:31:00.185,488.6718,491.78,0.632,down,110,4,None,202,True,1
2025-12-22,10:31:00.225,488.91,491.78,0.584,down,100,4,None,202,True,1
2025-12-22,10:31:00.226,488.745,491.78,0.617,down,493,4,None,202,True,1
2025-12-22,10:31:00.226,488.89,491.78,0.588,down,100,4,None,202,True,1
2025-12-22,10:31:00.230,488.8275,491.78,0.6,down,520,4,None,202,True,1
2025-12-22,10:31:00.232,488.5998,491.78,0.647,down,127,4,None,202,True,1
2025-12-22,10:31:00.241,488.745,491.78,0.617,down,120,4,None,202,True,1
2025-12-22,10:31:00.241,488.745,491.78,0.617,down,120,4,None,202,True,1
2025-12-22,10:31:00.262,488.745,491.78,0.617,down,100,4,None,202,True,1
2025-12-22,10:31:00.320,488.8999,491.78,0.586,down,500,4,None,201,True,1
2025-12-22,10:31:00.342,488.6906,491.78,0.628,down,100,4,None,202,True,1
2025-12-22,10:31:00.346,488.715,491.78,0.623,down,100,4,None,202,True,1
2025-12-22,10:31:00.360,488.6492,491.78,0.637,down,100,4,None,202,True,1
2025-12-22,10:31:00.147,488.285,491.78,0.711,down,200,4,None,202,True,1
2025-12-22,10:31:00.411,488.6384,491.78,0.639,down,100,4,None,202,True,1
2025-12-22,10:31:00.437,488.695,491.78,0.627,down,100,4,None,202,True,1
2025-12-22,10:31:00.437,488.695,491.78,0.627,down,100,4,None,202,True,1
2025-12-22,10:31:00.490,488.5749,491.78,0.652,down,100,4,None,202,True,1
2025-12-22,10:31:00.579,488.702,491.78,0.626,down,200,4,None,202,True,1
2025-12-22,10:31:00.684,488.8099,491.78,0.604,down,100,4,None,202,True,1
2025-12-22,10:31:00.716,488.7322,491.78,0.62,down,200,4,None,202,True,1
2025-12-22,10:31:00.743,488.58,491.78,0.651,down,700,4,None,202,True,1
2025-12-22,10:31:00.890,488.655,491.78,0.635,down,300,4,None,202,True,1
2025-12-22,10:31:00.914,488.6376,491.78,0.639,down,200,4,None,202,True,1
2025-12-22,10:31:00.931,488.52,491.78,0.663,down,128,4,None,203,True,1
2025-12-22,10:31:00.937,488.5674,491.78,0.653,down,200,4,None,203,True,1
2025-12-22,10:31:00.963,488.655,491.78,0.635,down,300,4,None,202,True,1
2025-12-22,10:31:01.004,488.305,491.78,0.707,down,100,4,None,202,True,1
2025-12-22,10:31:01.016,488.1353,491.78,0.741,down,125,4,None,202,True,1
2025-12-22,10:31:01.040,488.1201,491.78,0.744,down,250,4,None,202,True,1
2025-12-22,10:31:01.058,488.265,491.78,0.715,down,500,4,None,203,True,1
2025-12-22,10:31:01.075,488.33,491.78,0.702,down,115,4,None,202,True,1
2025-12-22,10:31:01.084,488.4002,491.78,0.687,down,100,4,None,202,True,1
2025-12-22,10:31:01.148,488.2601,491.78,0.716,down,100,4,None,202,True,1
2025-12-22,10:31:00.712,488.809,491.78,0.604,down,100,4,None,201,True,1
2025-12-22,10:31:01.210,488.535,491.78,0.66,down,275,4,None,202,True,1
2025-12-22,10:31:01.296,488.49,491.78,0.669,down,100,4,None,201,True,1
2025-12-22,10:31:01.413,488.3401,491.78,0.699,down,100,4,None,202,True,1
2025-12-22,10:31:01.457,488.495,491.78,0.668,down,200,4,None,202,True,1
2025-12-22,10:31:01.458,488.495,491.78,0.668,down,200,4,None,202,True,1
2025-12-22,10:31:01.469,488.495,491.78,0.668,down,200,4,None,202,True,1
2025-12-22,10:31:01.474,488.4215,491.78,0.683,down,100,4,None,202,True,1
2025-12-22,10:31:01.477,488.3637,491.78,0.695,down,225,4,None,202,True,1
2025-12-22,10:31:01.523,488.495,491.78,0.668,down,100,4,None,202,True,1
2025-12-22,10:31:01.552,488.5508,491.78,0.657,down,500,4,None,202,True,1
2025-12-22,10:31:01.556,488.4764,491.78,0.672,down,100,4,None,202,True,1
2025-12-22,10:31:01.575,488.495,491.78,0.668,down,100,4,None,202,True,1
2025-12-22,10:31:01.676,488.46,491.78,0.675,down,100,4,None,202,True,1
2025-12-22,10:31:01.835,488.415,491.78,0.684,down,135,4,None,202,True,1
2025-12-22,10:31:01.858,488.4172,491.78,0.684,down,100,4,None,202,True,1
2025-12-22,10:31:01.898,488.69,491.78,0.628,down,100,4,None,202,True,1
2025-12-22,10:31:01.908,488.5701,491.78,0.653,down,500,4,None,202,True,1
2025-12-22,10:31:01.903,488.666,491.78,0.633,down,100,4,None,202,True,1
2025-12-22,10:31:01.947,488.69,491.78,0.628,down,250,4,None,202,True,1
2025-12-22,10:31:01.979,488.6321,491.78,0.64,down,100,4,None,202,True,1
2025-12-22,10:31:01.982,488.77,491.78,0.612,down,100,4,None,202,True,1
2025-12-22,10:31:01.982,488.79,491.78,0.608,down,100,4,None,202,True,1
2025-12-22,10:31:01.982,488.81,491.78,0.604,down,125,4,None,202,True,1
2025-12-22,10:31:01.705,488.29,491.78,0.71,down,244,4,None,202,True,1
2025-12-22,10:31:01.996,488.81,491.78,0.604,down,2360,4,None,202,True,1
2025-12-22,10:31:02.008,488.7325,491.78,0.62,down,100,4,None,202,True,1
2025-12-22,10:31:02.008,488.6975,491.78,0.627,down,250,4,None,202,True,1
2025-12-22,10:31:02.016,488.6325,491.78,0.64,down,300,4,None,202,True,1
2025-12-22,10:31:02.055,488.66,491.78,0.634,down,180,4,None,202,True,1
2025-12-22,10:31:02.080,488.65,491.78,0.636,down,540,4,None,202,True,1
2025-12-22,10:31:02.112,488.7248,491.78,0.621,down,100,4,None,202,True,1
2025-12-22,10:31:02.126,488.735,491.78,0.619,down,100,4,None,202,True,1
2025-12-22,10:31:02.128,488.735,491.78,0.619,down,250,4,None,202,True,1
2025-12-22,10:31:02.159,488.98,491.78,0.569,down,100,4,None,202,True,1
2025-12-22,10:31:02.166,488.896,491.78,0.586,down,100,4,None,202,True,1
2025-12-22,10:31:02.199,488.83,491.78,0.6,down,500,4,None,202,True,1
2025-12-22,10:31:02.239,488.905,491.78,0.585,down,135,4,None,202,True,1
2025-12-22,10:31:02.239,488.905,491.78,0.585,down,200,4,None,202,True,1
2025-12-22,10:31:02.242,488.905,491.78,0.585,down,100,4,None,202,True,1
2025-12-22,10:31:02.242,488.905,491.78,0.585,down,100,4,None,202,True,1
2025-12-22,10:31:02.242,488.905,491.78,0.585,down,100,4,None,202,True,1
2025-12-22,10:31:02.242,488.905,491.78,0.585,down,100,4,None,202,True,1
2025-12-22,10:31:02.246,488.905,491.78,0.585,down,250,4,None,202,True,1
2025-12-22,10:31:02.259,488.98,491.78,0.569,down,125,4,None,202,True,1
2025-12-22,10:31:02.265,488.98,491.78,0.569,down,483,4,None,202,True,1
2025-12-22,10:31:02.270,489.05,491.78,0.555,down,160,4,None,202,True,1
2025-12-22,10:31:02.302,489.09,491.78,0.547,down,135,4,None,202,True,1
2025-12-22,10:31:02.348,489.0368,491.78,0.558,down,100,4,None,202,True,1
2025-12-22,10:31:02.357,489.0844,491.78,0.548,down,400,4,None,203,True,1
2025-12-22,10:31:02.393,489.09,491.78,0.547,down,125,4,None,202,True,1
2025-12-22,10:31:02.393,488.9964,491.78,0.566,down,200,4,None,202,True,1
2025-12-22,10:31:02.403,489.09,491.78,0.547,down,673,4,None,202,True,1
2025-12-22,10:31:02.406,489.09,491.78,0.547,down,110,4,None,202,True,1
2025-12-22,10:31:02.310,489.09,491.78,0.547,down,300,4,None,202,True,1
2025-12-22,10:31:02.540,489.0472,491.78,0.556,down,100,4,None,202,True,1
2025-12-22,10:31:02.585,489.22,491.78,0.521,down,100,4,None,202,True,1
2025-12-22,10:31:02.596,489.125,491.78,0.54,down,100,4,None,202,True,1
2025-12-22,10:31:02.596,489.2,491.78,0.525,down,160,4,None,202,True,1
2025-12-22,10:31:02.596,489.23,491.78,0.519,down,207,4,None,202,True,1
2025-12-22,10:31:02.596,489.23,491.78,0.519,down,167,4,None,202,True,1
2025-12-22,10:31:02.596,489.23,491.78,0.519,down,160,4,None,202,True,1
2025-12-22,10:31:02.602,489.11,491.78,0.543,down,100,4,None,202,True,1
2025-12-22,10:31:02.603,489.0076,491.78,0.564,down,200,4,None,202,True,1
2025-12-22,10:31:02.596,489.23,491.78,0.519,down,135,4,None,202,True,1
2025-12-22,10:31:02.636,488.995,491.78,0.566,down,185,4,None,202,True,1
2025-12-22,10:31:02.649,488.9519,491.78,0.575,down,100,4,None,202,True,1
2025-12-22,10:31:02.350,489.09,491.78,0.547,down,100,4,None,202,True,1
2025-12-22,10:31:02.667,488.995,491.78,0.566,down,120,4,None,202,True,1
2025-12-22,10:31:02.668,488.995,491.78,0.566,down,200,4,None,202,True,1
2025-12-22,10:31:02.712,489.0088,491.78,0.564,down,200,4,None,202,True,1
2025-12-22,10:31:02.734,489.07,491.78,0.551,down,100,4,None,202,True,1
2025-12-22,10:31:02.734,489.09,491.78,0.547,down,100,4,None,202,True,1
2025-12-22,10:31:02.734,489.11,491.78,0.543,down,125,4,None,202,True,1
2025-12-22,10:31:02.746,489.1,491.78,0.545,down,433,4,None,202,True,1
2025-12-22,10:31:02.753,488.995,491.78,0.566,down,250,4,None,202,True,1
2025-12-22,10:31:02.753,488.995,491.78,0.566,down,106,4,None,202,True,1
2025-12-22,10:31:02.820,488.9719,491.78,0.571,down,230,4,None,202,True,1
2025-12-22,10:31:02.922,489.1699,491.78,0.531,down,500,4,None,202,True,1
2025-12-22,10:31:02.019,488.695,491.78,0.627,down,100,4,None,201,True,1
2025-12-22,10:31:02.701,488.995,491.78,0.566,down,470,4,None,201,True,1
2025-12-22,10:31:03.042,489.16,491.78,0.533,down,100,4,None,202,True,1
2025-12-22,10:31:03.285,488.9106,491.78,0.583,down,500,4,None,202,True,1
2025-12-22,10:31:03.362,488.9232,491.78,0.581,down,100,4,None,202,True,1
2025-12-22,10:31:03.389,489.1699,491.78,0.531,down,200,4,None,202,True,1
2025-12-22,10:31:03.456,488.972,491.78,0.571,down,339,4,None,202,True,1
2025-12-22,10:31:03.732,489.2,491.78,0.525,down,197,4,None,202,True,1
2025-12-22,10:31:03.769,489.242,491.78,0.516,down,100,4,None,202,True,1
2025-12-22,10:31:02.765,489.0436,491.78,0.556,down,150,4,None,202,True,1
2025-12-22,10:31:03.987,489.275,491.78,0.509,down,325,4,None,202,True,1
2025-12-22,10:31:04.232,489.3119,491.78,0.502,down,100,4,None,202,True,1
2025-12-22,10:31:04.253,489.2,491.78,0.525,down,100,4,None,202,True,1
2025-12-22,10:31:05.012,489.0612,491.78,0.553,down,300,4,None,202,True,1
2025-12-22,10:31:05.169,489.3004,491.78,0.504,down,100,4,None,202,True,1
2025-12-22,10:31:05.572,489.252,491.78,0.514,down,100,4,None,202,True,1
2025-12-22,10:31:05.682,489.2878,491.78,0.507,down,150,4,None,202,True,1
2025-12-22,10:31:05.769,489.295,491.78,0.505,down,100,4,None,202,True,1
2025-12-22,10:31:05.801,489.2773,491.78,0.509,down,250,4,None,202,True,1
2025-12-22,10:31:05.939,489.32,491.78,0.5,down,200,4,None,202,True,1
2025-12-22,10:31:05.948,489.26,491.78,0.512,down,100,4,None,202,True,1
2025-12-22,10:31:05.992,489.295,491.78,0.505,down,520,4,None,202,True,1
2025-12-22,10:31:06.012,489.26,491.78,0.512,down,100,4,None,202,True,1
2025-12-22,10:31:06.263,489.272,491.78,0.51,down,200,4,None,202,True,1
2025-12-22,10:31:06.563,489.22,491.78,0.521,down,100,4,None,202,True,1
2025-12-22,10:31:06.690,489.18,491.78,0.529,down,100,4,None,202,True,1
2025-12-22,10:31:06.736,489.24,491.78,0.516,down,127,4,None,202,True,1
2025-12-22,10:31:06.586,489.165,491.78,0.532,down,358,4,None,202,True,1
2025-12-22,10:31:06.879,489.2413,491.78,0.516,down,100,4,None,202,True,1
2025-12-22,10:31:07.212,489.3016,491.78,0.504,down,100,4,None,202,True,1
2025-12-22,10:31:07.229,489.1901,491.78,0.527,down,117,4,None,202,True,1
2025-12-22,10:31:17.283,489.21,491.78,0.523,down,100,4,None,202,True,1
2025-12-22,10:31:17.333,489.2941,491.78,0.505,down,100,4,None,202,True,1
2025-12-22,10:31:17.542,489.2795,491.78,0.508,down,100,4,None,202,True,1
2025-12-22,10:31:17.781,489.22,491.78,0.521,down,100,4,None,202,True,1
2025-12-22,10:31:17.916,489.0674,491.78,0.552,down,115,4,None,202,True,1
2025-12-22,10:31:17.982,489.075,491.78,0.55,down,190,4,None,202,True,1
2025-12-22,10:31:17.998,489.075,491.78,0.55,down,100,4,None,202,True,1
2025-12-22,10:31:18.008,489,491.78,0.565,down,650,4,None,202,True,1
2025-12-22,10:31:18.051,488.92,491.78,0.582,down,100,4,None,202,True,1
2025-12-22,10:31:18.055,488.9696,491.78,0.571,down,107,4,None,202,True,1
2025-12-22,10:31:18.056,488.91,491.78,0.584,down,100,4,None,202,True,1
2025-12-22,10:31:18.099,488.99,491.78,0.567,down,200,4,None,202,True,1
2025-12-22,10:31:18.118,488.99,491.78,0.567,down,200,4,None,202,True,1
2025-12-22,10:31:18.242,488.9,491.78,0.586,down,244,4,None,202,True,1
2025-12-22,10:31:18.246,488.9,491.78,0.586,down,200,4,None,202,True,1
2025-12-22,10:31:18.280,488.99,491.78,0.567,down,100,4,None,202,True,1
2025-12-22,10:31:18.327,488.99,491.78,0.567,down,150,4,None,202,True,1
2025-12-22,10:31:18.310,488.99,491.78,0.567,down,200,4,None,203,True,1
2025-12-22,10:31:18.415,488.945,491.78,0.576,down,175,4,None,202,True,1
2025-12-22,10:31:18.416,488.945,491.78,0.576,down,115,4,None,202,True,1
2025-12-22,10:31:18.026,488.99,491.78,0.567,down,100,4,None,201,True,1
2025-12-22,10:31:18.716,489.09,491.78,0.547,down,100,4,None,202,True,1
2025-12-22,10:31:18.717,489,491.78,0.565,down,100,4,None,202,True,1
2025-12-22,10:31:18.747,489.1799,491.78,0.529,down,100,4,None,202,True,1
2025-12-22,10:31:18.802,489.09,491.78,0.547,down,118,4,None,202,True,1
2025-12-22,10:31:18.856,489,491.78,0.565,down,100,4,None,202,True,1
2025-12-22,10:31:18.856,489,491.78,0.565,down,100,4,None,202,True,1
2025-12-22,10:31:18.856,489,491.78,0.565,down,100,4,None,202,True,1
2025-12-22,10:31:18.859,489,491.78,0.565,down,100,4,None,202,True,1
2025-12-22,10:31:18.858,489.17,491.78,0.531,down,100,4,None,201,True,1
2025-12-22,10:31:18.861,489.17,491.78,0.531,down,165,4,None,202,True,1
2025-12-22,10:31:18.861,489,491.78,0.565,down,165,4,None,202,True,1
2025-12-22,10:31:18.900,489.23,491.78,0.519,down,100,4,None,202,True,1
2025-12-22,10:31:18.918,489.2714,491.78,0.51,down,300,4,None,202,True,1
2025-12-22,10:31:18.142,488.9576,491.78,0.574,down,100,4,None,202,True,1
2025-12-22,10:31:19.021,489.3081,491.78,0.503,down,1000,4,None,202,True,1
2025-12-22,10:31:19.096,489.165,491.78,0.532,down,200,4,None,202,True,1
2025-12-22,10:31:19.176,489.2899,491.78,0.506,down,250,4,None,202,True,1
2025-12-22,10:31:19.386,489.3,491.78,0.504,down,123,4,None,202,True,1
2025-12-22,10:31:19.398,489.2672,491.78,0.511,down,300,4,None,202,True,1
2025-12-22,10:31:19.420,489.2191,491.78,0.521,down,150,4,None,202,True,1
2025-12-22,10:31:19.420,489.2166,491.78,0.521,down,250,4,None,202,True,1
2025-12-22,10:31:19.467,489.29,491.78,0.506,down,300,4,None,201,True,1
2025-12-22,10:31:19.567,489.285,491.78,0.507,down,100,4,None,202,True,1
2025-12-22,10:31:19.634,489.2117,491.78,0.522,down,334,4,None,202,True,1
2025-12-22,10:31:19.737,489.285,491.78,0.507,down,200,4,None,202,True,1
2025-12-22,10:31:19.747,489.285,491.78,0.507,down,100,4,None,202,True,1
2025-12-22,10:31:19.788,489.21,491.78,0.523,down,160,4,None,202,True,1
2025-12-22,10:31:19.833,489.2171,491.78,0.521,down,100,4,None,202,True,1
2025-12-22,10:31:19.848,489.285,491.78,0.507,down,100,4,None,202,True,1
2025-12-22,10:31:20.046,489.285,491.78,0.507,down,100,4,None,202,True,1
2025-12-22,10:31:20.129,489.03,491.78,0.559,down,400,4,None,202,True,1
2025-12-22,10:31:20.133,489.03,491.78,0.559,down,100,4,None,202,True,1
2025-12-22,10:31:20.154,488.9269,491.78,0.58,down,100,4,None,202,True,1
2025-12-22,10:31:20.334,488.97,491.78,0.571,down,100,4,None,202,True,1
2025-12-22,10:31:20.417,488.85,491.78,0.596,down,100,4,None,202,True,1
2025-12-22,10:31:20.424,488.8645,491.78,0.593,down,115,4,None,202,True,1
2025-12-22,10:31:20.479,488.9199,491.78,0.582,down,200,4,None,202,True,1
2025-12-22,10:31:20.596,488.5701,491.78,0.653,down,420,4,None,202,True,1
2025-12-22,10:31:20.637,488.74,491.78,0.618,down,100,4,None,202,True,1
2025-12-22,10:31:20.707,488.57,491.78,0.653,down,200,4,None,202,True,1
2025-12-22,10:31:20.792,488.565,491.78,0.654,down,100,4,None,202,True,1
2025-12-22,10:31:20.793,488.565,491.78,0.654,down,166,4,None,202,True,1
2025-12-22,10:31:20.793,488.565,491.78,0.654,down,100,4,None,202,True,1
2025-12-22,10:31:20.830,488.5709,491.78,0.653,down,103,4,None,202,True,1
2025-12-22,10:31:20.302,488.9268,491.78,0.58,down,200,4,None,202,True,1
2025-12-22,10:31:21.007,488.6601,491.78,0.634,down,200,4,None,202,True,1
2025-12-22,10:31:21.040,488.79,491.78,0.608,down,100,4,None,202,True,1
2025-12-22,10:31:21.129,488.79,491.78,0.608,down,200,4,None,201,True,1
2025-12-22,10:31:21.171,488.7536,491.78,0.615,down,200,4,None,203,True,1
2025-12-22,10:31:21.211,488.7339,491.78,0.619,down,130,4,None,202,True,1
2025-12-22,10:31:21.276,488.79,491.78,0.608,down,600,4,None,202,True,1
2025-12-22,10:31:21.277,488.785,491.78,0.609,down,100,4,None,202,True,1
2025-12-22,10:31:21.277,488.72,491.78,0.622,down,303,4,None,202,True,1
2025-12-22,10:31:21.277,488.66,491.78,0.634,down,417,4,None,202,True,1
2025-12-22,10:31:21.309,488.86,491.78,0.594,down,174,4,None,202,True,1
2025-12-22,10:31:21.306,488.86,491.78,0.594,down,289,4,None,203,True,1
2025-12-22,10:31:21.324,489.05,491.78,0.555,down,123,4,None,202,True,1
2025-12-22,10:31:21.450,489.293,491.78,0.506,down,100,4,None,202,True,1
2025-12-22,10:31:21.571,489.3007,491.78,0.504,down,100,4,None,202,True,1
2025-12-22,10:31:20.657,488.8,491.78,0.606,down,801,4,None,202,True,1
2025-12-22,10:31:20.793,488.5684,491.78,0.653,down,300,4,None,202,True,1
2025-12-22,10:31:55.987,494.24,491.78,0.5,up,100,4,None,202,False,
2025-12-22,10:31:56.010,494.26,491.78,0.504,up,100,4,None,202,False,
2025-12-22,10:31:55.949,494.2399,491.78,0.5,up,200,4,None,201,False,
2025-12-22,10:31:56.130,494.24,491.78,0.5,up,100,4,None,202,False,
2025-12-22,10:31:56.160,494.26,491.78,0.504,up,100,4,None,202,False,
2025-12-22,10:31:56.162,494.3099,491.78,0.514,up,1000,4,None,202,False,
2025-12-22,10:31:56.347,494.3699,491.78,0.527,up,100,4,None,201,False,
2025-12-22,10:31:56.357,494.2551,491.78,0.503,up,100,4,None,202,False,
2025-12-22,10:31:56.363,494.2688,491.78,0.506,up,150,4,None,202,False,
2025-12-22,10:31:56.491,494.27,491.78,0.506,up,560,4,None,202,False,
2025-12-22,10:31:56.492,494.3599,491.78,0.525,up,100,4,None,202,False,
2025-12-22,10:31:56.503,494.2481,491.78,0.502,up,100,4,None,202,False,
2025-12-22,10:31:56.507,494.35,491.78,0.523,up,100,4,None,202,False,
2025-12-22,10:31:56.513,494.3533,491.78,0.523,up,150,4,None,202,False,
2025-12-22,10:31:56.527,494.26,491.78,0.504,up,100,4,None,201,False,
2025-12-22,10:31:56.586,494.35,491.78,0.523,up,200,4,None,202,False,
2025-12-22,10:31:56.637,494.4199,491.78,0.537,up,100,4,None,202,False,
2025-12-22,10:31:56.662,494.2397,491.78,0.5,up,200,4,None,202,False,
2025-12-22,10:31:56.713,494.325,491.78,0.518,up,256,4,None,202,False,
2025-12-22,10:31:56.720,494.325,491.78,0.518,up,100,4,None,202,False,
2025-12-22,10:31:56.755,494.29,491.78,0.51,up,100,4,None,202,False,
2025-12-22,10:31:56.783,494.2468,491.78,0.502,up,150,4,None,202,False,
2025-12-22,10:31:56.791,494.3416,491.78,0.521,up,100,4,None,202,False,
2025-12-22,10:31:56.867,494.35,491.78,0.523,up,200,4,None,202,False,
2025-12-22,10:31:56.912,494.3329,491.78,0.519,up,100,4,None,202,False,
2025-12-22,10:31:56.930,494.35,491.78,0.523,up,100,4,None,202,False,
2025-12-22,10:31:56.984,494.3584,491.78,0.524,up,125,4,None,202,False,
2025-12-22,10:31:56.987,494.385,491.78,0.53,up,100,4,None,202,False,
2025-12-22,10:31:57.012,494.3584,491.78,0.524,up,100,4,None,202,False,
2025-12-22,10:31:57.020,494.3794,491.78,0.529,up,100,4,None,202,False,
2025-12-22,10:31:57.076,494.4199,491.78,0.537,up,920,4,None,202,False,
2025-12-22,10:31:57.079,494.39,491.78,0.531,up,100,4,None,202,False,
2025-12-22,10:31:57.085,494.43,491.78,0.539,up,700,4,None,202,False,
2025-12-22,10:31:57.098,494.44,491.78,0.541,up,100,4,None,202,False,
2025-12-22,10:31:57.106,494.3824,491.78,0.529,up,100,4,None,202,False,
2025-12-22,10:31:57.171,494.29,491.78,0.51,up,200,4,None,202,False,
2025-12-22,10:31:57.247,494.2475,491.78,0.502,up,100,4,None,202,False,
2025-12-22,10:31:57.299,494.24,491.78,0.5,up,300,4,None,202,False,
2025-12-22,10:31:57.335,494.4299,491.78,0.539,up,900,4,None,202,False,
2025-12-22,10:31:57.362,494.3552,491.78,0.524,up,100,4,None,202,False,
2025-12-22,10:31:57.383,494.2601,491.78,0.504,up,1089,4,None,202,False,
2025-12-22,10:31:57.383,494.2601,491.78,0.504,up,1321,4,None,202,False,
2025-12-22,10:31:57.384,494.43,491.78,0.539,up,250,4,None,202,False,
2025-12-22,10:31:57.384,494.43,491.78,0.539,up,3000,4,None,201,False,
2025-12-22,10:31:57.451,494.5,491.78,0.553,up,520,4,None,202,False,
2025-12-22,10:31:57.455,494.539,491.78,0.561,up,247,4,None,202,False,
2025-12-22,10:31:57.455,494.54,491.78,0.561,up,153,4,None,202,False,
2025-12-22,10:31:57.455,494.54,491.78,0.561,up,100,4,None,203,False,
2025-12-22,10:31:57.503,494.4788,491.78,0.549,up,105,4,None,202,False,
2025-12-22,10:31:57.547,494.465,491.78,0.546,up,156,4,None,202,False,
2025-12-22,10:31:57.541,494.569,491.78,0.567,up,400,4,None,201,False,
2025-12-22,10:31:57.568,494.507,491.78,0.555,up,200,4,None,202,False,
2025-12-22,10:31:57.572,494.36,491.78,0.525,up,100,4,None,202,False,
2025-12-22,10:31:57.636,494.43,491.78,0.539,up,100,4,None,202,False,
2025-12-22,10:31:57.713,494.4317,491.78,0.539,up,100,4,None,202,False,
2025-12-22,10:31:57.750,494.5699,491.78,0.567,up,200,4,None,201,False,
2025-12-22,10:31:57.499,494.4525,491.78,0.543,up,200,4,None,202,False,
2025-12-22,10:31:57.775,494.5,491.78,0.553,up,100,4,None,202,False,
2025-12-22,10:31:57.802,494.57,491.78,0.567,up,525,4,None,202,False,
2025-12-22,10:31:57.812,494.58,491.78,0.569,up,100,4,None,202,False,
2025-12-22,10:31:57.815,494.52,491.78,0.557,up,112,4,None,202,False,
2025-12-22,10:31:57.822,494.6,491.78,0.573,up,100,4,None,202,False,
2025-12-22,10:31:57.858,494.576,491.78,0.569,up,400,4,None,202,False,
2025-12-22,10:31:57.858,494.6,491.78,0.573,up,598,4,None,202,False,
2025-12-22,10:31:57.849,494.6195,491.78,0.577,up,100,4,None,203,False,
2025-12-22,10:31:57.891,494.69,491.78,0.592,up,415,4,None,202,False,
2025-12-22,10:31:57.891,494.69,491.78,0.592,up,100,4,None,202,False,
2025-12-22,10:31:57.902,494.53,491.78,0.559,up,205,4,None,202,False,
2025-12-22,10:31:58.114,494.58,491.78,0.569,up,100,4,None,202,False,
2025-12-22,10:31:58.115,494.57,491.78,0.567,up,100,4,None,202,False,
2025-12-22,10:31:57.646,494.465,491.78,0.546,up,100,4,None,202,False,
2025-12-22,10:31:58.250,494.54,491.78,0.561,up,424,4,None,202,False,
2025-12-22,10:31:58.241,494.4969,491.78,0.552,up,100,4,None,203,False,
2025-12-22,10:31:58.276,494.525,491.78,0.558,up,100,4,None,202,False,
2025-12-22,10:31:58.321,494.3801,491.78,0.529,up,973,4,None,202,False,
2025-12-22,10:31:58.321,494.5424,491.78,0.562,up,100,4,None,202,False,
2025-12-22,10:31:58.371,494.525,491.78,0.558,up,125,4,None,202,False,
2025-12-22,10:31:58.423,494.36,491.78,0.525,up,100,4,None,202,False,
2025-12-22,10:31:58.431,494.3966,491.78,0.532,up,200,4,None,202,False,
2025-12-22,10:31:58.417,494.415,491.78,0.536,up,100,4,None,203,False,
2025-12-22,10:31:58.459,494.26,491.78,0.504,up,704,4,None,202,False,
2025-12-22,10:31:58.539,494.375,491.78,0.528,up,100,4,None,202,False,
2025-12-22,10:31:58.327,494.665,491.78,0.587,up,120,4,None,202,False,
2025-12-22,10:31:58.611,494.4688,491.78,0.547,up,150,4,None,202,False,
2025-12-22,10:31:58.327,494.66,491.78,0.586,up,100,4,None,202,False,
2025-12-22,10:31:58.686,494.365,491.78,0.526,up,100,4,None,202,False,
2025-12-22,10:31:58.752,494.2717,491.78,0.507,up,289,4,None,202,False,
2025-12-22,10:31:58.786,494.266,491.78,0.506,up,200,4,None,202,False,
2025-12-22,10:31:58.802,494.46,491.78,0.545,up,497,4,None,202,False,
2025-12-22,10:31:58.853,494.3176,491.78,0.516,up,200,4,None,202,False,
2025-12-22,10:31:58.899,494.34,491.78,0.521,up,200,4,None,202,False,
2025-12-22,10:31:58.921,494.3304,491.78,0.519,up,200,4,None,202,False,
2025-12-22,10:31:58.946,494.34,491.78,0.521,up,100,4,None,202,False,
2025-12-22,10:31:59.004,494.59,491.78,0.571,up,100,4,None,202,False,
2025-12-22,10:31:59.016,494.525,491.78,0.558,up,341,4,None,202,False,
2025-12-22,10:31:59.108,494.6799,491.78,0.59,up,906,4,None,202,False,
2025-12-22,10:31:59.108,494.6068,491.78,0.575,up,223,4,None,202,False,
2025-12-22,10:31:59.130,494.4811,491.78,0.549,up,100,4,None,202,False,
2025-12-22,10:31:59.147,494.545,491.78,0.562,up,100,4,None,202,False,
2025-12-22,10:31:59.194,494.51,491.78,0.555,up,100,4,None,202,False,
2025-12-22,10:31:59.245,494.37,491.78,0.527,up,200,4,None,202,False,
2025-12-22,10:31:59.257,494.4708,491.78,0.547,up,140,4,None,202,False,
2025-12-22,10:31:59.257,494.37,491.78,0.527,up,140,4,None,202,False,
2025-12-22,10:31:59.257,494.4708,491.78,0.547,up,160,4,None,202,False,
2025-12-22,10:31:59.354,494.455,491.78,0.544,up,250,4,None,202,False,
2025-12-22,10:31:59.361,494.32,491.78,0.516,up,200,4,None,202,False,
2025-12-22,10:31:59.397,494.455,491.78,0.544,up,100,4,None,202,False,
2025-12-22,10:31:59.400,494.504,491.78,0.554,up,100,4,None,202,False,
2025-12-22,10:31:59.419,494.38,491.78,0.529,up,150,4,None,202,False,
2025-12-22,10:31:59.419,494.38,491.78,0.529,up,100,4,None,202,False,
2025-12-22,10:31:59.419,494.27,491.78,0.506,up,120,4,None,202,False,
2025-12-22,10:31:59.437,494.3335,491.78,0.519,up,150,4,None,202,False,
2025-12-22,10:31:59.439,494.32,491.78,0.516,up,100,4,None,202,False,
2025-12-22,10:31:59.439,494.35,491.78,0.523,up,100,4,None,202,False,
2025-12-22,10:31:59.470,494.25,491.78,0.502,up,200,4,None,202,False,
2025-12-22,10:31:59.558,494.3175,491.78,0.516,up,400,4,None,202,False,
2025-12-22,10:31:59.622,494.3409,491.78,0.521,up,100,4,None,202,False,
2025-12-22,10:31:59.685,494.4284,491.78,0.539,up,150,4,None,202,False,
2025-12-22,10:31:59.693,494.465,491.78,0.546,up,210,4,None,202,False,
2025-12-22,10:31:59.730,494.3201,491.78,0.517,up,500,4,None,202,False,
2025-12-22,10:31:59.739,494.465,491.78,0.546,up,100,4,None,202,False,
2025-12-22,10:31:59.739,494.4284,491.78,0.539,up,150,4,None,202,False,
2025-12-24,12:23:40.336,477.7397,481.6232,0.806,down,150,4,"[10, 22, 41]",202,True,1
2025-12-29,10:31:01.506,468.16,465.8054,0.505,up,166,4,None,202,False,
2025-12-29,10:31:01.507,468.16,465.8054,0.505,up,246,4,None,202,False,
2025-12-29,10:31:01.506,468.16,465.8054,0.505,up,166,4,None,202,False,
2025-12-29,10:31:01.506,468.16,465.8054,0.505,up,166,4,None,202,False,
2025-12-29,10:31:01.536,468.36,465.8054,0.548,up,166,4,None,202,False,
2025-12-29,10:31:01.538,468.36,465.8054,0.548,up,167,4,None,202,False,
2025-12-29,10:31:01.554,468.24,465.8054,0.523,up,200,4,None,202,False,
2025-12-29,10:31:01.621,468.6093,465.8054,0.602,up,166,4,None,202,False,
2025-12-29,10:31:01.623,468.62,465.8054,0.604,up,146,4,None,202,False,
2025-12-29,10:31:01.629,468.67,465.8054,0.615,up,168,4,None,202,False,
2025-12-29,10:31:01.634,468.525,465.8054,0.584,up,100,4,None,202,False,
2025-12-29,10:31:02.074,468.302,465.8054,0.536,up,100,4,None,201,False,
2025-12-29,10:31:02.113,468.285,465.8054,0.532,up,100,4,None,202,False,
2025-12-29,10:31:02.281,468.3653,465.8054,0.55,up,100,4,None,202,False,
2025-12-29,10:31:02.332,468.24,465.8054,0.523,up,300,4,None,202,False,
2025-12-29,10:31:02.383,468.2705,465.8054,0.529,up,100,4,None,202,False,
2025-12-29,10:31:02.407,468.2,465.8054,0.514,up,200,4,None,202,False,
2025-12-29,10:31:02.109,468.285,465.8054,0.532,up,100,4,None,202,False,
2025-12-29,10:31:02.494,468.24,465.8054,0.523,up,600,4,None,202,False,
2025-12-29,10:31:02.526,468.27,465.8054,0.529,up,600,4,None,202,False,
2025-12-29,10:31:02.529,468.22,465.8054,0.518,up,100,4,None,202,False,
2025-12-29,10:31:02.535,468.22,465.8054,0.518,up,100,4,None,202,False,
2025-12-29,10:31:02.556,468.2942,465.8054,0.534,up,100,4,None,202,False,
2025-12-29,10:31:02.632,468.2,465.8054,0.514,up,300,4,None,202,False,
2025-12-29,10:31:02.692,468.2201,465.8054,0.518,up,600,4,None,202,False,
2025-12-29,10:31:02.768,468.3488,465.8054,0.546,up,300,4,None,202,False,
2025-12-29,10:31:02.773,468.335,465.8054,0.543,up,294,4,None,202,False,
2025-12-29,10:31:02.773,468.335,465.8054,0.543,up,100,4,None,201,False,
2025-12-29,10:31:02.844,468.22,465.8054,0.518,up,100,4,None,202,False,
2025-12-29,10:31:02.405,468.37,465.8054,0.551,up,500,4,None,202,False,
2025-12-29,10:31:02.941,468.3852,465.8054,0.554,up,200,4,None,202,False,
2025-12-29,10:31:03.052,468.325,465.8054,0.541,up,100,4,None,202,False,
2025-12-29,10:31:03.061,468.2,465.8054,0.514,up,240,4,None,202,False,
2025-12-29,10:31:03.164,468.2,465.8054,0.514,up,300,4,None,202,False,
2025-12-29,10:31:03.289,468.2,465.8054,0.514,up,100,4,None,202,False,
2025-12-29,10:31:03.366,468.2332,465.8054,0.521,up,375,4,None,202,False,
2025-12-29,10:31:03.370,468.25,465.8054,0.525,up,100,4,None,202,False,
2025-12-29,10:31:03.463,468.29,465.8054,0.533,up,100,4,None,202,False,
2025-12-29,10:31:03.589,468.295,465.8054,0.534,up,100,4,None,202,False,
2025-12-29,10:31:03.597,468.2,465.8054,0.514,up,140,4,None,202,False,
2025-12-29,10:31:03.665,468.295,465.8054,0.534,up,150,4,None,202,False,
2025-12-29,10:31:03.672,468.295,465.8054,0.534,up,125,4,None,202,False,
2025-12-29,10:31:03.680,468.295,465.8054,0.534,up,150,4,None,202,False,
2025-12-29,10:31:03.684,468.295,465.8054,0.534,up,221,4,None,202,False,
2025-12-29,10:31:03.874,468.295,465.8054,0.534,up,100,4,None,202,False,
2025-12-29,10:31:03.885,468.3173,465.8054,0.539,up,300,4,None,202,False,
2025-12-29,10:31:03.938,468.2,465.8054,0.514,up,150,4,None,202,False,
2025-12-29,10:31:04.065,468.39,465.8054,0.555,up,100,4,None,202,False,
2025-12-29,10:31:04.079,468.4574,465.8054,0.569,up,200,4,None,202,False,
2025-12-29,10:31:04.103,468.3801,465.8054,0.553,up,375,4,None,202,False,
2025-12-29,10:31:04.105,468.47,465.8054,0.572,up,150,4,None,202,False,
2025-12-29,10:31:04.106,468.47,465.8054,0.572,up,150,4,None,202,False,
2025-12-29,10:31:04.106,468.38,465.8054,0.553,up,125,4,None,202,False,
2025-12-29,10:31:03.681,468.295,465.8054,0.534,up,145,4,None,201,False,
2025-12-29,10:31:04.200,468.3975,465.8054,0.556,up,200,4,None,203,False,
2025-12-29,10:31:05.011,468.2199,465.8054,0.518,up,800,4,None,202,False,
2025-12-29,10:31:05.043,468.22,465.8054,0.518,up,100,4,None,202,False,
2025-12-29,10:31:05.251,468.2199,465.8054,0.518,up,200,4,None,202,False,
2025-12-29,10:31:05.301,468.17,465.8054,0.508,up,100,4,None,202,False,
2025-12-29,10:31:05.328,468.37,465.8054,0.551,up,100,4,None,202,False,
2025-12-29,10:31:05.496,468.318,465.8054,0.539,up,250,4,None,202,False,
2025-12-29,10:31:05.500,468.266,465.8054,0.528,up,160,4,None,202,False,
2025-12-29,10:31:05.530,468.29,465.8054,0.533,up,1800,4,None,202,False,
2025-12-29,10:31:05.637,468.35,465.8054,0.546,up,100,4,None,202,False,
2025-12-29,10:31:05.890,468.266,465.8054,0.528,up,100,4,None,202,False,
2025-12-29,10:31:05.915,468.3802,465.8054,0.553,up,104,4,None,202,False,
2025-12-29,10:31:05.959,468.29,465.8054,0.533,up,100,4,None,202,False,
2025-12-29,10:31:05.959,468.48,465.8054,0.574,up,100,4,None,202,False,
2025-12-29,10:31:06.073,468.47,465.8054,0.572,up,150,4,None,202,False,
2025-12-29,10:31:06.077,468.49,465.8054,0.576,up,100,4,None,202,False,
2025-12-29,10:31:06.196,468.22,465.8054,0.518,up,100,4,None,202,False,
2025-12-29,10:31:06.407,468.22,465.8054,0.518,up,173,4,None,202,False,
2025-12-29,10:31:05.672,468.1728,465.8054,0.508,up,100,4,None,202,False,
2025-12-29,10:31:08.502,468.16,465.8054,0.505,up,100,4,None,202,False,
2025-12-29,10:31:10.154,468.18,465.8054,0.51,up,115,4,None,202,False,
2025-12-29,10:31:10.524,468.16,465.8054,0.505,up,100,4,None,202,False,
2026-01-02,10:41:18.250,457.77,451.6201,1.362,up,194,4,"[10, 22, 41]",202,False,
2026-01-02,10:41:18.250,457.77,451.6201,1.362,up,691,4,"[10, 22, 41]",202,False,
2026-01-02,10:41:18.250,457.77,451.6201,1.362,up,122,4,"[10, 22, 41]",202,False,
2026-01-05,10:33:27.502,450.4169,448.11,0.515,up,830,4,None,202,True,5
2026-01-05,10:33:27.556,450.375,448.11,0.505,up,100,4,None,202,True,5
2026-01-05,10:33:27.619,450.4212,448.11,0.516,up,186,4,None,202,True,5
2026-01-05,10:33:27.677,450.36,448.11,0.502,up,100,4,None,202,True,5
2026-01-05,10:33:27.718,450.3999,448.11,0.511,up,1100,4,None,202,True,5
2026-01-06,10:30:02.870,447.6,445.325,0.511,up,300,4,None,202,True,3
2026-01-06,10:30:02.874,447.6,445.325,0.511,up,700,4,None,202,True,3
2026-01-06,10:30:02.903,447.6271,445.325,0.517,up,200,4,None,202,True,3
2026-01-06,10:30:02.942,447.6229,445.325,0.516,up,200,4,None,202,True,3
2026-01-06,10:30:02.957,447.585,445.325,0.508,up,300,4,None,202,True,3
2026-01-06,10:30:02.976,447.93,445.325,0.585,up,149,4,None,202,True,3
2026-01-06,10:30:03.006,447.6801,445.325,0.529,up,500,4,None,202,True,3
2026-01-06,10:30:03.054,447.72,445.325,0.538,up,1000,4,None,202,True,3
2026-01-06,10:30:03.351,447.87,445.325,0.572,up,100,4,None,202,True,3
2026-01-06,10:30:03.351,447.88,445.325,0.574,up,155,4,None,202,True,3
2026-01-06,10:30:03.351,447.88,445.325,0.574,up,125,4,None,202,True,3
2026-01-06,10:30:03.397,447.78,445.325,0.551,up,100,4,None,202,True,3
2026-01-06,10:30:03.427,447.83,445.325,0.563,up,360,4,None,202,True,3
2026-01-06,10:30:03.686,447.61,445.325,0.513,up,500,4,None,202,True,3
2026-01-06,10:30:03.688,447.61,445.325,0.513,up,100,4,None,202,True,3
2026-01-06,10:30:03.443,447.69,445.325,0.531,up,305,4,None,202,True,3
2026-01-06,10:30:04.561,447.875,445.325,0.573,up,114,4,None,203,True,3
2026-01-06,10:30:03.930,447.7223,445.325,0.538,up,150,4,None,202,True,3
2026-01-06,10:30:04.645,448.07,445.325,0.616,up,200,4,None,201,True,3
2026-01-06,10:30:04.718,448.17,445.325,0.639,up,150,4,None,203,True,3
2026-01-06,10:30:04.297,447.855,445.325,0.568,up,350,4,None,202,True,3
2026-01-06,10:30:04.370,447.875,445.325,0.573,up,187,4,None,202,True,3
2026-01-06,10:30:04.428,447.8313,445.325,0.563,up,500,4,None,202,True,3
2026-01-06,10:30:04.492,447.7774,445.325,0.551,up,300,4,None,202,True,3
2026-01-06,10:30:04.563,447.875,445.325,0.573,up,200,4,None,202,True,3
2026-01-06,10:30:04.569,447.93,445.325,0.585,up,200,4,None,202,True,3
2026-01-06,10:30:04.599,447.82,445.325,0.56,up,100,4,None,202,True,3
2026-01-06,10:30:04.630,448,445.325,0.601,up,420,4,None,202,True,3
2026-01-06,10:30:04.635,448.13,445.325,0.63,up,120,4,None,202,True,3
2026-01-06,10:30:04.636,448.13,445.325,0.63,up,100,4,None,202,True,3
2026-01-06,10:30:04.700,448.15,445.325,0.634,up,140,4,None,202,True,3
2026-01-06,10:30:04.642,448.13,445.325,0.63,up,1243,4,None,202,True,3
2026-01-06,10:30:05.080,448.131,445.325,0.63,up,100,4,None,201,True,3
2026-01-06,10:30:04.899,448.1766,445.325,0.64,up,222,4,None,202,True,3
2026-01-06,10:30:04.996,448.135,445.325,0.631,up,120,4,None,202,True,3
2026-01-06,10:30:05.014,448.1351,445.325,0.631,up,100,4,None,202,True,3
2026-01-06,10:30:05.059,448.21,445.325,0.648,up,100,4,None,202,True,3
2026-01-06,10:30:05.073,448.22,445.325,0.65,up,142,4,None,202,True,3
2026-01-06,10:30:05.159,448.03,445.325,0.607,up,200,4,None,202,True,3
2026-01-06,10:30:05.258,448.035,445.325,0.609,up,400,4,None,202,True,3
2026-01-06,10:30:05.278,448.0051,445.325,0.602,up,190,4,None,202,True,3
2026-01-06,10:30:05.060,448.215,445.325,0.649,up,100,4,None,202,True,3
2026-01-06,10:30:05.358,448.1199,445.325,0.628,up,3500,4,None,202,True,3
2026-01-06,10:30:03.671,447.61,445.325,0.513,up,500,4,None,202,True,3
2026-01-06,10:30:03.687,447.61,445.325,0.513,up,175,4,None,202,True,3
2026-01-06,10:30:05.551,447.905,445.325,0.579,up,120,4,None,202,True,3
2026-01-06,10:30:05.760,447.8224,445.325,0.561,up,100,4,None,202,True,3
2026-01-06,10:30:04.631,447.99,445.325,0.598,up,400,4,None,202,True,3
2026-01-06,10:30:03.473,447.78,445.325,0.551,up,800,4,None,202,True,3
2026-01-06,10:30:03.480,447.785,445.325,0.552,up,800,4,None,202,True,3
2026-01-06,10:30:03.498,447.785,445.325,0.552,up,800,4,None,202,True,3
2026-01-06,10:30:03.511,447.785,445.325,0.552,up,274,4,None,202,True,3
2026-01-06,10:30:04.850,448.135,445.325,0.631,up,150,4,None,202,True,3
2026-01-06,10:30:05.124,448.185,445.325,0.642,up,640,4,None,202,True,3
2026-01-06,10:30:05.363,448.03,445.325,0.607,up,100,4,None,202,True,3
2026-01-08,10:30:04.496,428.8499,426.69,0.506,up,300,4,None,202,True,1
2026-01-08,10:30:04.584,428.8499,426.69,0.506,up,100,4,None,202,True,1
2026-01-08,10:30:05.306,428.85,426.69,0.506,up,113,4,None,202,True,1
2026-01-08,10:30:05.319,428.84,426.69,0.504,up,142,4,None,202,True,1
2026-01-08,10:30:05.422,428.8599,426.69,0.509,up,180,4,None,202,True,1
2026-01-08,10:30:05.423,428.8599,426.69,0.509,up,160,4,None,202,True,1
2026-01-08,10:30:05.514,428.8599,426.69,0.509,up,100,4,None,202,True,1
2026-01-08,10:30:05.644,428.8599,426.69,0.509,up,200,4,None,202,True,1
2026-01-08,10:30:06.166,428.83,426.69,0.502,up,400,4,None,202,True,1
2026-01-08,10:32:31.582,424.84,427.01,0.508,down,275,4,None,202,True,7
2026-01-08,10:32:31.606,424.8,427.01,0.518,down,100,4,None,202,True,7
2026-01-08,10:32:31.605,424.8,427.01,0.518,down,240,4,None,202,True,7
2026-01-08,10:32:31.676,424.855,427.01,0.505,down,100,4,None,202,True,7
2026-01-08,10:32:31.726,424.795,427.01,0.519,down,100,4,None,202,True,7
2026-01-08,10:32:31.726,424.83,427.01,0.511,down,600,4,None,202,True,7
2026-01-08,10:32:31.726,424.84,427.01,0.508,down,320,4,None,202,True,7
2026-01-08,10:32:31.726,424.795,427.01,0.519,down,400,4,None,203,True,7
2026-01-08,10:32:31.623,424.8648,427.01,0.502,down,100,4,None,202,True,7
2026-01-15,10:30:12.495,444.4899,442.2725,0.501,up,100,4,None,202,True,1
2026-01-20,10:30:03.789,430.5,428.075,0.566,up,113,4,None,203,True,1
2026-01-20,10:30:03.835,430.29,428.075,0.517,up,200,4,"[14, 41]",201,True,1
2026-01-20,10:30:04.982,430.24,428.075,0.506,up,194,4,None,201,True,1
2026-01-20,10:30:03.737,430.2499,428.075,0.508,up,1520,4,None,202,True,1
2026-01-20,10:30:03.737,430.2498,428.075,0.508,up,200,4,None,202,True,1
2026-01-20,10:30:03.751,430.3498,428.075,0.531,up,240,4,None,202,True,1
2026-01-20,10:30:03.758,430.34,428.075,0.529,up,100,4,None,202,True,1
2026-01-20,10:30:03.760,430.47,428.075,0.559,up,200,4,None,202,True,1
2026-01-20,10:30:03.789,430.45,428.075,0.555,up,200,4,None,202,True,1
2026-01-20,10:30:03.758,430.41,428.075,0.545,up,150,4,None,202,True,1
2026-01-20,10:30:03.807,430.41,428.075,0.545,up,100,4,None,202,True,1
2026-01-20,10:30:03.899,430.22,428.075,0.501,up,200,4,None,202,True,1
2026-01-20,10:30:03.789,430.425,428.075,0.549,up,200,4,None,202,True,1
2026-01-20,10:30:03.749,430.23,428.075,0.503,up,200,4,None,202,True,1
2026-01-20,10:30:04.287,430.38,428.075,0.538,up,120,4,None,202,True,1
2026-01-20,10:30:04.316,430.38,428.075,0.538,up,100,4,None,202,True,1
2026-01-20,10:30:04.317,430.29,428.075,0.517,up,100,4,None,202,True,1
2026-01-20,10:30:04.328,430.3,428.075,0.52,up,100,4,None,202,True,1
2026-01-20,10:30:04.390,430.22,428.075,0.501,up,105,4,None,202,True,1
2026-01-20,10:30:04.396,430.26,428.075,0.51,up,800,4,None,202,True,1
2026-01-20,10:30:04.419,430.4102,428.075,0.546,up,200,4,None,202,True,1
2026-01-20,10:30:04.425,430.22,428.075,0.501,up,200,4,None,202,True,1
2026-01-20,10:30:04.501,430.285,428.075,0.516,up,222,4,None,202,True,1
2026-01-20,10:30:04.547,430.285,428.075,0.516,up,190,4,None,202,True,1
2026-01-20,10:30:04.554,430.285,428.075,0.516,up,160,4,None,202,True,1
2026-01-20,10:30:04.575,430.285,428.075,0.516,up,200,4,None,202,True,1
2026-01-20,10:30:04.580,430.285,428.075,0.516,up,200,4,None,202,True,1
2026-01-20,10:30:04.736,430.22,428.075,0.501,up,200,4,None,202,True,1
2026-01-20,10:30:04.913,430.2289,428.075,0.503,up,100,4,None,202,True,1
2026-01-20,10:30:08.823,430.3113,428.075,0.522,up,100,4,None,201,True,1
2026-01-20,10:30:09.184,430.31,428.075,0.522,up,164,4,None,203,True,1
2026-01-20,10:30:10.247,430.4,428.075,0.543,up,405,4,None,201,True,1
2026-01-20,10:30:08.612,430.2563,428.075,0.51,up,100,4,None,202,True,1
2026-01-20,10:30:08.824,430.2471,428.075,0.507,up,100,4,None,202,True,1
2026-01-20,10:30:08.847,430.6,428.075,0.59,up,100,4,None,202,True,1
2026-01-20,10:30:08.930,430.57,428.075,0.583,up,200,4,None,202,True,1
2026-01-20,10:30:10.786,430.5,428.075,0.566,up,115,4,None,201,True,1
2026-01-20,10:30:09.007,430.3925,428.075,0.541,up,100,4,None,202,True,1
2026-01-20,10:30:09.087,430.6734,428.075,0.607,up,100,4,None,202,True,1
2026-01-20,10:30:09.094,430.725,428.075,0.619,up,100,4,None,202,True,1
2026-01-20,10:30:08.899,430.34,428.075,0.529,up,112,4,None,202,True,1
2026-01-20,10:30:09.203,430.638,428.075,0.599,up,200,4,None,202,True,1
2026-01-20,10:30:09.228,430.5899,428.075,0.587,up,100,4,None,202,True,1
2026-01-20,10:30:09.269,430.3756,428.075,0.537,up,140,4,None,202,True,1
2026-01-20,10:30:09.390,430.27,428.075,0.513,up,150,4,None,202,True,1
2026-01-20,10:30:09.469,430.4299,428.075,0.55,up,160,4,None,202,True,1
2026-01-20,10:30:09.498,430.3417,428.075,0.53,up,300,4,None,202,True,1
2026-01-20,10:30:09.585,430.266,428.075,0.512,up,120,4,None,202,True,1
2026-01-20,10:30:09.586,430.595,428.075,0.589,up,150,4,None,202,True,1
2026-01-20,10:30:05.780,430.5,428.075,0.566,up,350,4,"[14, 41]",202,True,1
2026-01-20,10:30:09.850,430.43,428.075,0.55,up,240,4,None,202,True,1
2026-01-20,10:30:09.850,430.23,428.075,0.503,up,160,4,None,202,True,1
2026-01-20,10:30:09.179,430.3001,428.075,0.52,up,500,4,None,202,True,1
2026-01-20,10:30:10.151,430.26,428.075,0.51,up,100,4,None,202,True,1
2026-01-20,10:30:11.886,430.43,428.075,0.55,up,100,4,None,203,True,1
2026-01-20,10:30:10.179,430.255,428.075,0.509,up,715,4,None,202,True,1
2026-01-20,10:30:10.713,430.43,428.075,0.55,up,116,4,None,202,True,1
2026-01-20,10:30:10.732,430.2601,428.075,0.51,up,300,4,None,202,True,1
2026-01-20,10:30:10.751,430.4798,428.075,0.562,up,100,4,None,202,True,1
2026-01-20,10:30:10.773,430.33,428.075,0.527,up,225,4,None,202,True,1
2026-01-20,10:30:10.791,430.5,428.075,0.566,up,120,4,None,202,True,1
2026-01-20,10:30:10.843,430.3372,428.075,0.528,up,168,4,None,202,True,1
2026-01-20,10:30:10.916,430.4999,428.075,0.566,up,300,4,None,202,True,1
2026-01-20,10:30:10.939,430.295,428.075,0.519,up,100,4,None,202,True,1
2026-01-20,10:30:11.043,430.5,428.075,0.566,up,100,4,None,202,True,1
2026-01-20,10:30:10.178,430.255,428.075,0.509,up,103,4,None,202,True,1
2026-01-20,10:30:11.211,430.4297,428.075,0.55,up,500,4,None,202,True,1
2026-01-20,10:30:11.275,430.56,428.075,0.581,up,200,4,None,202,True,1
2026-01-20,10:30:10.536,430.31,428.075,0.522,up,117,4,None,202,True,1
2026-01-20,10:30:11.679,430.3875,428.075,0.54,up,200,4,None,202,True,1
2026-01-20,10:30:12.138,430.4799,428.075,0.562,up,234,4,None,202,True,1
2026-01-20,10:30:12.584,430.6399,428.075,0.599,up,100,4,None,202,True,1
2026-01-20,10:30:12.756,430.4,428.075,0.543,up,139,4,None,202,True,1
2026-01-20,10:30:12.848,430.44,428.075,0.552,up,100,4,None,202,True,1
2026-01-20,10:30:12.881,430.6399,428.075,0.599,up,300,4,None,202,True,1
2026-01-20,10:30:11.602,430.335,428.075,0.528,up,100,4,None,202,True,1
2026-01-20,10:30:13.063,430.4951,428.075,0.565,up,500,4,None,202,True,1
2026-01-20,10:30:13.104,430.57,428.075,0.583,up,125,4,None,202,True,1
2026-01-20,10:30:13.307,430.51,428.075,0.569,up,105,4,None,202,True,1
2026-01-20,10:30:13.339,430.375,428.075,0.537,up,100,4,None,202,True,1
2026-01-20,10:30:13.381,430.375,428.075,0.537,up,100,4,None,202,True,1
2026-01-20,10:30:13.582,430.3713,428.075,0.536,up,100,4,None,202,True,1
2026-01-20,10:30:13.646,430.3276,428.075,0.526,up,100,4,None,202,True,1
2026-01-20,10:30:13.814,430.3599,428.075,0.534,up,350,4,None,202,True,1
2026-01-20,10:30:14.014,430.3,428.075,0.52,up,114,4,None,202,True,1
2026-01-20,10:30:09.009,430.47,428.075,0.559,up,200,4,[32],202,True,1
2026-01-20,10:30:11.796,430.29,428.075,0.517,up,100,4,None,202,True,1
2026-01-20,10:32:56.846,429.19,425.3721,0.898,up,191,4,[22],202,True,1
2026-01-20,10:55:41.291,428.71,425.985,0.64,up,100,4,"[10, 22, 41]",202,True,1
2026-01-21,12:57:00.000,429.2071,422.63,1.556,up,5600,4,"[22, 41]",202,True,1
2026-01-23,10:30:12.930,449.79,447.5225,0.507,up,234,4,None,202,False,
2026-01-23,10:30:13.726,449.86,447.5225,0.522,up,100,4,None,201,False,
2026-01-23,10:30:13.799,449.8599,447.5225,0.522,up,444,4,None,202,False,
2026-01-23,10:30:14.001,449.8401,447.5225,0.518,up,178,4,None,202,False,
2026-01-23,10:30:14.074,449.7643,447.5225,0.501,up,250,4,None,202,False,
2026-01-23,10:30:14.288,449.8099,447.5225,0.511,up,100,4,None,202,False,
2026-01-23,10:30:14.457,449.77,447.5225,0.502,up,100,4,None,202,False,
2026-01-23,10:30:35.782,449.81,447.5225,0.511,up,400,4,None,202,False,
2026-01-23,10:30:36.363,449.8099,447.5225,0.511,up,500,4,None,202,False,
2026-01-23,10:30:36.453,449.89,447.5225,0.529,up,420,4,None,202,False,
2026-01-23,10:30:36.453,449.89,447.5225,0.529,up,280,4,None,202,False,
2026-01-23,10:30:36.461,449.91,447.5225,0.533,up,250,4,None,202,False,
2026-01-23,10:30:36.508,449.8066,447.5225,0.51,up,100,4,None,202,False,
2026-01-23,10:30:36.519,449.8066,447.5225,0.51,up,350,4,None,202,False,
2026-01-23,10:30:36.586,449.81,447.5225,0.511,up,280,4,None,202,False,
2026-01-23,10:30:36.957,449.8,447.5225,0.509,up,250,4,None,202,False,
2026-01-23,10:30:37.013,449.8048,447.5225,0.51,up,100,4,None,202,False,
2026-01-23,10:30:37.063,449.7901,447.5225,0.507,up,450,4,None,202,False,
2026-01-23,10:30:37.108,449.8424,447.5225,0.518,up,100,4,None,202,False,
2026-01-23,10:30:37.120,449.7901,447.5225,0.507,up,1000,4,None,202,False,
2026-01-23,10:30:37.476,449.875,447.5225,0.526,up,100,4,None,202,False,
2026-01-23,10:30:37.517,449.9001,447.5225,0.531,up,100,4,None,202,False,
2026-01-23,10:30:37.685,449.89,447.5225,0.529,up,500,4,None,202,False,
2026-01-23,10:30:37.715,449.9327,447.5225,0.539,up,100,4,None,202,False,
2026-01-23,10:30:37.792,449.8901,447.5225,0.529,up,300,4,None,202,False,
2026-01-23,10:30:37.919,449.86,447.5225,0.522,up,100,4,None,202,False,
2026-01-23,10:30:37.919,449.865,447.5225,0.523,up,100,4,None,202,False,
2026-01-23,10:30:37.919,449.87,447.5225,0.525,up,130,4,None,202,False,
2026-01-23,10:30:37.919,449.87,447.5225,0.525,up,100,4,None,202,False,
2026-01-23,10:30:37.919,449.86,447.5225,0.522,up,240,4,None,202,False,
2026-01-23,10:30:37.920,449.89,447.5225,0.529,up,240,4,None,202,False,
2026-01-23,10:30:37.991,449.82,447.5225,0.513,up,400,4,None,202,False,
2026-01-23,10:30:38.028,449.8899,447.5225,0.529,up,200,4,None,202,False,
2026-01-23,10:30:38.066,449.82,447.5225,0.513,up,115,4,None,202,False,
2026-01-23,10:30:38.124,449.79,447.5225,0.507,up,300,4,None,202,False,
2026-01-23,10:30:38.251,449.77,447.5225,0.502,up,100,4,None,202,False,
2026-01-23,10:30:38.124,449.77,447.5225,0.502,up,100,4,None,202,False,
2026-01-23,10:30:37.944,449.8424,447.5225,0.518,up,200,4,None,202,False,
2026-01-23,10:30:38.342,449.8159,447.5225,0.512,up,200,4,None,202,False,
2026-01-29,10:32:14.052,440,437.7247,0.52,up,132,4,None,202,False,
2026-01-29,10:32:14.055,440,437.7247,0.52,up,361,4,None,202,False,
2026-01-29,10:32:14.055,439.99,437.7247,0.518,up,100,4,None,202,False,
2026-01-29,10:32:14.080,439.9989,437.7247,0.52,up,100,4,None,202,False,
2026-01-29,10:32:14.081,439.935,437.7247,0.505,up,294,4,None,202,False,
2026-01-29,10:32:14.087,440,437.7247,0.52,up,100,4,None,202,False,
2026-01-29,10:32:14.098,439.94,437.7247,0.506,up,1123,4,None,201,False,
2026-01-29,10:32:14.758,440.1,437.7247,0.543,up,143,4,None,202,False,
2026-01-29,10:32:14.757,440,437.7247,0.52,up,3638,4,None,202,False,
2026-01-29,10:32:14.760,440.1,437.7247,0.543,up,100,4,None,202,False,
2026-01-29,10:32:14.761,440,437.7247,0.52,up,147,4,None,202,False,
2026-01-29,10:32:14.780,440.18,437.7247,0.561,up,100,4,None,202,False,
2026-01-29,10:32:14.815,440.1378,437.7247,0.551,up,100,4,None,202,False,
2026-01-29,10:32:14.906,440.1104,437.7247,0.545,up,100,4,None,202,False,
2026-01-29,10:32:14.934,440.14,437.7247,0.552,up,264,4,None,202,False,
2026-01-29,10:32:14.992,440.115,437.7247,0.546,up,100,4,None,202,False,
2026-01-29,10:32:14.996,440.18,437.7247,0.561,up,400,4,None,202,False,
2026-01-29,10:32:14.996,440.17,437.7247,0.559,up,200,4,None,202,False,
2026-01-29,10:32:15.030,440.1999,437.7247,0.565,up,236,4,None,202,False,
2026-01-29,10:32:15.079,439.92,437.7247,0.502,up,1500,4,None,202,False,
2026-01-29,10:32:15.119,440.19,437.7247,0.563,up,100,4,None,202,False,
2026-01-29,10:32:14.056,440,437.7247,0.52,up,110,4,None,202,False,
2026-01-29,10:32:14.058,440,437.7247,0.52,up,220,4,None,202,False,
2026-01-29,10:32:15.205,439.9279,437.7247,0.503,up,100,4,None,202,False,
2026-01-29,10:32:15.216,440.055,437.7247,0.532,up,100,4,None,202,False,
2026-01-29,10:32:15.315,440.055,437.7247,0.532,up,100,4,None,202,False,
2026-01-29,10:32:15.325,440.055,437.7247,0.532,up,100,4,None,202,False,
2026-01-29,10:32:15.475,439.9601,437.7247,0.511,up,200,4,None,202,False,
2026-01-29,10:32:15.573,439.9136,437.7247,0.5,up,100,4,None,202,False,
2026-01-29,10:32:15.584,440.12,437.7247,0.547,up,100,4,None,202,False,
2026-01-29,10:32:15.593,440.0556,437.7247,0.533,up,100,4,None,202,False,
2026-01-29,10:32:15.620,440.0716,437.7247,0.536,up,100,4,None,202,False,
2026-01-29,10:32:15.703,439.99,437.7247,0.518,up,235,4,None,202,False,
2026-01-29,10:32:15.541,440.119,437.7247,0.547,up,942,4,None,201,False,
2026-01-29,10:32:15.782,440.06,437.7247,0.534,up,349,4,None,202,False,
2026-01-29,10:32:15.895,440.1264,437.7247,0.549,up,550,4,None,202,False,
2026-01-29,10:32:16.055,440.1015,437.7247,0.543,up,100,4,None,202,False,
2026-01-29,10:32:16.055,440.1015,437.7247,0.543,up,100,4,None,202,False,
2026-01-29,10:32:16.101,440.067,437.7247,0.535,up,100,4,None,202,False,
2026-01-29,10:32:16.114,440.198,437.7247,0.565,up,400,4,None,202,False,
2026-01-29,10:32:16.114,440.144,437.7247,0.553,up,843,4,None,202,False,
2026-01-29,10:32:16.114,440.2,437.7247,0.565,up,160,4,None,203,False,
2026-01-29,10:32:16.132,440.195,437.7247,0.564,up,100,4,None,202,False,
2026-01-29,10:32:16.114,440.19,437.7247,0.563,up,200,4,None,203,False,
2026-01-29,10:32:16.138,440.2,437.7247,0.565,up,120,4,None,202,False,
2026-01-29,10:32:16.160,439.92,437.7247,0.502,up,100,4,None,202,False,
2026-01-29,10:32:16.192,439.955,437.7247,0.51,up,100,4,None,202,False,
2026-01-29,10:32:16.192,439.955,437.7247,0.51,up,160,4,None,202,False,
2026-01-29,10:32:16.192,439.955,437.7247,0.51,up,170,4,None,202,False,
2026-01-29,10:32:16.193,439.955,437.7247,0.51,up,100,4,None,202,False,
2026-01-29,10:32:16.207,439.965,437.7247,0.512,up,100,4,None,202,False,
2026-01-29,10:32:16.212,440.0286,437.7247,0.526,up,199,4,None,202,False,
2026-01-29,10:32:16.219,440.02,437.7247,0.524,up,100,4,None,203,False,
2026-01-29,10:32:16.242,439.965,437.7247,0.512,up,100,4,None,202,False,
2026-01-29,10:32:16.260,439.9754,437.7247,0.514,up,100,4,None,202,False,
2026-01-29,10:32:16.282,439.955,437.7247,0.51,up,200,4,None,202,False,
2026-01-29,10:32:16.284,439.967,437.7247,0.512,up,100,4,None,202,False,
2026-01-29,10:32:16.319,440.0198,437.7247,0.524,up,100,4,None,202,False,
2026-01-29,10:32:16.402,440,437.7247,0.52,up,100,4,None,202,False,
2026-01-29,10:32:16.526,439.92,437.7247,0.502,up,115,4,None,202,False,
2026-01-29,10:32:16.549,440.03,437.7247,0.527,up,500,4,None,202,False,
2026-01-29,10:32:16.549,439.955,437.7247,0.51,up,100,4,None,202,False,
2026-01-29,10:32:16.664,439.97,437.7247,0.513,up,100,4,None,202,False,
2026-01-29,10:32:16.690,439.94,437.7247,0.506,up,150,4,None,202,False,
2026-01-29,10:32:16.114,440.2,437.7247,0.565,up,733,4,None,202,False,
2026-01-29,10:32:16.114,440.198,437.7247,0.565,up,699,4,None,202,False,
2026-01-29,10:32:16.726,439.9867,437.7247,0.517,up,100,4,None,202,False,
2026-01-29,10:32:16.797,440,437.7247,0.52,up,639,4,None,202,False,
2026-01-29,10:32:16.797,439.94,437.7247,0.506,up,100,4,None,202,False,
2026-01-29,10:32:17.118,440,437.7247,0.52,up,100,4,None,202,False,
2026-01-29,10:32:17.148,440.0907,437.7247,0.541,up,100,4,None,202,False,
2026-01-29,10:32:17.161,440.1135,437.7247,0.546,up,100,4,None,202,False,
2026-01-29,10:32:17.220,440.1999,437.7247,0.565,up,880,4,None,202,False,
2026-01-29,10:32:17.266,440.085,437.7247,0.539,up,100,4,None,202,False,
2026-01-29,10:32:17.267,440.085,437.7247,0.539,up,100,4,None,202,False,
2026-01-29,10:32:17.359,440.0611,437.7247,0.534,up,100,4,None,202,False,
2026-01-29,10:32:17.404,440.125,437.7247,0.548,up,400,4,None,202,False,
2026-01-29,10:32:17.597,440.2,437.7247,0.565,up,113,4,None,202,False,
2026-01-29,10:32:17.652,440.1513,437.7247,0.554,up,300,4,None,202,False,
2026-01-29,10:32:17.693,440.15,437.7247,0.554,up,100,4,None,202,False,
2026-01-29,10:32:17.723,440.1109,437.7247,0.545,up,100,4,None,202,False,
2026-01-29,10:32:17.803,440.1,437.7247,0.543,up,100,4,None,202,False,
2026-01-29,10:32:17.803,440.1,437.7247,0.543,up,400,4,None,202,False,
2026-01-29,10:32:17.803,440.1,437.7247,0.543,up,400,4,None,202,False,
2026-01-29,10:32:17.803,440,437.7247,0.52,up,154,4,None,202,False,
2026-01-29,10:32:17.803,440,437.7247,0.52,up,100,4,None,202,False,
2026-01-29,10:32:17.804,440.07,437.7247,0.536,up,100,4,None,202,False,
2026-01-29,10:32:17.803,440.04,437.7247,0.529,up,115,4,None,202,False,
2026-01-29,10:32:17.805,440.09,437.7247,0.54,up,100,4,None,202,False,
2026-01-29,10:32:17.803,440.1,437.7247,0.543,up,100,4,None,202,False,
2026-01-29,10:32:17.804,440.05,437.7247,0.531,up,100,4,None,202,False,
2026-01-29,10:32:17.838,440.0256,437.7247,0.526,up,150,4,None,202,False,
2026-01-29,10:32:17.939,440.04,437.7247,0.529,up,300,4,None,202,False,
2026-01-29,10:32:17.945,440.04,437.7247,0.529,up,300,4,None,202,False,
2026-01-29,10:32:17.078,440.1099,437.7247,0.545,up,100,4,None,201,False,
2026-01-29,10:32:17.455,440.14,437.7247,0.552,up,100,4,None,201,False,
2026-01-29,10:32:18.236,439.99,437.7247,0.518,up,250,4,None,202,False,
2026-01-29,10:32:18.258,439.96,437.7247,0.511,up,100,4,None,202,False,
2026-01-29,10:32:18.279,439.9999,437.7247,0.52,up,100,4,None,202,False,
2026-01-29,10:32:18.330,439.9999,437.7247,0.52,up,100,4,None,202,False,
2026-01-29,10:32:18.362,439.99,437.7247,0.518,up,184,4,None,202,False,
2026-01-29,10:32:18.756,439.95,437.7247,0.508,up,200,4,None,202,False,
2026-01-29,10:32:18.757,439.95,437.7247,0.508,up,160,4,None,202,False,
2026-01-29,10:32:18.852,439.9599,437.7247,0.511,up,200,4,None,202,False,
2026-01-29,10:32:19.011,440.0899,437.7247,0.54,up,150,4,None,202,False,
2026-01-29,10:32:19.072,440.052,437.7247,0.532,up,280,4,None,202,False,
2026-01-29,10:32:19.138,440.1299,437.7247,0.549,up,300,4,None,202,False,
2026-01-29,10:32:19.339,440.13,437.7247,0.55,up,200,4,None,202,False,
2026-01-29,10:32:19.356,440.1015,437.7247,0.543,up,400,4,None,202,False,
2026-01-29,10:32:19.549,440.084,437.7247,0.539,up,400,4,None,202,False,
2026-01-29,10:32:19.567,440.0006,437.7247,0.52,up,500,4,None,202,False,
2026-01-29,10:32:19.648,439.9341,437.7247,0.505,up,100,4,None,202,False,
2026-01-29,10:32:19.701,439.9238,437.7247,0.502,up,300,4,None,202,False,
2026-01-29,10:32:19.704,440.0302,437.7247,0.527,up,100,4,None,202,False,
2026-01-29,10:32:19.740,440.025,437.7247,0.526,up,150,4,None,202,False,
2026-01-29,10:32:19.749,440.025,437.7247,0.526,up,250,4,None,202,False,
2026-01-29,10:32:20.022,440,437.7247,0.52,up,100,4,None,202,False,
2026-01-29,10:32:20.430,439.9901,437.7247,0.518,up,2000,4,None,202,False,
2026-01-29,10:32:20.439,440.1491,437.7247,0.554,up,300,4,None,202,False,
2026-01-29,10:32:20.495,440.095,437.7247,0.542,up,200,4,None,202,False,
2026-01-29,10:32:20.630,440.065,437.7247,0.535,up,100,4,None,202,False,
2026-01-29,10:32:20.663,440.1272,437.7247,0.549,up,250,4,None,202,False,
2026-01-29,10:32:20.680,440.1329,437.7247,0.55,up,500,4,None,202,False,
2026-01-29,10:32:20.809,440.13,437.7247,0.55,up,300,4,None,202,False,
2026-01-29,10:32:20.819,440.1939,437.7247,0.564,up,200,4,None,202,False,
2026-01-29,10:32:20.891,440.13,437.7247,0.55,up,100,4,None,202,False,
2026-01-29,10:32:20.979,440.04,437.7247,0.529,up,109,4,None,202,False,
2026-01-29,10:32:21.033,440.0418,437.7247,0.529,up,100,4,None,202,False,
2026-01-29,10:32:21.076,440.13,437.7247,0.55,up,100,4,None,202,False,
2026-01-29,10:32:21.225,440.2299,437.7247,0.572,up,200,4,None,202,False,
2026-01-29,10:32:21.281,440.055,437.7247,0.532,up,100,4,None,202,False,
2026-01-29,10:32:21.341,439.99,437.7247,0.518,up,200,4,None,202,False,
2026-01-29,10:32:21.757,439.9493,437.7247,0.508,up,113,4,None,202,False,
2026-01-29,10:32:21.931,439.9451,437.7247,0.507,up,200,4,None,202,False,
2026-01-29,10:32:21.967,439.9367,437.7247,0.505,up,100,4,None,202,False,
2026-01-29,10:32:21.969,439.9483,437.7247,0.508,up,400,4,None,202,False,
2026-01-29,10:32:22.173,439.94,437.7247,0.506,up,161,4,None,202,False,
2026-01-29,10:32:24.086,439.9199,437.7247,0.502,up,1000,4,None,202,False,
2026-01-29,10:32:24.896,439.92,437.7247,0.502,up,255,4,None,202,False,
2026-01-29,10:33:00.071,437.135,434.16,0.685,up,211,4,None,202,True,1
2026-01-29,10:33:00.143,437.1399,434.16,0.686,up,300,4,None,202,True,1
2026-01-29,10:33:00.214,437.1399,434.16,0.686,up,100,4,None,202,True,1
2026-01-29,10:33:00.323,437.11,434.16,0.679,up,1846,4,None,202,True,1
2026-01-29,10:33:00.365,437.11,434.16,0.679,up,280,4,None,202,True,1
2026-01-29,10:33:00.394,437.145,434.16,0.688,up,100,4,None,202,True,1
2026-01-29,10:33:00.403,437.1799,434.16,0.696,up,500,4,None,202,True,1
2026-01-29,10:33:00.492,437.1298,434.16,0.684,up,100,4,None,202,True,1
2026-01-29,10:33:00.572,437.16,434.16,0.691,up,102,4,None,202,True,1
2026-01-29,10:33:00.823,437.195,434.16,0.699,up,200,4,None,202,True,1
2026-01-29,10:33:00.823,437.21,434.16,0.703,up,100,4,None,202,True,1
2026-01-29,10:33:00.823,437.19,434.16,0.698,up,100,4,None,202,True,1
2026-01-29,10:33:00.823,437.19,434.16,0.698,up,100,4,None,202,True,1
2026-01-29,10:33:00.824,437.19,434.16,0.698,up,100,4,None,202,True,1
2026-01-29,10:33:00.879,437.22,434.16,0.705,up,200,4,None,202,True,1
2026-01-29,10:33:00.930,437.3179,434.16,0.727,up,300,4,None,202,True,1
2026-01-29,10:33:00.932,437.31,434.16,0.726,up,100,4,None,202,True,1
2026-01-29,10:33:00.824,437.1975,434.16,0.7,up,180,4,None,202,True,1
2026-01-29,10:33:01.195,437.235,434.16,0.708,up,100,4,None,201,True,1
2026-01-29,10:33:01.501,437.2415,434.16,0.71,up,100,4,None,202,True,1
2026-01-29,10:33:01.558,437.15,434.16,0.689,up,100,4,None,202,True,1
2026-01-29,10:33:01.569,437.15,434.16,0.689,up,154,4,None,202,True,1
2026-01-29,10:33:01.569,437.15,434.16,0.689,up,120,4,None,202,True,1
2026-01-29,10:33:01.647,437.11,434.16,0.679,up,100,4,None,202,True,1
2026-01-29,10:33:01.751,437.17,434.16,0.693,up,200,4,None,202,True,1
2026-01-29,10:33:01.757,437.1,434.16,0.677,up,100,4,None,202,True,1
2026-01-29,10:33:01.750,437.135,434.16,0.685,up,100,4,None,202,True,1
2026-01-29,10:33:01.915,437.19,434.16,0.698,up,480,4,None,202,True,1
2026-01-29,10:33:01.915,437.1475,434.16,0.688,up,100,4,None,202,True,1
2026-01-29,10:33:01.915,437.145,434.16,0.688,up,800,4,None,202,True,1
2026-01-29,10:33:01.915,437.16,434.16,0.691,up,240,4,None,202,True,1
2026-01-29,10:33:01.925,437.1063,434.16,0.679,up,150,4,None,202,True,1
2026-01-29,10:33:01.915,437.19,434.16,0.698,up,200,4,None,202,True,1
2026-01-29,10:33:01.979,437.1,434.16,0.677,up,100,4,None,202,True,1
2026-01-29,10:33:02.257,436.83,434.16,0.615,up,400,4,None,202,True,1
2026-01-29,10:33:02.265,436.72,434.16,0.59,up,100,4,None,202,True,1
2026-01-29,10:33:02.266,436.73,434.16,0.592,up,100,4,None,202,True,1
2026-01-29,10:33:02.285,436.5,434.16,0.539,up,560,4,None,202,True,1
2026-01-29,10:33:46.170,431.97,434.16,0.504,down,100,4,None,202,True,1
2026-01-29,10:33:46.541,431.98,434.16,0.502,down,100,4,None,202,True,1
2026-01-29,10:33:46.615,431.98,434.16,0.502,down,300,4,None,202,True,1
2026-01-29,10:33:46.930,431.8801,434.16,0.525,down,100,4,None,202,True,1
2026-01-29,10:33:47.657,431.94,434.16,0.511,down,150,4,None,202,True,1
2026-01-29,10:33:47.697,431.9,434.16,0.521,down,300,4,None,202,True,1
2026-01-29,10:33:47.817,431.75,434.16,0.555,down,280,4,None,202,True,1
2026-01-29,10:33:47.857,431.8042,434.16,0.543,down,100,4,None,201,True,1
2026-01-29,10:33:47.866,431.86,434.16,0.53,down,200,4,None,202,True,1
2026-01-29,10:33:47.888,431.838,434.16,0.535,down,100,4,None,201,True,1
2026-01-29,10:33:47.913,431.75,434.16,0.555,down,3338,4,None,201,True,1
2026-01-29,10:33:47.913,431.75,434.16,0.555,down,1662,4,None,201,True,1
2026-01-29,10:33:47.904,431.964,434.16,0.506,down,100,4,None,203,True,1
2026-01-29,10:33:47.929,431.865,434.16,0.529,down,220,4,None,202,True,1
2026-01-29,10:33:48.058,431.73,434.16,0.56,down,400,4,None,202,True,1
2026-01-29,10:33:48.133,431.7874,434.16,0.546,down,236,4,None,202,True,1
2026-01-29,10:33:48.225,431.885,434.16,0.524,down,400,4,None,202,True,1
2026-01-29,10:33:48.575,431.925,434.16,0.515,down,100,4,None,202,True,1
2026-01-29,10:33:48.724,431.925,434.16,0.515,down,100,4,None,202,True,1
2026-01-29,10:33:48.786,431.89,434.16,0.523,down,240,4,None,202,True,1
2026-01-29,10:33:49.220,431.835,434.16,0.536,down,100,4,None,202,True,1
2026-01-29,10:33:49.226,431.72,434.16,0.562,down,420,4,None,202,True,1
2026-01-29,10:33:49.247,431.835,434.16,0.536,down,228,4,None,202,True,1
2026-01-29,10:33:49.283,431.835,434.16,0.536,down,370,4,None,202,True,1
2026-01-29,10:33:49.301,431.835,434.16,0.536,down,200,4,None,202,True,1
2026-01-29,10:33:49.324,431.72,434.16,0.562,down,100,4,None,202,True,1
2026-01-29,10:33:49.381,431.83,434.16,0.537,down,100,4,None,202,True,1
2026-01-29,10:33:49.531,431.83,434.16,0.537,down,100,4,None,202,True,1
2026-01-29,10:33:49.675,431.79,434.16,0.546,down,100,4,None,202,True,1
2026-01-29,10:33:49.552,431.83,434.16,0.537,down,100,4,None,202,True,1
2026-01-29,10:33:49.801,431.655,434.16,0.577,down,100,4,None,202,True,1
2026-01-29,10:33:49.856,431.655,434.16,0.577,down,325,4,None,201,True,1
2026-01-29,10:33:49.930,431.6127,434.16,0.587,down,100,4,None,202,True,1
2026-01-29,10:33:49.958,431.56,434.16,0.599,down,193,4,None,202,True,1
2026-01-29,10:33:50.064,431.5968,434.16,0.59,down,100,4,None,202,True,1
2026-01-29,10:33:50.041,431.56,434.16,0.599,down,149,4,None,201,True,1
2026-01-29,10:33:50.078,431.56,434.16,0.599,down,100,4,None,202,True,1
2026-01-29,10:33:50.078,431.56,434.16,0.599,down,100,4,None,202,True,1
2026-01-29,10:33:50.078,431.51,434.16,0.61,down,420,4,None,202,True,1
2026-01-29,10:33:50.179,431.505,434.16,0.612,down,100,4,None,202,True,1
2026-01-29,10:33:50.190,431.5575,434.16,0.599,down,100,4,None,202,True,1
2026-01-29,10:33:50.247,431.605,434.16,0.588,down,100,4,None,202,True,1
2026-01-29,10:33:50.283,431.605,434.16,0.588,down,100,4,None,202,True,1
2026-01-29,10:33:50.337,431.61,434.16,0.587,down,100,4,None,202,True,1
2026-01-29,10:33:50.444,431.62,434.16,0.585,down,200,4,None,202,True,1
2026-01-29,10:33:50.519,431.605,434.16,0.588,down,100,4,None,202,True,1
2026-01-29,10:33:50.731,431.47,434.16,0.62,down,100,4,None,202,True,1
2026-01-29,10:33:50.809,431.47,434.16,0.62,down,200,4,None,202,True,1
2026-01-29,10:33:50.844,431.5899,434.16,0.592,down,250,4,None,202,True,1
2026-01-29,10:33:50.947,431.5216,434.16,0.608,down,1500,4,None,202,True,1
2026-01-29,10:33:51.003,431.5,434.16,0.613,down,100,4,None,202,True,1
2026-01-29,10:33:51.073,431.545,434.16,0.602,down,300,4,None,202,True,1
2026-01-29,10:33:51.294,431.61,434.16,0.587,down,118,4,None,202,True,1
2026-01-29,10:33:51.381,431.7,434.16,0.567,down,100,4,None,202,True,1
2026-01-29,10:33:51.478,431.6196,434.16,0.585,down,100,4,None,202,True,1
2026-01-29,10:33:51.511,431.63,434.16,0.583,down,102,4,None,202,True,1
2026-01-29,10:33:51.519,431.62,434.16,0.585,down,200,4,None,202,True,1
2026-01-29,10:33:51.521,431.69,434.16,0.569,down,100,4,None,202,True,1
2026-01-29,10:33:51.529,431.69,434.16,0.569,down,100,4,None,202,True,1
2026-01-29,10:33:51.525,431.6249,434.16,0.584,down,200,4,None,202,True,1
2026-01-29,10:33:51.560,431.7556,434.16,0.554,down,100,4,None,203,True,1
2026-01-29,10:33:51.645,431.63,434.16,0.583,down,100,4,None,202,True,1
2026-01-29,10:33:51.735,431.685,434.16,0.57,down,100,4,None,202,True,1
2026-01-29,10:33:51.865,431.6401,434.16,0.58,down,1000,4,None,202,True,1
2026-01-29,10:33:51.964,431.5,434.16,0.613,down,100,4,None,202,True,1
2026-01-29,10:33:51.964,431.5,434.16,0.613,down,100,4,None,202,True,1
2026-01-29,10:33:51.965,431.47,434.16,0.62,down,811,4,None,202,True,1
2026-01-29,10:33:52.037,431.585,434.16,0.593,down,100,4,None,202,True,1
2026-01-29,10:33:52.015,431.676,434.16,0.572,down,100,4,None,202,True,1
2026-01-29,10:33:52.538,431.58,434.16,0.594,down,100,4,None,202,True,1
2026-01-29,10:33:52.574,431.6543,434.16,0.577,down,300,4,None,203,True,1
2026-01-29,10:33:50.785,431.53,434.16,0.606,down,100,4,None,202,True,1
2026-01-29,10:33:52.800,431.59,434.16,0.592,down,200,4,None,202,True,1
2026-01-29,10:33:52.817,431.546,434.16,0.602,down,100,4,None,202,True,1
2026-01-29,10:33:52.818,431.6868,434.16,0.57,down,100,4,None,202,True,1
2026-01-29,10:33:52.897,431.585,434.16,0.593,down,100,4,None,202,True,1
2026-01-29,10:33:52.956,431.51,434.16,0.61,down,100,4,None,202,True,1
2026-01-29,10:33:52.953,431.605,434.16,0.588,down,100,4,None,203,True,1
2026-01-29,10:33:52.979,431.605,434.16,0.588,down,200,4,None,202,True,1
2026-01-29,10:33:52.980,431.7,434.16,0.567,down,1000,4,None,202,True,1
2026-01-29,10:33:53.035,431.5645,434.16,0.598,down,200,4,None,202,True,1
2026-01-29,10:33:53.094,431.54,434.16,0.603,down,100,4,None,202,True,1
2026-01-29,10:33:53.106,431.46,434.16,0.622,down,800,4,None,202,True,1
2026-01-29,10:33:53.119,431.44,434.16,0.626,down,250,4,None,202,True,1
2026-01-29,10:33:53.120,431.535,434.16,0.605,down,100,4,None,202,True,1
2026-01-29,10:33:53.104,431.54,434.16,0.603,down,100,4,None,201,True,1
2026-01-29,10:33:53.181,431.66,434.16,0.576,down,160,4,None,202,True,1
2026-01-29,10:33:53.251,431.66,434.16,0.576,down,100,4,None,202,True,1
2026-01-29,10:33:53.306,431.66,434.16,0.576,down,200,4,None,202,True,1
2026-01-29,10:33:53.397,431.4768,434.16,0.618,down,100,4,None,201,True,1
2026-01-29,10:33:53.437,431.5985,434.16,0.59,down,150,4,None,202,True,1
2026-01-29,10:33:53.437,431.59,434.16,0.592,down,100,4,None,202,True,1
2026-01-29,10:33:53.450,431.58,434.16,0.594,down,100,4,None,202,True,1
2026-01-29,10:33:53.456,431.5,434.16,0.613,down,100,4,None,202,True,1
2026-01-29,10:33:53.456,431.58,434.16,0.594,down,100,4,None,202,True,1
2026-01-29,10:33:53.457,431.58,434.16,0.594,down,100,4,None,202,True,1
2026-01-29,10:33:53.545,431.58,434.16,0.594,down,275,4,None,202,True,1
2026-01-29,10:33:53.590,431.5008,434.16,0.612,down,200,4,None,202,True,1
2026-01-29,10:33:53.437,431.595,434.16,0.591,down,100,4,None,202,True,1
2026-01-29,10:33:53.724,431.575,434.16,0.595,down,100,4,None,202,True,1
2026-01-29,10:33:53.751,431.6599,434.16,0.576,down,100,4,None,202,True,1
2026-01-29,10:33:53.756,431.65,434.16,0.578,down,225,4,None,202,True,1
2026-01-29,10:33:53.078,431.545,434.16,0.602,down,119,4,None,202,True,1
2026-01-29,10:33:53.734,431.575,434.16,0.595,down,200,4,None,202,True,1
2026-01-29,10:33:53.984,431.575,434.16,0.595,down,200,4,None,202,True,1
2026-01-29,10:33:54.030,431.6599,434.16,0.576,down,500,4,None,202,True,1
2026-01-29,10:33:54.038,431.575,434.16,0.595,down,100,4,None,202,True,1
2026-01-29,10:33:54.044,431.6599,434.16,0.576,down,500,4,None,202,True,1
2026-01-29,10:33:54.021,431.4947,434.16,0.614,down,100,4,None,203,True,1
2026-01-29,10:33:54.074,431.6498,434.16,0.578,down,118,4,None,202,True,1
2026-01-29,10:33:54.102,431.585,434.16,0.593,down,200,4,None,202,True,1
2026-01-29,10:33:52.749,431.5947,434.16,0.591,down,100,4,None,202,True,1
2026-01-29,10:33:54.254,431.42,434.16,0.631,down,100,4,None,202,True,1
2026-01-29,10:33:54.157,431.54,434.16,0.603,down,100,4,None,202,True,1
2026-01-29,10:33:54.318,431.44,434.16,0.626,down,100,4,None,201,True,1
2026-01-29,10:33:54.319,431.505,434.16,0.612,down,100,4,None,202,True,1
2026-01-29,10:33:54.475,431.4355,434.16,0.628,down,100,4,None,202,True,1
2026-01-29,10:33:54.530,431.3801,434.16,0.64,down,782,4,None,202,True,1
2026-01-29,10:33:54.580,431.4745,434.16,0.619,down,300,4,None,202,True,1
2026-01-29,10:33:54.627,431.455,434.16,0.623,down,193,4,None,202,True,1
2026-01-29,10:33:54.745,431.4396,434.16,0.627,down,100,4,None,202,True,1
2026-01-29,10:33:54.828,431.341,434.16,0.649,down,542,4,None,202,True,1
2026-01-29,10:33:55.013,431.3328,434.16,0.651,down,1200,4,None,203,True,1
2026-01-29,10:33:55.052,431.38,434.16,0.64,down,100,4,None,202,True,1
2026-01-29,10:33:55.053,431.4275,434.16,0.629,down,100,4,None,202,True,1
2026-01-29,10:33:55.124,431.4299,434.16,0.629,down,100,4,None,202,True,1
2026-01-29,10:33:55.204,431.2,434.16,0.682,down,810,4,None,202,True,1
2026-01-29,10:33:55.354,431.3099,434.16,0.656,down,500,4,None,202,True,1
2026-01-29,10:33:55.361,431.29,434.16,0.661,down,115,4,None,202,True,1
2026-01-29,10:33:55.520,431.3099,434.16,0.656,down,1000,4,None,202,True,1
2026-01-29,10:33:55.561,431.16,434.16,0.691,down,250,4,None,202,True,1
2026-01-29,10:33:55.672,431.23,434.16,0.675,down,120,4,None,202,True,1
2026-01-29,10:33:55.008,431.33,434.16,0.652,down,720,4,None,202,True,1
2026-01-29,10:33:55.713,431.38,434.16,0.64,down,110,4,None,203,True,1
2026-01-29,10:33:55.747,431.305,434.16,0.658,down,100,4,None,202,True,1
2026-01-29,10:33:55.901,431.1701,434.16,0.689,down,200,4,None,202,True,1
2026-01-29,10:33:56.058,431.3,434.16,0.659,down,100,4,None,202,True,1
2026-01-29,10:33:56.073,431.19,434.16,0.684,down,400,4,None,202,True,1
2026-01-29,10:33:56.115,431.4464,434.16,0.625,down,200,4,None,202,True,1
2026-01-29,10:33:56.118,431.385,434.16,0.639,down,250,4,None,202,True,1
2026-01-29,10:33:56.135,431.495,434.16,0.614,down,100,4,None,202,True,1
2026-01-29,10:33:56.144,431.455,434.16,0.623,down,200,4,None,202,True,1
2026-01-29,10:33:56.152,431.5099,434.16,0.61,down,1000,4,None,202,True,1
2026-01-29,10:33:56.156,431.422,434.16,0.631,down,131,4,None,202,True,1
2026-01-29,10:33:56.215,431.4,434.16,0.636,down,246,4,None,202,True,1
2026-01-29,10:33:56.216,431.4001,434.16,0.636,down,246,4,None,202,True,1
2026-01-29,10:33:56.229,431.47,434.16,0.62,down,100,4,None,202,True,1
2026-01-29,10:33:56.239,431.4,434.16,0.636,down,100,4,None,202,True,1
2026-01-29,10:33:56.358,431.52,434.16,0.608,down,100,4,None,202,True,1
2026-01-29,10:33:56.388,431.5299,434.16,0.606,down,100,4,None,202,True,1
2026-01-29,10:33:56.434,431.388,434.16,0.638,down,100,4,None,201,True,1
2026-01-29,10:33:56.513,431.34,434.16,0.65,down,200,4,None,202,True,1
2026-01-29,10:33:56.514,431.5299,434.16,0.606,down,200,4,None,202,True,1
2026-01-29,10:33:56.575,431.46,434.16,0.622,down,100,4,None,202,True,1
2026-01-29,10:33:56.583,431.575,434.16,0.595,down,100,4,None,202,True,1
2026-01-29,10:33:56.780,431.43,434.16,0.629,down,100,4,None,202,True,1
2026-01-29,10:33:56.886,431.57,434.16,0.597,down,200,4,None,202,True,1
2026-01-29,10:33:56.937,431.57,434.16,0.597,down,100,4,None,202,True,1
2026-01-29,10:33:56.957,431.57,434.16,0.597,down,400,4,None,202,True,1
2026-01-29,10:33:57.005,431.47,434.16,0.62,down,100,4,None,202,True,1
2026-01-29,10:33:57.078,431.25,434.16,0.67,down,120,4,None,202,True,1
2026-01-29,10:33:57.161,431.4499,434.16,0.624,down,100,4,None,202,True,1
2026-01-29,10:33:55.912,431.2885,434.16,0.661,down,100,4,None,202,True,1
2026-01-29,10:33:57.269,431.33,434.16,0.652,down,180,4,None,202,True,1
2026-01-29,10:33:57.273,431.33,434.16,0.652,down,100,4,None,202,True,1
2026-01-29,10:33:57.303,431.2159,434.16,0.678,down,200,4,None,202,True,1
2026-01-29,10:33:57.392,431.4,434.16,0.636,down,200,4,None,202,True,1
2026-01-29,10:33:57.400,431.41,434.16,0.633,down,200,4,None,202,True,1
2026-01-29,10:33:57.494,431.4,434.16,0.636,down,100,4,None,202,True,1
2026-01-29,10:33:57.515,431.4,434.16,0.636,down,100,4,None,202,True,1
2026-01-29,10:33:57.504,431.4483,434.16,0.625,down,200,4,None,203,True,1
2026-01-29,10:33:57.581,431.425,434.16,0.63,down,100,4,None,202,True,1
2026-01-29,10:33:57.659,431.425,434.16,0.63,down,300,4,None,202,True,1
2026-01-29,10:33:57.712,431.4,434.16,0.636,down,118,4,None,202,True,1
2026-01-29,10:33:57.712,431.4001,434.16,0.636,down,118,4,None,202,True,1
2026-01-29,10:33:57.748,431.45,434.16,0.624,down,100,4,None,202,True,1
2026-01-29,10:33:57.757,431.41,434.16,0.633,down,100,4,None,202,True,1
2026-01-29,10:33:57.811,431.34,434.16,0.65,down,226,4,None,202,True,1
2026-01-29,10:33:57.830,431.3196,434.16,0.654,down,500,4,None,202,True,1
2026-01-29,10:33:57.833,431.33,434.16,0.652,down,190,4,None,202,True,1
2026-01-29,10:33:57.836,431.2,434.16,0.682,down,210,4,None,202,True,1
2026-01-29,10:33:57.901,431.265,434.16,0.667,down,200,4,None,202,True,1
2026-01-29,10:33:57.887,431.2,434.16,0.682,down,200,4,None,201,True,1
2026-01-29,10:33:57.972,431.13,434.16,0.698,down,100,4,None,202,True,1
2026-01-29,10:33:58.007,431.225,434.16,0.676,down,200,4,None,202,True,1
2026-01-29,10:33:57.834,431.2,434.16,0.682,down,100,4,None,202,True,1
2026-01-29,10:33:58.099,431.372,434.16,0.642,down,100,4,None,202,True,1
2026-01-29,10:33:58.197,431.21,434.16,0.679,down,240,4,None,202,True,1
2026-01-29,10:33:58.197,431.21,434.16,0.679,down,240,4,None,202,True,1
2026-01-29,10:33:58.266,431.2,434.16,0.682,down,200,4,None,202,True,1
2026-01-29,10:33:58.282,431.265,434.16,0.667,down,159,4,None,202,True,1
2026-01-29,10:33:58.285,431.265,434.16,0.667,down,100,4,None,202,True,1
2026-01-29,10:33:58.321,431.1923,434.16,0.684,down,200,4,None,202,True,1
2026-01-29,10:33:58.332,431.19,434.16,0.684,down,206,4,None,202,True,1
2026-01-29,10:33:58.493,431.23,434.16,0.675,down,100,4,None,202,True,1
2026-01-29,10:33:58.516,431.13,434.16,0.698,down,250,4,None,202,True,1
2026-01-29,10:33:58.661,431.235,434.16,0.674,down,160,4,None,202,True,1
2026-01-29,10:33:58.660,431.235,434.16,0.674,down,200,4,None,202,True,1
2026-01-29,10:33:58.669,431.2425,434.16,0.672,down,100,4,None,202,True,1
2026-01-29,10:33:58.671,431.245,434.16,0.671,down,100,4,None,202,True,1
2026-01-29,10:33:58.672,431.3399,434.16,0.65,down,3920,4,None,202,True,1
2026-01-29,10:33:58.687,431.3243,434.16,0.653,down,100,4,None,203,True,1
2026-01-29,10:33:58.724,431.33,434.16,0.652,down,200,4,None,202,True,1
2026-01-29,10:33:58.749,431.235,434.16,0.674,down,200,4,None,202,True,1
2026-01-29,10:33:58.750,431.33,434.16,0.652,down,500,4,None,202,True,1
2026-01-29,10:33:58.753,431.235,434.16,0.674,down,235,4,None,202,True,1
2026-01-29,10:33:58.776,431.235,434.16,0.674,down,100,4,None,202,True,1
2026-01-29,10:33:58.786,431.1848,434.16,0.685,down,350,4,None,202,True,1
2026-01-29,10:33:58.808,431.2825,434.16,0.663,down,100,4,None,202,True,1
2026-01-29,10:33:58.828,431.15,434.16,0.693,down,1000,4,None,202,True,1
2026-01-29,10:33:58.921,431.38,434.16,0.64,down,100,4,None,202,True,1
2026-01-29,10:33:58.660,431.235,434.16,0.674,down,200,4,None,202,True,1
2026-01-29,10:33:59.010,431.37,434.16,0.643,down,100,4,None,202,True,1
2026-01-29,10:33:59.034,431.36,434.16,0.645,down,129,4,None,202,True,1
2026-01-29,10:33:59.035,431.32,434.16,0.654,down,130,4,None,202,True,1
2026-01-29,10:33:59.035,431.45,434.16,0.624,down,139,4,None,202,True,1
2026-01-29,10:33:59.049,431.3787,434.16,0.641,down,170,4,None,202,True,1
2026-01-29,10:33:57.901,431.2923,434.16,0.661,down,100,4,None,202,True,1
2026-01-29,10:33:59.132,431.37,434.16,0.643,down,184,4,None,202,True,1
2026-01-29,10:33:59.184,431.4418,434.16,0.626,down,150,4,None,202,True,1
2026-01-29,10:33:59.189,431.42,434.16,0.631,down,100,4,None,202,True,1
2026-01-29,10:33:58.215,431.3399,434.16,0.65,down,300,4,None,201,True,1
2026-01-29,10:33:58.290,431.3399,434.16,0.65,down,200,4,None,201,True,1
2026-01-29,10:33:59.431,431.305,434.16,0.658,down,200,4,None,202,True,1
2026-01-29,10:33:59.667,431.2101,434.16,0.679,down,150,4,None,202,True,1
2026-01-29,10:33:59.826,431.2358,434.16,0.674,down,100,4,None,202,True,1
2026-01-29,10:33:59.880,431.17,434.16,0.689,down,100,4,None,201,True,1
2026-01-29,10:33:59.899,431.135,434.16,0.697,down,250,4,None,202,True,1
2026-01-29,10:33:59.966,431.1235,434.16,0.699,down,100,4,None,202,True,1
2026-01-29,10:33:58.883,431.3207,434.16,0.654,down,100,4,None,202,True,1
2026-01-30,10:30:00.841,425.125,427.365,0.524,down,100,4,None,202,True,1
2026-01-30,10:30:00.922,424.76,427.365,0.61,down,100,4,None,202,True,1
2026-01-30,10:30:00.922,424.76,427.365,0.61,down,200,4,None,202,True,1
2026-01-30,10:30:00.922,424.76,427.365,0.61,down,100,4,None,202,True,1
2026-01-30,10:30:00.922,424.76,427.365,0.61,down,200,4,None,202,True,1
2026-01-30,10:30:00.923,424.69,427.365,0.626,down,200,4,None,202,True,1
2026-01-30,10:30:01.210,424.18,427.365,0.745,down,166,4,None,202,True,1
2026-01-30,10:30:01.210,424.19,427.365,0.743,down,200,4,None,202,True,1
2026-01-30,10:30:01.446,424.185,427.365,0.744,down,110,4,None,201,True,1
2026-01-30,10:30:01.240,425,427.365,0.553,down,100,4,None,202,True,1
2026-01-30,10:30:01.240,425,427.365,0.553,down,100,4,None,202,True,1
2026-01-30,10:30:01.241,425,427.365,0.553,down,200,4,None,202,True,1
2026-01-30,10:30:01.243,424.69,427.365,0.626,down,200,4,None,202,True,1
2026-01-30,10:30:01.258,424.72,427.365,0.619,down,200,4,None,202,True,1
2026-01-30,10:30:00.581,424.772,427.365,0.607,down,100,4,None,202,True,1
2026-01-30,10:30:00.621,424.77,427.365,0.607,down,168,4,None,202,True,1
2026-01-30,10:30:00.646,424.77,427.365,0.607,down,160,4,None,202,True,1
2026-01-30,10:30:01.210,424.22,427.365,0.736,down,140,4,None,202,True,1
2026-01-30,10:30:01.034,424.351,427.365,0.705,down,100,4,None,202,True,1
2026-01-30,10:30:01.349,424.69,427.365,0.626,down,200,4,None,202,True,1
2026-01-30,10:30:01.377,424.53,427.365,0.663,down,294,4,None,202,True,1
2026-01-30,10:30:01.398,424.391,427.365,0.696,down,560,4,None,202,True,1
2026-01-30,10:30:01.450,424.18,427.365,0.745,down,294,4,None,202,True,1
2026-01-30,10:30:01.450,424.18,427.365,0.745,down,200,4,None,202,True,1
2026-01-30,10:30:01.551,424.22,427.365,0.736,down,499,4,None,202,True,1
2026-01-30,10:30:01.582,424.06,427.365,0.773,down,200,4,None,202,True,1
2026-01-30,10:30:01.582,424.06,427.365,0.773,down,200,4,None,202,True,1
2026-01-30,10:30:01.528,424,427.365,0.787,down,116,4,None,202,True,1
2026-01-30,10:30:01.688,424.189,427.365,0.743,down,100,4,None,202,True,1
2026-01-30,10:30:01.716,424.095,427.365,0.765,down,100,4,None,202,True,1
2026-01-30,10:30:01.716,424.095,427.365,0.765,down,100,4,None,202,True,1
2026-01-30,10:30:01.716,424.095,427.365,0.765,down,176,4,None,202,True,1
2026-01-30,10:30:01.716,424.16,427.365,0.75,down,160,4,None,202,True,1
2026-01-30,10:30:01.716,424.095,427.365,0.765,down,199,4,None,202,True,1
2026-01-30,10:30:01.716,424.155,427.365,0.751,down,200,4,None,202,True,1
2026-01-30,10:30:02.250,423.71,427.365,0.855,down,100,4,None,201,True,1
2026-01-30,10:30:01.847,424.4,427.365,0.694,down,500,4,None,202,True,1
2026-01-30,10:30:01.851,424.305,427.365,0.716,down,182,4,None,202,True,1
2026-01-30,10:30:01.851,424.39,427.365,0.696,down,120,4,None,202,True,1
2026-01-30,10:30:01.863,424.36,427.365,0.703,down,192,4,None,202,True,1
2026-01-30,10:30:01.885,424.275,427.365,0.723,down,120,4,None,202,True,1
2026-01-30,10:30:01.886,424.2312,427.365,0.733,down,100,4,None,202,True,1
2026-01-30,10:30:01.903,424.28,427.365,0.722,down,100,4,None,202,True,1
2026-01-30,10:30:01.922,424.4,427.365,0.694,down,166,4,None,202,True,1
2026-01-30,10:30:01.943,424.352,427.365,0.705,down,100,4,None,202,True,1
2026-01-30,10:30:01.946,424.28,427.365,0.722,down,100,4,None,202,True,1
2026-01-30,10:30:01.983,424.28,427.365,0.722,down,100,4,None,202,True,1
2026-01-30,10:30:02.089,424.215,427.365,0.737,down,100,4,None,202,True,1
2026-01-30,10:30:02.098,424.145,427.365,0.753,down,194,4,None,202,True,1
2026-01-30,10:30:02.110,424.145,427.365,0.753,down,100,4,None,202,True,1
2026-01-30,10:30:02.153,423.81,427.365,0.832,down,100,4,None,202,True,1
2026-01-30,10:30:02.155,423.75,427.365,0.846,down,200,4,None,202,True,1
2026-01-30,10:30:02.535,423.7,427.365,0.858,down,301,4,None,201,True,1
2026-01-30,10:30:02.274,423.67,427.365,0.865,down,100,4,None,202,True,1
2026-01-30,10:30:01.965,424.335,427.365,0.709,down,100,4,None,202,True,1
2026-01-30,10:30:02.591,423.79,427.365,0.837,down,194,4,None,202,True,1
2026-01-30,10:30:02.716,423.56,427.365,0.89,down,160,4,None,202,True,1
2026-01-30,10:30:02.717,423.63,427.365,0.874,down,160,4,None,202,True,1
2026-01-30,10:30:02.767,423.66,427.365,0.867,down,100,4,None,202,True,1
2026-01-30,10:30:02.928,423.66,427.365,0.867,down,200,4,None,202,True,1
2026-01-30,10:30:02.955,423.7781,427.365,0.839,down,500,4,None,202,True,1
2026-01-30,10:30:03.004,423.76,427.365,0.844,down,200,4,None,202,True,1
2026-01-30,10:30:03.004,423.76,427.365,0.844,down,200,4,None,202,True,1
2026-01-30,10:30:03.132,423.8,427.365,0.834,down,100,4,None,202,True,1
2026-01-30,10:30:03.933,423.99,427.365,0.79,down,107,4,None,203,True,1
2026-01-30,10:30:01.246,424.9899,427.365,0.556,down,100,4,None,202,True,1
2026-01-30,10:30:01.249,424.825,427.365,0.594,down,322,4,None,202,True,1
2026-01-30,10:30:03.248,423.8834,427.365,0.815,down,200,4,None,202,True,1
2026-01-30,10:30:03.248,423.98,427.365,0.792,down,200,4,None,202,True,1
2026-01-30,10:30:03.258,423.8,427.365,0.834,down,300,4,None,202,True,1
2026-01-30,10:30:03.433,423.865,427.365,0.819,down,100,4,None,202,True,1
2026-01-30,10:30:03.468,423.865,427.365,0.819,down,230,4,None,202,True,1
2026-01-30,10:30:03.477,423.915,427.365,0.807,down,300,4,None,202,True,1
2026-01-30,10:30:03.490,423.96,427.365,0.797,down,200,4,None,202,True,1
2026-01-30,10:30:03.608,424.025,427.365,0.782,down,200,4,None,202,True,1
2026-01-30,10:30:03.646,424.025,427.365,0.782,down,100,4,None,202,True,1
2026-01-30,10:30:03.482,423.9925,427.365,0.789,down,100,4,None,202,True,1
2026-01-30,10:30:02.407,423.78,427.365,0.839,down,532,4,None,202,True,1
2026-01-30,10:30:03.786,424.025,427.365,0.782,down,900,4,None,202,True,1
2026-01-30,10:30:03.919,424.07,427.365,0.771,down,100,4,None,202,True,1
2026-01-30,10:30:04.049,424.3899,427.365,0.696,down,254,4,None,202,True,1
2026-01-30,10:30:04.754,424.61,427.365,0.645,down,200,4,None,201,True,1
2026-01-30,10:30:04.212,424.295,427.365,0.718,down,160,4,None,202,True,1
2026-01-30,10:30:04.230,424.39,427.365,0.696,down,100,4,None,202,True,1
2026-01-30,10:30:04.953,424.605,427.365,0.646,down,160,4,None,201,True,1
2026-01-30,10:30:04.428,424.465,427.365,0.679,down,200,4,None,202,True,1
2026-01-30,10:30:04.466,424.5699,427.365,0.654,down,200,4,None,202,True,1
2026-01-30,10:30:04.341,424.38,427.365,0.698,down,100,4,None,202,True,1
2026-01-30,10:30:04.341,424.39,427.365,0.696,down,118,4,None,202,True,1
2026-01-30,10:30:05.036,424.4001,427.365,0.694,down,1900,4,None,201,True,1
2026-01-30,10:30:01.519,424.0001,427.365,0.787,down,584,4,None,202,True,1
2026-01-30,10:30:04.660,424.61,427.365,0.645,down,600,4,None,202,True,1
2026-01-30,10:30:01.904,424.28,427.365,0.722,down,250,4,None,202,True,1
2026-01-30,10:30:01.937,424.3316,427.365,0.71,down,400,4,None,202,True,1
2026-01-30,10:30:05.252,424.47,427.365,0.677,down,100,4,None,201,True,1
2026-01-30,10:30:04.588,424.61,427.365,0.645,down,100,4,None,202,True,1
2026-01-30,10:30:01.937,424.16,427.365,0.75,down,250,4,None,202,True,1
2026-01-30,10:30:04.767,424.61,427.365,0.645,down,100,4,None,202,True,1
2026-01-30,10:30:04.767,424.61,427.365,0.645,down,100,4,None,202,True,1
2026-01-30,10:30:02.058,424.235,427.365,0.732,down,100,4,None,202,True,1
2026-01-30,10:30:04.867,424.615,427.365,0.643,down,100,4,None,202,True,1
2026-01-30,10:30:04.867,424.615,427.365,0.643,down,100,4,None,202,True,1
2026-01-30,10:30:04.867,424.61,427.365,0.645,down,200,4,None,202,True,1
2026-01-30,10:30:04.867,424.61,427.365,0.645,down,200,4,None,202,True,1
2026-01-30,10:30:05.387,424.505,427.365,0.669,down,200,4,None,201,True,1
2026-01-30,10:30:04.870,424.615,427.365,0.643,down,160,4,None,202,True,1
2026-01-30,10:30:04.904,424.615,427.365,0.643,down,160,4,None,202,True,1
2026-01-30,10:30:04.900,424.615,427.365,0.643,down,320,4,None,202,True,1
2026-01-30,10:30:04.906,424.615,427.365,0.643,down,120,4,None,202,True,1
2026-01-30,10:30:04.985,424.605,427.365,0.646,down,200,4,None,202,True,1
2026-01-30,10:30:05.015,424.57,427.365,0.654,down,100,4,None,202,True,1
2026-01-30,10:30:05.015,424.57,427.365,0.654,down,100,4,None,202,True,1
2026-01-30,10:30:05.016,424.475,427.365,0.676,down,120,4,None,202,True,1
2026-01-30,10:30:05.017,424.51,427.365,0.668,down,120,4,None,202,True,1
2026-01-30,10:30:05.018,424.51,427.365,0.668,down,160,4,None,202,True,1
2026-01-30,10:30:04.735,424.61,427.365,0.645,down,100,4,None,202,True,1
2026-01-30,10:30:05.058,424.53,427.365,0.663,down,120,4,None,202,True,1
2026-01-30,10:30:05.098,424.62,427.365,0.642,down,100,4,None,202,True,1
2026-01-30,10:30:05.122,424.555,427.365,0.658,down,250,4,None,202,True,1
2026-01-30,10:30:01.930,424.3999,427.365,0.694,down,6000,4,None,202,True,1
2026-01-30,10:30:05.709,425,427.365,0.553,down,100,4,None,201,True,1
2026-01-30,10:30:05.171,424.44,427.365,0.684,down,400,4,None,202,True,1
2026-01-30,10:30:03.081,423.75,427.365,0.846,down,625,4,None,202,True,1
2026-01-30,10:30:05.286,424.58,427.365,0.652,down,200,4,None,202,True,1
2026-01-30,10:30:05.492,424.4701,427.365,0.677,down,400,4,None,202,True,1
2026-01-30,10:30:05.519,424.63,427.365,0.64,down,400,4,None,202,True,1
2026-01-30,10:30:05.656,424.47,427.365,0.677,down,207,4,None,202,True,1
2026-01-30,10:30:05.657,424.47,427.365,0.677,down,11760,4,None,202,True,1
2026-01-30,10:30:05.972,424.17,427.365,0.748,down,250,4,None,202,True,1
2026-01-30,10:30:05.986,424.17,427.365,0.748,down,200,4,None,202,True,1
2026-01-30,10:30:05.382,424.505,427.365,0.669,down,300,4,None,202,True,1
2026-01-30,10:30:06.048,424.17,427.365,0.748,down,100,4,None,202,True,1
2026-01-30,10:30:06.252,423.7701,427.365,0.841,down,100,4,None,202,True,1
2026-01-30,10:30:05.163,424.555,427.365,0.658,down,350,4,None,202,True,1
2026-01-30,10:30:06.316,423.9,427.365,0.811,down,200,4,None,202,True,1
2026-01-30,10:30:06.333,423.9,427.365,0.811,down,160,4,None,202,True,1
2026-01-30,10:30:06.334,423.9,427.365,0.811,down,320,4,None,202,True,1
2026-01-30,10:30:06.341,423.9,427.365,0.811,down,7760,4,None,202,True,1
2026-01-30,10:30:06.350,423.83,427.365,0.827,down,200,4,None,202,True,1
2026-01-30,10:30:06.362,423.85,427.365,0.822,down,200,4,None,202,True,1
2026-01-30,10:30:06.379,423.855,427.365,0.821,down,200,4,None,202,True,1
2026-01-30,10:30:06.360,423.875,427.365,0.817,down,160,4,None,202,True,1
2026-01-30,10:30:06.360,423.875,427.365,0.817,down,200,4,None,202,True,1
2026-01-30,10:30:04.341,424.39,427.365,0.696,down,273,4,None,202,True,1
2026-01-30,10:30:06.771,423.855,427.365,0.821,down,680,4,None,202,True,1
2026-01-30,10:30:06.793,423.77,427.365,0.841,down,100,4,None,202,True,1
2026-01-30,10:30:06.809,423.855,427.365,0.821,down,200,4,None,202,True,1
2026-01-30,10:30:06.830,423.77,427.365,0.841,down,100,4,None,202,True,1
2026-01-30,10:30:06.833,423.855,427.365,0.821,down,190,4,None,202,True,1
2026-01-30,10:30:06.732,423.8175,427.365,0.83,down,120,4,None,202,True,1
2026-01-30,10:30:07.090,424.3715,427.365,0.7,down,176,4,None,202,True,1
2026-01-30,10:30:06.329,423.9,427.365,0.811,down,100,4,None,202,True,1
2026-01-30,10:30:07.224,424.52,427.365,0.666,down,500,4,None,202,True,1
2026-01-30,10:30:07.331,424.52,427.365,0.666,down,100,4,None,202,True,1
2026-01-30,10:30:07.338,424.385,427.365,0.697,down,3280,4,None,202,True,1
2026-01-30,10:30:07.429,424.4066,427.365,0.692,down,300,4,None,202,True,1
2026-01-30,10:30:07.440,424.3825,427.365,0.698,down,400,4,None,202,True,1
2026-01-30,10:30:07.440,424.385,427.365,0.697,down,100,4,None,202,True,1
2026-01-30,10:30:07.470,424.205,427.365,0.739,down,200,4,None,202,True,1
2026-01-30,10:30:07.493,424.205,427.365,0.739,down,106,4,None,202,True,1
2026-01-30,10:30:07.504,424.205,427.365,0.739,down,294,4,None,202,True,1
2026-01-30,10:30:07.369,424.3575,427.365,0.704,down,120,4,None,202,True,1
2026-01-30,10:30:06.627,423.9399,427.365,0.801,down,760,4,None,202,True,1
2026-01-30,10:30:02.011,424.275,427.365,0.723,down,144,4,None,202,True,1
2026-01-30,10:30:04.402,424.415,427.365,0.69,down,100,4,None,202,True,1
2026-01-30,10:30:05.061,424.53,427.365,0.663,down,120,4,None,202,True,1
2026-01-30,10:30:05.673,424.37,427.365,0.701,down,560,4,None,202,True,1
2026-01-30,10:30:06.238,423.975,427.365,0.793,down,100,4,None,202,True,1
2026-01-30,10:30:07.732,424.1625,427.365,0.749,down,120,4,None,202,True,1
2026-01-30,10:30:08.062,424.13,427.365,0.757,down,102,4,None,201,True,1
2026-01-30,10:30:08.299,424.265,427.365,0.725,down,100,4,None,202,True,1
2026-01-30,10:30:08.415,424.2577,427.365,0.727,down,174,4,None,202,True,1
2026-01-30,10:30:08.565,424.03,427.365,0.78,down,240,4,None,202,True,1
2026-01-30,10:30:08.568,424.03,427.365,0.78,down,120,4,None,202,True,1
2026-01-30,10:30:08.613,424.145,427.365,0.753,down,120,4,None,201,True,1
2026-01-30,10:30:08.678,424.19,427.365,0.743,down,400,4,None,202,True,1
2026-01-30,10:30:08.906,424.85,427.365,0.588,down,100,4,None,202,True,1
2026-01-30,10:30:08.950,425.015,427.365,0.55,down,194,4,None,202,True,1
2026-01-30,10:30:09.004,425.145,427.365,0.519,down,100,4,None,202,True,1
2026-01-30,10:30:09.019,425.145,427.365,0.519,down,100,4,None,202,True,1
2026-01-30,10:30:09.019,425.145,427.365,0.519,down,100,4,None,202,True,1
2026-01-30,10:30:09.029,425.14,427.365,0.521,down,320,4,None,202,True,1
2026-01-30,10:30:09.045,425.14,427.365,0.521,down,100,4,None,202,True,1
2026-01-30,10:30:09.098,424.86,427.365,0.586,down,100,4,None,202,True,1
2026-01-30,10:30:08.949,425,427.365,0.553,down,100,4,None,202,True,1
2026-01-30,10:30:09.170,424.974,427.365,0.559,down,250,4,None,202,True,1
2026-01-30,10:30:04.985,424.605,427.365,0.646,down,120,4,None,202,True,1
2026-01-30,10:30:09.407,425.05,427.365,0.542,down,106,4,None,201,True,1
2026-01-30,10:30:09.363,425.1599,427.365,0.516,down,350,4,None,201,True,1
2026-01-30,10:30:09.616,424.984,427.365,0.557,down,750,4,None,202,True,1
2026-01-30,10:30:09.630,425.16,427.365,0.516,down,123,4,None,202,True,1
2026-01-30,10:30:05.238,424.47,427.365,0.677,down,280,4,None,202,True,1
2026-01-30,10:30:05.320,424.47,427.365,0.677,down,480,4,None,202,True,1
2026-01-30,10:30:05.357,424.47,427.365,0.677,down,280,4,None,202,True,1
2026-01-30,10:30:05.368,424.505,427.365,0.669,down,280,4,None,202,True,1
2026-01-30,10:30:09.935,425.0599,427.365,0.539,down,100,4,None,202,True,1
2026-01-30,10:30:10.041,424.965,427.365,0.562,down,400,4,None,202,True,1
2026-01-30,10:30:10.065,424.965,427.365,0.562,down,100,4,None,202,True,1
2026-01-30,10:30:10.119,425.0699,427.365,0.537,down,300,4,None,202,True,1
2026-01-30,10:30:10.354,424.8701,427.365,0.584,down,160,4,None,202,True,1
2026-01-30,10:30:10.423,424.8714,427.365,0.583,down,100,4,None,202,True,1
2026-01-30,10:30:10.509,424.954,427.365,0.564,down,200,4,None,202,True,1
2026-01-30,10:30:10.531,425.12,427.365,0.525,down,100,4,None,202,True,1
2026-01-30,10:30:10.547,424.87,427.365,0.584,down,125,4,None,202,True,1
2026-01-30,10:30:10.547,424.87,427.365,0.584,down,200,4,None,202,True,1
2026-01-30,10:30:10.550,425.01,427.365,0.551,down,120,4,None,202,True,1
2026-01-30,10:30:10.550,425.01,427.365,0.551,down,160,4,None,202,True,1
2026-01-30,10:30:10.569,425.14,427.365,0.521,down,100,4,None,202,True,1
2026-01-30,10:30:10.584,424.9,427.365,0.577,down,100,4,None,202,True,1
2026-01-30,10:30:10.668,425.01,427.365,0.551,down,400,4,None,202,True,1
2026-01-30,10:30:10.784,425.005,427.365,0.552,down,160,4,None,202,True,1
2026-01-30,10:30:10.784,425.005,427.365,0.552,down,120,4,None,202,True,1
2026-01-30,10:30:10.784,425.005,427.365,0.552,down,120,4,None,202,True,1
2026-01-30,10:30:10.787,425.005,427.365,0.552,down,100,4,None,202,True,1
2026-01-30,10:30:10.787,425,427.365,0.553,down,200,4,None,202,True,1
2026-01-30,10:30:10.795,425.15,427.365,0.518,down,3630,4,None,202,True,1
2026-01-30,10:30:10.859,424.83,427.365,0.593,down,100,4,None,202,True,1
2026-01-30,10:30:10.771,425.005,427.365,0.552,down,100,4,None,202,True,1
2026-01-30,10:30:10.777,425.005,427.365,0.552,down,200,4,None,202,True,1
2026-01-30,10:30:10.784,425.005,427.365,0.552,down,200,4,None,202,True,1
2026-01-30,10:30:10.891,424.5202,427.365,0.666,down,2000,4,None,202,True,1
2026-01-30,10:30:10.953,424.76,427.365,0.61,down,150,4,None,202,True,1
2026-01-30,10:30:10.791,425.12,427.365,0.525,down,100,4,None,202,True,1
2026-01-30,10:30:11.247,424.83,427.365,0.593,down,300,4,None,202,True,1
2026-01-30,10:30:11.257,424.9899,427.365,0.556,down,100,4,None,202,True,1
2026-01-30,10:30:11.292,424.835,427.365,0.592,down,400,4,None,202,True,1
2026-01-30,10:30:13.564,425.22,427.365,0.502,down,500,4,None,202,True,1
2026-01-30,10:30:55.432,429.55,427.365,0.511,up,500,4,None,202,True,8
2026-01-30,10:30:55.433,429.52,427.365,0.504,up,119,4,None,202,True,8
2026-01-30,10:30:55.433,429.505,427.365,0.501,up,129,4,None,202,True,8
2026-01-30,10:30:55.433,429.505,427.365,0.501,up,110,4,None,202,True,8
2026-01-30,10:30:55.434,429.505,427.365,0.501,up,168,4,None,202,True,8
2026-01-30,10:30:55.456,429.505,427.365,0.501,up,120,4,None,202,True,8
2026-01-30,10:30:55.456,429.505,427.365,0.501,up,120,4,None,202,True,8
2026-01-30,10:30:55.456,429.505,427.365,0.501,up,120,4,None,202,True,8
2026-01-30,10:30:55.513,429.505,427.365,0.501,up,1000,4,None,202,True,8
2026-01-30,10:30:55.640,429.505,427.365,0.501,up,100,4,None,202,True,8
2026-01-30,10:30:55.642,429.505,427.365,0.501,up,175,4,None,202,True,8
2026-01-30,10:30:55.650,429.505,427.365,0.501,up,100,4,None,202,True,8
2026-01-30,10:30:55.650,429.5025,427.365,0.5,up,200,4,None,202,True,8
2026-01-30,10:30:55.650,429.505,427.365,0.501,up,100,4,None,202,True,8
2026-01-30,10:30:55.650,429.5025,427.365,0.5,up,200,4,None,202,True,8
2026-01-30,10:30:55.721,429.5582,427.365,0.513,up,190,4,None,202,True,8
2026-01-30,10:30:55.756,429.53,427.365,0.507,up,300,4,None,202,True,8
2026-01-30,10:30:55.772,429.53,427.365,0.507,up,100,4,None,202,True,8
2026-01-30,10:30:55.810,429.53,427.365,0.507,up,100,4,None,202,True,8
2026-01-30,10:30:55.875,429.6299,427.365,0.53,up,600,4,None,202,True,8
2026-01-30,10:30:55.901,429.61,427.365,0.525,up,100,4,None,202,True,8
2026-01-30,10:30:55.958,429.57,427.365,0.516,up,100,4,None,202,True,8
2026-01-30,10:30:55.980,429.575,427.365,0.517,up,100,4,None,202,True,8
2026-01-30,10:30:56.009,429.57,427.365,0.516,up,300,4,None,202,True,8
2026-01-30,10:30:56.025,429.57,427.365,0.516,up,240,4,None,202,True,8
2026-01-30,10:30:56.053,429.5701,427.365,0.516,up,300,4,None,202,True,8
2026-01-30,10:30:56.067,429.57,427.365,0.516,up,120,4,None,202,True,8
2026-01-30,10:30:56.107,429.57,427.365,0.516,up,100,4,None,202,True,8
2026-01-30,10:30:56.193,429.57,427.365,0.516,up,100,4,None,202,True,8
2026-01-30,10:30:56.223,429.5701,427.365,0.516,up,200,4,None,202,True,8
2026-01-30,10:30:56.227,429.57,427.365,0.516,up,100,4,None,202,True,8
2026-01-30,10:30:56.227,429.56,427.365,0.514,up,100,4,None,202,True,8
2026-01-30,10:30:56.227,429.57,427.365,0.516,up,100,4,None,202,True,8
2026-01-30,10:30:56.227,429.56,427.365,0.514,up,100,4,None,202,True,8
2026-01-30,10:30:56.227,429.57,427.365,0.516,up,100,4,None,202,True,8
2026-01-30,10:30:56.227,429.57,427.365,0.516,up,100,4,None,202,True,8
2026-01-30,10:30:56.227,429.57,427.365,0.516,up,100,4,None,202,True,8
2026-01-30,10:30:56.246,429.55,427.365,0.511,up,100,4,None,202,True,8
2026-01-30,10:30:56.246,429.55,427.365,0.511,up,100,4,None,202,True,8
2026-01-30,10:30:56.251,429.52,427.365,0.504,up,100,4,None,202,True,8
2026-01-30,10:30:56.250,429.51,427.365,0.502,up,100,4,None,202,True,8
2026-01-30,10:30:56.251,429.52,427.365,0.504,up,100,4,None,202,True,8
2026-01-30,10:30:56.251,429.52,427.365,0.504,up,200,4,None,202,True,8
2026-01-30,10:30:56.251,429.52,427.365,0.504,up,100,4,None,202,True,8
2026-01-30,10:30:56.251,429.52,427.365,0.504,up,100,4,None,202,True,8
2026-01-30,10:30:56.457,429.565,427.365,0.515,up,100,4,None,202,True,8
2026-01-30,10:30:56.476,429.5869,427.365,0.52,up,250,4,None,201,True,8
2026-01-30,10:30:56.513,429.565,427.365,0.515,up,100,4,None,202,True,8
2026-01-30,10:30:56.535,429.565,427.365,0.515,up,100,4,None,202,True,8
2026-01-30,10:30:56.535,429.565,427.365,0.515,up,200,4,None,202,True,8
2026-01-30,10:30:56.575,429.615,427.365,0.526,up,100,4,None,202,True,8
2026-01-30,10:30:56.576,429.615,427.365,0.526,up,100,4,None,202,True,8
2026-01-30,10:30:56.575,429.57,427.365,0.516,up,100,4,None,202,True,8
2026-01-30,10:30:56.578,429.61,427.365,0.525,up,100,4,None,202,True,8
2026-01-30,10:30:56.579,429.63,427.365,0.53,up,100,4,None,202,True,8
2026-01-30,10:30:56.633,429.5488,427.365,0.511,up,200,4,None,202,True,8
2026-01-30,10:30:56.648,429.595,427.365,0.522,up,100,4,None,202,True,8
2026-01-30,10:30:56.653,429.5525,427.365,0.512,up,100,4,None,202,True,8
2026-01-30,10:30:56.654,429.595,427.365,0.522,up,100,4,None,202,True,8
2026-01-30,10:30:56.654,429.5875,427.365,0.52,up,100,4,None,202,True,8
2026-01-30,10:30:56.654,429.595,427.365,0.522,up,100,4,None,202,True,8
2026-01-30,10:30:56.654,429.595,427.365,0.522,up,100,4,None,202,True,8
2026-01-30,10:30:56.658,429.55,427.365,0.511,up,100,4,None,202,True,8
2026-01-30,10:30:56.672,429.5682,427.365,0.516,up,200,4,None,202,True,8
2026-01-30,10:30:56.585,429.64,427.365,0.532,up,100,4,None,202,True,8
2026-01-30,10:30:56.707,429.55,427.365,0.511,up,100,4,None,202,True,8
2026-01-30,10:30:56.586,429.635,427.365,0.531,up,100,4,None,202,True,8
2026-01-30,10:30:56.654,429.5875,427.365,0.52,up,100,4,None,202,True,8
2026-01-30,10:30:56.910,429.55,427.365,0.511,up,350,4,None,202,True,8
2026-01-30,10:30:56.935,429.5701,427.365,0.516,up,100,4,None,202,True,8
2026-01-30,10:30:57.042,429.55,427.365,0.511,up,109,4,None,202,True,8
2026-01-30,10:30:57.069,429.55,427.365,0.511,up,300,4,None,201,True,8
2026-01-30,10:30:57.104,429.55,427.365,0.511,up,100,4,None,202,True,8
2026-01-30,10:30:57.124,429.55,427.365,0.511,up,100,4,None,202,True,8
2026-01-30,10:31:21.784,426.15,428.3375,0.511,down,100,4,None,202,True,1
2026-01-30,10:31:21.860,426.14,428.3375,0.513,down,700,4,None,202,True,1
2026-01-30,10:31:22.438,426.15,428.3375,0.511,down,200,4,None,202,True,1
2026-01-30,10:31:22.446,426.15,428.3375,0.511,down,200,4,None,202,True,1
2026-01-30,10:31:22.755,426.15,428.3375,0.511,down,100,4,None,202,True,1
2026-01-30,10:31:22.756,426.15,428.3375,0.511,down,100,4,None,202,True,1
2026-01-30,10:31:23.014,426.15,428.3375,0.511,down,100,4,None,202,True,1
2026-01-30,10:31:23.237,426.1501,428.3375,0.511,down,800,4,None,202,True,1
2026-01-30,10:31:23.331,426.152,428.3375,0.51,down,100,4,None,202,True,1
2026-01-30,10:31:23.555,426.16,428.3375,0.508,down,627,4,None,202,True,1
2026-01-30,10:31:23.655,426.1625,428.3375,0.508,down,100,4,None,202,True,1
2026-01-30,10:31:23.753,426.01,428.3375,0.543,down,100,4,None,202,True,1
2026-01-30,10:31:23.755,426,428.3375,0.546,down,121,4,None,202,True,1
2026-01-30,10:31:23.754,425.9115,428.3375,0.566,down,100,4,None,202,True,1
2026-01-30,10:31:23.759,425.82,428.3375,0.588,down,100,4,None,202,True,1
2026-01-30,10:31:23.811,425.71,428.3375,0.613,down,100,4,None,202,True,1
2026-01-30,10:31:23.813,425.8,428.3375,0.592,down,150,4,None,202,True,1
2026-01-30,10:31:23.816,425.71,428.3375,0.613,down,200,4,None,202,True,1
2026-01-30,10:31:23.830,425.71,428.3375,0.613,down,200,4,None,202,True,1
2026-01-30,10:31:23.974,425.61,428.3375,0.637,down,1100,4,None,202,True,1
2026-01-30,10:31:23.975,425.61,428.3375,0.637,down,100,4,None,202,True,1
2026-01-30,10:31:23.981,425.62,428.3375,0.634,down,100,4,None,202,True,1
2026-01-30,10:31:24.023,425.36,428.3375,0.695,down,350,4,None,202,True,1
2026-01-30,10:31:24.045,425.345,428.3375,0.699,down,120,4,None,202,True,1
2026-01-30,10:31:24.123,425.2601,428.3375,0.718,down,148,4,None,202,True,1
2026-01-30,10:31:24.216,425.34,428.3375,0.7,down,200,4,None,202,True,1
2026-01-30,10:31:24.219,425.34,428.3375,0.7,down,598,4,None,202,True,1
2026-01-30,10:31:24.233,425.34,428.3375,0.7,down,202,4,None,202,True,1
2026-01-30,10:31:24.238,425.27,428.3375,0.716,down,103,4,None,202,True,1
2026-01-30,10:31:24.238,425.27,428.3375,0.716,down,133,4,None,202,True,1
2026-01-30,10:31:24.288,425.3021,428.3375,0.709,down,2300,4,None,202,True,1
2026-01-30,10:31:24.384,425.42,428.3375,0.681,down,100,4,None,202,True,1
2026-01-30,10:31:24.414,425.34,428.3375,0.7,down,100,4,None,202,True,1
2026-01-30,10:31:24.423,425.34,428.3375,0.7,down,500,4,None,202,True,1
2026-01-30,10:31:24.428,425.2964,428.3375,0.71,down,100,4,None,202,True,1
2026-01-30,10:31:24.463,425.2601,428.3375,0.718,down,350,4,None,202,True,1
2026-01-30,10:31:24.446,425.2645,428.3375,0.717,down,100,4,None,203,True,1
2026-01-30,10:31:24.520,425.2601,428.3375,0.718,down,489,4,None,202,True,1
2026-01-30,10:31:24.551,425.27,428.3375,0.716,down,100,4,None,202,True,1
2026-01-30,10:31:24.731,425.34,428.3375,0.7,down,100,4,None,202,True,1
2026-01-30,10:31:24.571,425.34,428.3375,0.7,down,100,4,None,202,True,1
2026-01-30,10:31:24.870,425.3058,428.3375,0.708,down,100,4,None,202,True,1
2026-01-30,10:31:24.888,424.95,428.3375,0.791,down,180,4,None,202,True,1
2026-01-30,10:31:24.886,425,428.3375,0.779,down,280,4,None,202,True,1
2026-01-30,10:31:24.896,425.01,428.3375,0.777,down,160,4,None,202,True,1
2026-01-30,10:31:24.896,425.01,428.3375,0.777,down,320,4,None,202,True,1
2026-01-30,10:31:24.987,425.02,428.3375,0.775,down,100,4,None,202,True,1
2026-01-30,10:31:25.021,425.02,428.3375,0.775,down,100,4,None,202,True,1
2026-01-30,10:31:25.065,425.09,428.3375,0.758,down,100,4,None,202,True,1
2026-01-30,10:31:25.218,425.26,428.3375,0.718,down,100,4,None,202,True,1
2026-01-30,10:31:25.257,425.2048,428.3375,0.731,down,1000,4,None,202,True,1
2026-01-30,10:31:25.353,425.145,428.3375,0.745,down,100,4,None,202,True,1
2026-01-30,10:31:25.595,425.0123,428.3375,0.776,down,100,4,None,202,True,1
2026-01-30,10:31:25.605,424.9865,428.3375,0.782,down,588,4,None,202,True,1
2026-01-30,10:31:25.843,425.18,428.3375,0.737,down,120,4,None,202,True,1
2026-01-30,10:31:25.842,425.18,428.3375,0.737,down,120,4,None,202,True,1
2026-01-30,10:31:25.844,425.18,428.3375,0.737,down,120,4,None,202,True,1
2026-01-30,10:31:25.844,425.18,428.3375,0.737,down,120,4,None,202,True,1
2026-01-30,10:31:25.844,425.175,428.3375,0.738,down,160,4,None,202,True,1
2026-01-30,10:31:25.884,425.125,428.3375,0.75,down,450,4,None,202,True,1
2026-01-30,10:31:25.926,425.25,428.3375,0.721,down,150,4,None,202,True,1
2026-01-30,10:31:26.006,425.329,428.3375,0.702,down,250,4,None,202,True,1
2026-01-30,10:31:26.004,425.29,428.3375,0.711,down,200,4,None,201,True,1
2026-01-30,10:31:26.029,425.16,428.3375,0.742,down,200,4,None,202,True,1
2026-01-30,10:31:26.150,425.235,428.3375,0.724,down,500,4,None,202,True,1
2026-01-30,10:31:26.246,425.235,428.3375,0.724,down,100,4,None,202,True,1
2026-01-30,10:31:26.287,425.235,428.3375,0.724,down,250,4,None,202,True,1
2026-01-30,10:31:26.321,425.235,428.3375,0.724,down,1100,4,None,201,True,1
2026-01-30,10:31:26.504,425.32,428.3375,0.704,down,100,4,None,202,True,1
2026-01-30,10:31:26.605,425.235,428.3375,0.724,down,200,4,None,202,True,1
2026-01-30,10:31:26.642,425.1344,428.3375,0.748,down,500,4,None,202,True,1
2026-01-30,10:31:26.699,425.235,428.3375,0.724,down,100,4,None,202,True,1
2026-01-30,10:31:26.743,425.405,428.3375,0.685,down,100,4,None,202,True,1
2026-01-30,10:31:26.744,425.405,428.3375,0.685,down,100,4,None,202,True,1
2026-01-30,10:31:26.745,425.41,428.3375,0.683,down,3467,4,None,202,True,1
2026-01-30,10:31:26.868,425.305,428.3375,0.708,down,300,4,None,202,True,1
2026-01-30,10:31:27.124,425.295,428.3375,0.71,down,300,4,None,202,True,1
2026-01-30,10:31:27.165,425.19,428.3375,0.735,down,200,4,None,202,True,1
2026-01-30,10:31:27.218,425.315,428.3375,0.706,down,300,4,None,202,True,1
2026-01-30,10:31:27.228,425.26,428.3375,0.718,down,250,4,None,202,True,1
2026-01-30,10:31:27.268,425.4199,428.3375,0.681,down,100,4,None,201,True,1
2026-01-30,10:31:27.382,425.265,428.3375,0.717,down,200,4,None,202,True,1
2026-01-30,10:31:27.431,425.1901,428.3375,0.735,down,100,4,None,202,True,1
2026-01-30,10:31:27.482,425.42,428.3375,0.681,down,135,4,None,202,True,1
2026-01-30,10:31:27.554,425.4134,428.3375,0.683,down,100,4,None,202,True,1
2026-01-30,10:31:27.596,425.2866,428.3375,0.712,down,275,4,None,202,True,1
2026-01-30,10:31:27.603,425.39,428.3375,0.688,down,100,4,None,202,True,1
2026-01-30,10:31:27.741,425.4075,428.3375,0.684,down,161,4,None,202,True,1
2026-01-30,10:31:27.898,425.5,428.3375,0.662,down,100,4,None,203,True,1
2026-01-30,10:31:28.117,425.787,428.3375,0.595,down,100,4,None,202,True,1
2026-01-30,10:31:28.262,425.616,428.3375,0.635,down,150,4,None,202,True,1
2026-01-30,10:31:28.491,425.5527,428.3375,0.65,down,125,4,None,202,True,1
2026-01-30,10:31:28.647,425.789,428.3375,0.595,down,1000,4,None,202,True,1
2026-01-30,10:31:28.714,425.625,428.3375,0.633,down,100,4,None,202,True,1
2026-01-30,10:31:28.765,425.585,428.3375,0.643,down,520,4,None,202,True,1
2026-01-30,10:31:28.816,425.585,428.3375,0.643,down,100,4,None,202,True,1
2026-01-30,10:31:28.817,425.585,428.3375,0.643,down,100,4,None,202,True,1
2026-01-30,10:31:28.870,425.71,428.3375,0.613,down,1000,4,None,202,True,1
2026-01-30,10:31:28.908,425.585,428.3375,0.643,down,500,4,None,202,True,1
2026-01-30,10:31:29.143,425.4738,428.3375,0.669,down,100,4,None,202,True,1
2026-01-30,10:31:29.305,425.77,428.3375,0.599,down,100,4,None,202,True,1
2026-01-30,10:31:29.215,425.725,428.3375,0.61,down,100,4,None,202,True,1
2026-01-30,10:31:29.399,425.8315,428.3375,0.585,down,200,4,None,203,True,1
2026-01-30,10:31:29.447,425.9,428.3375,0.569,down,100,4,None,202,True,1
2026-01-30,10:31:29.448,425.89,428.3375,0.571,down,100,4,None,202,True,1
2026-01-30,10:31:29.494,425.77,428.3375,0.599,down,250,4,None,202,True,1
2026-01-30,10:31:29.720,426.085,428.3375,0.526,down,100,4,None,202,True,1
2026-01-30,10:31:29.797,426.16,428.3375,0.508,down,400,4,None,202,True,1
2026-01-30,10:31:29.801,426.05,428.3375,0.534,down,240,4,None,202,True,1
2026-01-30,10:31:29.828,425.9035,428.3375,0.568,down,200,4,None,201,True,1
2026-01-30,10:31:29.858,426.1399,428.3375,0.513,down,500,4,None,202,True,1
2026-01-30,10:31:29.908,426.1399,428.3375,0.513,down,109,4,None,202,True,1
2026-01-30,10:31:29.491,425.885,428.3375,0.573,down,100,4,None,202,True,1
2026-01-30,10:31:29.930,426.11,428.3375,0.52,down,150,4,None,202,True,1
2026-01-30,10:31:30.065,426.11,428.3375,0.52,down,100,4,None,202,True,1
2026-01-30,10:31:30.185,425.9799,428.3375,0.55,down,415,4,None,202,True,1
2026-01-30,10:31:30.330,425.79,428.3375,0.595,down,200,4,None,202,True,1
2026-01-30,10:31:30.344,425.79,428.3375,0.595,down,200,4,None,202,True,1
2026-01-30,10:31:30.388,425.66,428.3375,0.625,down,515,4,None,202,True,1
2026-01-30,10:31:30.408,425.79,428.3375,0.595,down,200,4,None,202,True,1
2026-01-30,10:31:30.478,425.79,428.3375,0.595,down,200,4,None,202,True,1
2026-01-30,10:31:30.534,425.79,428.3375,0.595,down,200,4,None,202,True,1
2026-01-30,10:31:30.596,425.79,428.3375,0.595,down,200,4,None,202,True,1
2026-01-30,10:31:30.621,425.9199,428.3375,0.564,down,1000,4,None,202,True,1
2026-01-30,10:31:30.631,425.79,428.3375,0.595,down,300,4,None,202,True,1
2026-01-30,10:31:30.695,425.6601,428.3375,0.625,down,133,4,None,202,True,1
2026-01-30,10:31:30.499,425.83,428.3375,0.585,down,100,4,None,202,True,1
2026-01-30,10:31:30.829,425.79,428.3375,0.595,down,100,4,None,202,True,1
2026-01-30,10:31:30.833,425.79,428.3375,0.595,down,300,4,None,203,True,1
2026-01-30,10:31:30.996,425.67,428.3375,0.623,down,247,4,None,202,True,1
2026-01-30,10:31:31.036,425.795,428.3375,0.594,down,225,4,None,202,True,1
2026-01-30,10:31:31.050,425.79,428.3375,0.595,down,100,4,None,202,True,1
2026-01-30,10:31:31.055,425.795,428.3375,0.594,down,100,4,None,202,True,1
2026-01-30,10:31:31.055,425.79,428.3375,0.595,down,100,4,None,202,True,1
2026-01-30,10:31:31.050,425.795,428.3375,0.594,down,200,4,None,202,True,1
2026-01-30,10:31:31.054,425.9033,428.3375,0.568,down,200,4,None,203,True,1
2026-01-30,10:31:31.179,425.7431,428.3375,0.606,down,291,4,None,202,True,1
2026-01-30,10:31:31.196,425.7556,428.3375,0.603,down,100,4,None,202,True,1
2026-01-30,10:31:31.414,425.86,428.3375,0.578,down,1000,4,None,202,True,1
2026-01-30,10:31:31.256,425.9199,428.3375,0.564,down,100,4,None,201,True,1
2026-01-30,10:31:31.484,425.99,428.3375,0.548,down,200,4,None,202,True,1
2026-01-30,10:31:31.780,426.055,428.3375,0.533,down,100,4,None,202,True,1
2026-01-30,10:31:31.780,426.11,428.3375,0.52,down,100,4,None,202,True,1
2026-01-30,10:31:31.797,426.05,428.3375,0.534,down,100,4,None,202,True,1
2026-01-30,10:31:31.797,426.06,428.3375,0.532,down,100,4,None,202,True,1
2026-01-30,10:31:31.841,426.025,428.3375,0.54,down,100,4,None,202,True,1
2026-01-30,10:31:31.845,426.025,428.3375,0.54,down,100,4,None,202,True,1
2026-01-30,10:31:31.887,426.0594,428.3375,0.532,down,100,4,None,202,True,1
2026-01-30,10:31:31.935,426.025,428.3375,0.54,down,100,4,None,202,True,1
2026-01-30,10:31:31.963,426.03,428.3375,0.539,down,100,4,None,202,True,1
2026-01-30,10:31:31.969,426.03,428.3375,0.539,down,1000,4,None,202,True,1
2026-01-30,10:31:32.044,426.03,428.3375,0.539,down,400,4,None,202,True,1
2026-01-30,10:31:32.133,426.0698,428.3375,0.529,down,1800,4,None,202,True,1
2026-01-30,10:31:32.413,425.95,428.3375,0.557,down,100,4,None,202,True,1
2026-01-30,10:31:32.413,425.985,428.3375,0.549,down,100,4,None,202,True,1
2026-01-30,10:31:32.413,425.985,428.3375,0.549,down,100,4,None,202,True,1
2026-01-30,10:31:32.413,425.985,428.3375,0.549,down,100,4,None,202,True,1
2026-01-30,10:31:32.413,425.9425,428.3375,0.559,down,100,4,None,202,True,1
2026-01-30,10:31:32.413,425.85,428.3375,0.581,down,200,4,None,202,True,1
2026-01-30,10:31:32.413,425.985,428.3375,0.549,down,100,4,None,202,True,1
2026-01-30,10:31:32.413,425.85,428.3375,0.581,down,200,4,None,202,True,1
2026-01-30,10:31:32.489,425.99,428.3375,0.548,down,100,4,None,202,True,1
2026-01-30,10:31:32.562,425.9182,428.3375,0.565,down,200,4,None,202,True,1
2026-01-30,10:31:32.629,425.975,428.3375,0.552,down,100,4,None,202,True,1
2026-01-30,10:31:32.844,425.97,428.3375,0.553,down,100,4,None,202,True,1
2026-01-30,10:31:32.889,426.06,428.3375,0.532,down,100,4,None,201,True,1
2026-01-30,10:31:32.728,426.12,428.3375,0.518,down,200,4,None,202,True,1
2026-01-30,10:31:33.129,426.0101,428.3375,0.543,down,300,4,None,202,True,1
2026-01-30,10:31:33.160,426.12,428.3375,0.518,down,100,4,None,202,True,1
2026-01-30,10:31:33.261,426.12,428.3375,0.518,down,100,4,None,202,True,1
2026-01-30,10:31:34.046,425.895,428.3375,0.57,down,400,4,None,202,True,1
2026-01-30,10:31:34.073,425.81,428.3375,0.59,down,120,4,None,202,True,1
2026-01-30,10:31:34.199,425.87,428.3375,0.576,down,100,4,None,202,True,1
2026-01-30,10:31:34.306,425.76,428.3375,0.602,down,120,4,None,202,True,1
2026-01-30,10:31:34.395,425.55,428.3375,0.651,down,150,4,None,202,True,1
2026-01-30,10:31:34.419,425.6892,428.3375,0.618,down,100,4,None,202,True,1
2026-01-30,10:31:34.603,425.8124,428.3375,0.59,down,100,4,None,202,True,1
2026-01-30,10:31:34.739,425.745,428.3375,0.605,down,120,4,None,202,True,1
2026-01-30,10:31:34.739,425.745,428.3375,0.605,down,120,4,None,202,True,1
2026-01-30,10:31:34.739,425.745,428.3375,0.605,down,100,4,None,202,True,1
2026-01-30,10:31:34.789,425.9299,428.3375,0.562,down,470,4,None,202,True,1
2026-01-30,10:31:34.913,425.7616,428.3375,0.601,down,700,4,None,202,True,1
2026-01-30,10:31:34.958,425.91,428.3375,0.567,down,100,4,None,202,True,1
2026-01-30,10:31:34.039,425.895,428.3375,0.57,down,100,4,None,202,True,1
2026-01-30,10:31:35.131,425.875,428.3375,0.575,down,100,4,None,202,True,1
2026-01-30,10:31:35.308,426.14,428.3375,0.513,down,100,4,None,202,True,1
2026-01-30,10:31:35.378,425.9148,428.3375,0.566,down,200,4,None,202,True,1
2026-01-30,10:31:34.843,425.93,428.3375,0.562,down,500,4,None,202,True,1
2026-01-30,10:31:35.180,425.87,428.3375,0.576,down,110,4,None,202,True,1
2026-01-30,10:31:34.895,425.704,428.3375,0.615,down,100,4,None,201,True,1
2026-01-30,10:31:36.039,425.83,428.3375,0.585,down,100,4,None,202,True,1
2026-01-30,10:31:36.666,425.6691,428.3375,0.623,down,195,4,None,202,True,1
2026-01-30,10:31:37.043,425.975,428.3375,0.552,down,200,4,None,202,True,1
2026-01-30,10:31:37.071,425.94,428.3375,0.56,down,100,4,None,202,True,1
2026-01-30,10:31:38.536,426.12,428.3375,0.518,down,100,4,None,202,True,1
2026-01-30,10:32:12.958,428.24,426.075,0.508,up,560,4,None,202,True,2
2026-01-30,10:32:13.878,428.2342,426.075,0.507,up,584,4,None,202,True,2
2026-01-30,10:32:14.068,428.2125,426.075,0.502,up,200,4,None,202,True,2
2026-01-30,10:32:14.069,428.2666,426.075,0.514,up,500,4,None,202,True,2
2026-01-30,10:32:14.106,428.2125,426.075,0.502,up,300,4,None,202,True,2
2026-01-30,10:32:14.373,428.25,426.075,0.51,up,301,4,None,202,True,2
2026-01-30,10:32:14.377,428.25,426.075,0.51,up,440,4,None,202,True,2
2026-01-30,10:32:14.377,428.25,426.075,0.51,up,440,4,None,202,True,2
2026-01-30,10:32:14.377,428.25,426.075,0.51,up,125,4,None,202,True,2
2026-01-30,10:32:14.395,428.31,426.075,0.525,up,1355,4,"[14, 41]",202,True,2
2026-01-30,10:30:05.709,425,427.365,0.553,down,100,4,None,201,True,1
2026-02-02,10:30:00.422,421.699,419.4837,0.528,up,133,4,None,202,True,1
2026-02-02,10:30:00.606,421.68,419.4837,0.524,up,500,4,None,201,True,1
2026-02-02,10:30:28.943,417.311,419.4837,0.518,down,200,4,None,202,True,1
2026-02-02,10:30:29.144,417.32,419.4837,0.516,down,100,4,None,202,True,1
2026-02-02,10:30:29.166,417.385,419.4837,0.5,down,100,4,None,202,True,1
2026-02-02,10:30:29.209,417.385,419.4837,0.5,down,400,4,None,202,True,1
2026-02-02,10:30:29.276,417.32,419.4837,0.516,down,336,4,None,202,True,1
2026-02-02,10:30:29.300,417.385,419.4837,0.5,down,100,4,None,202,True,1
2026-02-02,10:30:29.327,417.385,419.4837,0.5,down,200,4,None,202,True,1
2026-02-02,10:30:29.300,417.385,419.4837,0.5,down,100,4,None,201,True,1
2026-02-02,10:30:29.334,417.385,419.4837,0.5,down,200,4,None,202,True,1
2026-02-02,10:30:30.676,417.34,419.4837,0.511,down,641,4,None,202,True,1
2026-02-02,10:30:30.678,417.34,419.4837,0.511,down,359,4,None,202,True,1
2026-02-02,10:30:30.715,417.38,419.4837,0.501,down,100,4,None,202,True,1
2026-02-02,10:30:30.841,417.3801,419.4837,0.501,down,4840,4,None,202,True,1
2026-02-02,10:30:30.891,417.38,419.4837,0.501,down,262,4,None,202,True,1
2026-02-02,10:30:38.168,417.38,419.4837,0.501,down,100,4,None,202,True,1
2026-02-02,10:30:39.000,417.33,419.4837,0.513,down,500,4,None,202,True,1
2026-02-02,10:30:39.000,417.331,419.4837,0.513,down,450,4,None,202,True,1
2026-02-02,10:30:41.002,417.27,419.4837,0.528,down,100,4,None,202,True,1
2026-02-02,10:30:41.170,417.2799,419.4837,0.525,down,100,4,None,202,True,1
2026-02-02,10:30:41.299,417.1801,419.4837,0.549,down,133,4,None,202,True,1
2026-02-02,10:30:41.400,417.21,419.4837,0.542,down,100,4,None,202,True,1
2026-02-02,10:30:41.459,417.28,419.4837,0.525,down,100,4,None,202,True,1
2026-02-02,10:30:41.459,417.275,419.4837,0.527,down,100,4,None,202,True,1
2026-02-02,10:30:41.459,417.28,419.4837,0.525,down,100,4,None,202,True,1
2026-02-02,10:30:41.459,417.28,419.4837,0.525,down,100,4,None,202,True,1
2026-02-02,10:30:41.460,417.28,419.4837,0.525,down,280,4,None,202,True,1
2026-02-02,10:30:41.460,417.28,419.4837,0.525,down,100,4,None,202,True,1
2026-02-02,10:30:41.459,417.28,419.4837,0.525,down,280,4,None,201,True,1
2026-02-02,10:30:41.460,417.27,419.4837,0.528,down,100,4,None,202,True,1
2026-02-02,10:30:41.460,417.28,419.4837,0.525,down,100,4,None,202,True,1
2026-02-02,10:30:41.498,417.21,419.4837,0.542,down,100,4,None,202,True,1
2026-02-02,10:30:41.459,417.28,419.4837,0.525,down,100,4,None,202,True,1
2026-02-02,10:30:41.459,417.275,419.4837,0.527,down,100,4,None,202,True,1
2026-02-02,10:30:42.443,417.268,419.4837,0.528,down,440,4,None,202,True,1
2026-02-02,10:30:42.444,417.21,419.4837,0.542,down,166,4,None,202,True,1
2026-02-02,10:30:42.451,417.325,419.4837,0.515,down,400,4,None,202,True,1
2026-02-02,10:30:42.452,417.24,419.4837,0.535,down,200,4,None,202,True,1
2026-02-02,10:30:42.454,417.24,419.4837,0.535,down,100,4,None,202,True,1
2026-02-02,10:30:42.454,417.21,419.4837,0.542,down,125,4,None,202,True,1
2026-02-02,10:30:42.453,417.24,419.4837,0.535,down,200,4,None,202,True,1
2026-02-02,10:30:42.453,417.21,419.4837,0.542,down,125,4,None,202,True,1
2026-02-02,10:30:42.443,417.21,419.4837,0.542,down,400,4,None,203,True,1
2026-02-02,10:30:42.463,417.22,419.4837,0.54,down,100,4,None,202,True,1
2026-02-02,10:30:42.463,417.21,419.4837,0.542,down,400,4,None,202,True,1
2026-02-02,10:30:42.467,417.21,419.4837,0.542,down,200,4,None,202,True,1
2026-02-02,10:30:42.444,417.22,419.4837,0.54,down,585,4,None,203,True,1
2026-02-02,10:30:42.539,417.3039,419.4837,0.52,down,100,4,None,202,True,1
2026-02-02,10:30:42.576,417.22,419.4837,0.54,down,200,4,None,202,True,1
2026-02-02,10:30:42.595,417.32,419.4837,0.516,down,3995,4,None,202,True,1
2026-02-02,10:30:42.680,417.22,419.4837,0.54,down,200,4,None,202,True,1
2026-02-02,10:30:42.584,417.3292,419.4837,0.514,down,800,4,None,202,True,1
2026-02-02,10:30:43.126,417.2792,419.4837,0.526,down,100,4,None,202,True,1
2026-02-02,10:30:43.317,417.2958,419.4837,0.522,down,687,4,None,202,True,1
2026-02-02,10:30:43.431,417.283,419.4837,0.525,down,100,4,None,202,True,1
2026-02-02,10:30:43.562,417.3541,419.4837,0.508,down,250,4,None,202,True,1
2026-02-02,10:30:43.833,417.305,419.4837,0.519,down,200,4,None,202,True,1
2026-02-02,10:30:44.025,417.305,419.4837,0.519,down,400,4,None,202,True,1
2026-02-02,10:30:44.035,417.2789,419.4837,0.526,down,200,4,None,202,True,1
2026-02-02,10:30:44.367,417.36,419.4837,0.506,down,998,4,None,202,True,1
2026-02-02,10:30:44.985,417.255,419.4837,0.531,down,125,4,None,202,True,1
2026-02-02,10:30:45.140,417.255,419.4837,0.531,down,100,4,None,202,True,1
2026-02-02,10:30:45.340,417.255,419.4837,0.531,down,100,4,None,202,True,1
2026-02-02,10:30:45.547,417.36,419.4837,0.506,down,150,4,None,202,True,1
2026-02-02,10:30:45.555,417.36,419.4837,0.506,down,478,4,None,202,True,1
2026-02-02,10:30:45.947,417.35,419.4837,0.509,down,100,4,None,202,True,1
2026-02-02,10:30:44.855,417.3,419.4837,0.521,down,1000,4,None,202,True,1
2026-02-02,10:30:46.317,417.3801,419.4837,0.501,down,200,4,None,202,True,1
2026-02-02,10:30:46.692,417.38,419.4837,0.501,down,500,4,None,202,True,1
2026-02-02,10:30:46.929,417.385,419.4837,0.5,down,100,4,None,202,True,1
2026-02-02,10:30:47.242,417.3601,419.4837,0.506,down,100,4,None,202,True,1
2026-02-05,10:31:00.661,397.78,395.7634,0.51,up,100,4,None,202,True,1
2026-02-05,10:31:02.679,397.7669,395.7634,0.506,up,200,4,None,202,True,1
2026-02-05,10:31:02.995,397.78,395.7634,0.51,up,200,4,None,202,True,1
2026-02-05,10:31:03.269,397.77,395.7634,0.507,up,100,4,None,202,True,1
2026-02-05,10:31:03.270,397.77,395.7634,0.507,up,240,4,None,202,True,1
2026-02-05,10:31:03.288,397.77,395.7634,0.507,up,250,4,None,202,True,1
2026-02-05,10:31:03.407,397.77,395.7634,0.507,up,161,4,None,202,True,1
2026-02-05,10:31:03.425,397.77,395.7634,0.507,up,203,4,None,202,True,1
2026-02-05,10:31:03.737,398,395.7634,0.565,up,400,4,None,202,True,1
2026-02-05,10:31:03.737,398,395.7634,0.565,up,280,4,None,202,True,1
2026-02-05,10:31:03.738,398,395.7634,0.565,up,650,4,None,202,True,1
2026-02-05,10:31:03.737,398,395.7634,0.565,up,400,4,None,202,True,1
2026-02-05,10:31:03.890,397.935,395.7634,0.549,up,100,4,None,202,True,1
2026-02-05,10:31:04.093,397.895,395.7634,0.539,up,150,4,None,202,True,1
2026-02-05,10:31:04.128,397.94,395.7634,0.55,up,250,4,None,202,True,1
2026-02-05,10:31:04.133,397.945,395.7634,0.551,up,200,4,None,202,True,1
2026-02-05,10:31:04.133,397.94,395.7634,0.55,up,100,4,None,202,True,1
2026-02-05,10:31:04.133,397.94,395.7634,0.55,up,250,4,None,202,True,1
2026-02-05,10:31:04.133,397.94,395.7634,0.55,up,1000,4,None,202,True,1
2026-02-05,10:31:04.133,397.94,395.7634,0.55,up,100,4,None,202,True,1
2026-02-05,10:31:04.133,397.94,395.7634,0.55,up,250,4,None,202,True,1
2026-02-05,10:31:04.133,397.94,395.7634,0.55,up,100,4,None,202,True,1
2026-02-05,10:31:04.133,397.94,395.7634,0.55,up,100,4,None,202,True,1
2026-02-05,10:31:04.133,397.94,395.7634,0.55,up,200,4,None,202,True,1
2026-02-05,10:31:04.135,397.94,395.7634,0.55,up,250,4,None,202,True,1
2026-02-05,10:31:04.361,397.94,395.7634,0.55,up,100,4,None,202,True,1
2026-02-05,10:31:04.477,397.94,395.7634,0.55,up,100,4,None,202,True,1
2026-02-05,10:31:04.558,397.8508,395.7634,0.527,up,200,4,None,202,True,1
2026-02-05,10:31:04.624,397.9,395.7634,0.54,up,100,4,None,202,True,1
2026-02-05,10:32:07.180,393.1812,395.2475,0.523,down,250,4,None,202,False,
2026-02-05,10:32:07.190,393.185,395.2475,0.522,down,120,4,None,202,False,
2026-02-05,10:32:07.282,393.1301,395.2475,0.536,down,113,4,None,202,False,
2026-02-05,10:32:07.301,393.21,395.2475,0.515,down,100,4,None,202,False,
2026-02-05,10:32:07.331,393.0725,395.2475,0.55,down,258,4,None,202,False,
2026-02-05,10:32:07.349,393.2299,395.2475,0.51,down,1800,4,None,202,False,
2026-02-05,10:32:07.360,393.0501,395.2475,0.556,down,200,4,None,202,False,
2026-02-05,10:32:07.362,393.14,395.2475,0.533,down,500,4,None,202,False,
2026-02-05,10:32:07.411,393.21,395.2475,0.515,down,100,4,None,202,False,
2026-02-05,10:32:07.419,393.225,395.2475,0.512,down,160,4,None,202,False,
2026-02-05,10:32:07.426,393.225,395.2475,0.512,down,325,4,None,202,False,
2026-02-05,10:32:07.431,393.25,395.2475,0.505,down,100,4,None,202,False,
2026-02-05,10:32:07.573,393.187,395.2475,0.521,down,400,4,None,202,False,
2026-02-05,10:32:07.583,393.1801,395.2475,0.523,down,300,4,None,202,False,
2026-02-05,10:32:07.572,393.197,395.2475,0.519,down,400,4,None,203,False,
2026-02-05,10:32:07.667,393.23,395.2475,0.51,down,100,4,None,202,False,
2026-02-05,10:32:07.902,393.21,395.2475,0.515,down,120,4,None,202,False,
2026-02-05,10:32:07.719,393.0901,395.2475,0.546,down,100,4,None,201,False,
2026-02-05,10:32:07.947,393.1875,395.2475,0.521,down,225,4,None,201,False,
2026-02-05,10:32:08.037,393.18,395.2475,0.523,down,100,4,None,202,False,
2026-02-05,10:32:08.121,393.2699,395.2475,0.5,down,400,4,None,202,False,
2026-02-05,10:32:08.149,393.09,395.2475,0.546,down,146,4,None,202,False,
2026-02-05,10:32:08.148,393.09,395.2475,0.546,down,397,4,None,201,False,
2026-02-05,10:32:08.149,393.09,395.2475,0.546,down,320,4,None,201,False,
2026-02-05,10:32:08.222,393.09,395.2475,0.546,down,100,4,None,202,False,
2026-02-05,10:32:08.233,393.065,395.2475,0.552,down,170,4,None,202,False,
2026-02-05,10:32:08.330,393.0724,395.2475,0.55,down,300,4,None,202,False,
2026-02-05,10:32:08.538,393.055,395.2475,0.555,down,300,4,None,202,False,
2026-02-05,10:32:08.669,393.04,395.2475,0.559,down,250,4,None,202,False,
2026-02-05,10:32:08.704,393.01,395.2475,0.566,down,100,4,None,202,False,
2026-02-05,10:32:08.768,393.1168,395.2475,0.539,down,200,4,None,202,False,
2026-02-05,10:32:08.905,393.065,395.2475,0.552,down,200,4,None,202,False,
2026-02-05,10:32:08.946,393.01,395.2475,0.566,down,300,4,None,202,False,
2026-02-05,10:32:08.947,393.01,395.2475,0.566,down,180,4,None,202,False,
2026-02-05,10:32:08.974,393.065,395.2475,0.552,down,100,4,None,202,False,
2026-02-05,10:32:08.974,393.11,395.2475,0.541,down,100,4,None,202,False,
2026-02-05,10:32:08.974,393.11,395.2475,0.541,down,100,4,None,202,False,
2026-02-05,10:32:08.981,393.095,395.2475,0.545,down,120,4,None,202,False,
2026-02-05,10:32:08.987,393.0201,395.2475,0.564,down,100,4,None,202,False,
2026-02-05,10:32:09.103,393.042,395.2475,0.558,down,400,4,None,202,False,
2026-02-05,10:32:09.153,393.0101,395.2475,0.566,down,167,4,None,202,False,
2026-02-05,10:32:09.154,393,395.2475,0.569,down,100,4,None,202,False,
2026-02-05,10:32:09.155,393,395.2475,0.569,down,197,4,None,202,False,
2026-02-05,10:32:09.281,393.085,395.2475,0.547,down,100,4,None,202,False,
2026-02-05,10:32:09.436,393,395.2475,0.569,down,125,4,None,202,False,
2026-02-05,10:32:09.618,392.95,395.2475,0.581,down,222,4,None,202,False,
2026-02-05,10:32:09.722,392.976,395.2475,0.575,down,200,4,None,202,False,
2026-02-05,10:32:09.732,392.9506,395.2475,0.581,down,200,4,None,202,False,
2026-02-05,10:32:09.814,392.98,395.2475,0.574,down,300,4,None,202,False,
2026-02-05,10:32:09.866,392.95,395.2475,0.581,down,200,4,None,202,False,
2026-02-05,10:32:09.918,392.93,395.2475,0.586,down,100,4,None,202,False,
2026-02-05,10:32:09.946,392.9799,395.2475,0.574,down,600,4,None,202,False,
2026-02-05,10:32:10.053,392.88,395.2475,0.599,down,240,4,None,202,False,
2026-02-05,10:32:10.054,392.9208,395.2475,0.589,down,240,4,None,202,False,
2026-02-05,10:32:10.084,392.9593,395.2475,0.579,down,325,4,None,202,False,
2026-02-05,10:32:10.185,392.99,395.2475,0.571,down,200,4,None,202,False,
2026-02-05,10:32:10.227,393.0453,395.2475,0.557,down,200,4,None,202,False,
2026-02-05,10:32:10.237,392.93,395.2475,0.586,down,100,4,None,202,False,
2026-02-05,10:32:10.289,392.995,395.2475,0.57,down,100,4,None,202,False,
2026-02-05,10:32:10.289,392.99,395.2475,0.571,down,400,4,None,202,False,
2026-02-05,10:32:10.309,392.89,395.2475,0.596,down,880,4,None,202,False,
2026-02-05,10:32:10.310,392.89,395.2475,0.596,down,120,4,None,202,False,
2026-02-05,10:32:10.409,392.965,395.2475,0.577,down,100,4,None,202,False,
2026-02-05,10:32:10.409,392.98,395.2475,0.574,down,200,4,None,202,False,
2026-02-05,10:32:10.615,393.02,395.2475,0.564,down,200,4,None,202,False,
2026-02-05,10:32:10.796,393.025,395.2475,0.562,down,220,4,None,202,False,
2026-02-05,10:32:10.831,393.025,395.2475,0.562,down,240,4,None,202,False,
2026-02-05,10:32:10.816,393.025,395.2475,0.562,down,250,4,None,202,False,
2026-02-05,10:32:10.168,392.979,395.2475,0.574,down,320,4,None,202,False,
2026-02-05,10:32:10.952,392.9663,395.2475,0.577,down,120,4,None,202,False,
2026-02-05,10:32:11.008,392.9547,395.2475,0.58,down,300,4,None,202,False,
2026-02-05,10:32:11.062,392.9678,395.2475,0.577,down,100,4,None,202,False,
2026-02-05,10:32:11.175,393.04,395.2475,0.559,down,200,4,None,202,False,
2026-02-05,10:32:11.234,392.9701,395.2475,0.576,down,200,4,None,202,False,
2026-02-05,10:32:11.103,393.025,395.2475,0.562,down,100,4,None,202,False,
2026-02-05,10:32:11.445,393.02,395.2475,0.564,down,100,4,None,202,False,
2026-02-05,10:32:11.559,393,395.2475,0.569,down,500,4,None,202,False,
2026-02-05,10:32:11.565,393.02,395.2475,0.564,down,120,4,None,202,False,
2026-02-05,10:32:11.565,393.02,395.2475,0.564,down,160,4,None,202,False,
2026-02-05,10:32:11.579,393.01,395.2475,0.566,down,160,4,None,202,False,
2026-02-05,10:32:11.614,392.9594,395.2475,0.579,down,100,4,None,202,False,
2026-02-05,10:32:11.714,393.01,395.2475,0.566,down,100,4,None,202,False,
2026-02-05,10:32:11.786,392.96,395.2475,0.579,down,150,4,None,202,False,
2026-02-05,10:32:11.892,392.9707,395.2475,0.576,down,400,4,None,202,False,
2026-02-05,10:32:11.909,392.959,395.2475,0.579,down,100,4,None,202,False,
2026-02-05,10:32:10.863,393.0416,395.2475,0.558,down,125,4,None,202,False,
2026-02-05,10:32:12.022,392.95,395.2475,0.581,down,158,4,None,202,False,
2026-02-05,10:32:12.022,392.9501,395.2475,0.581,down,158,4,None,202,False,
2026-02-05,10:32:12.130,392.99,395.2475,0.571,down,200,4,None,202,False,
2026-02-05,10:32:12.265,393.0188,395.2475,0.564,down,111,4,None,201,False,
2026-02-05,10:32:12.292,393.05,395.2475,0.556,down,250,4,None,202,False,
2026-02-05,10:32:12.345,393.05,395.2475,0.556,down,250,4,None,202,False,
2026-02-05,10:32:12.436,393.055,395.2475,0.555,down,200,4,None,202,False,
2026-02-05,10:32:12.238,393.05,395.2475,0.556,down,200,4,None,202,False,
2026-02-05,10:32:12.590,393.0147,395.2475,0.565,down,245,4,None,202,False,
2026-02-05,10:32:12.630,393.055,395.2475,0.555,down,250,4,None,202,False,
2026-02-05,10:32:12.653,393.1,395.2475,0.543,down,100,4,None,202,False,
2026-02-05,10:32:12.628,393.055,395.2475,0.555,down,160,4,None,202,False,
2026-02-05,10:32:12.683,393.055,395.2475,0.555,down,250,4,None,202,False,
2026-02-05,10:32:12.577,393.055,395.2475,0.555,down,250,4,None,202,False,
2026-02-05,10:32:12.683,393.17,395.2475,0.526,down,120,4,None,202,False,
2026-02-05,10:32:12.716,392.9721,395.2475,0.576,down,1000,4,None,202,False,
2026-02-05,10:32:12.734,393.055,395.2475,0.555,down,250,4,None,202,False,
2026-02-05,10:32:12.782,393.055,395.2475,0.555,down,119,4,None,202,False,
2026-02-05,10:32:12.832,393.0262,395.2475,0.562,down,300,4,None,202,False,
2026-02-05,10:32:12.886,393.2348,395.2475,0.509,down,400,4,None,202,False,
2026-02-05,10:32:12.808,393.055,395.2475,0.555,down,250,4,None,202,False,
2026-02-05,10:32:13.270,393.2319,395.2475,0.51,down,450,4,None,202,False,
2026-02-05,10:32:13.360,393.24,395.2475,0.508,down,500,4,None,202,False,
2026-02-05,10:32:13.633,393.24,395.2475,0.508,down,100,4,None,202,False,
2026-02-05,10:32:13.638,393.26,395.2475,0.503,down,160,4,None,202,False,
2026-02-05,10:32:13.638,393.255,395.2475,0.504,down,200,4,None,202,False,
2026-02-05,10:32:13.640,393.2425,395.2475,0.507,down,144,4,None,202,False,
2026-02-05,10:32:13.644,393.06,395.2475,0.553,down,2462,4,None,202,False,
2026-02-05,10:32:13.638,393.26,395.2475,0.503,down,160,4,None,202,False,
2026-02-05,10:32:13.694,393.27,395.2475,0.5,down,100,4,None,202,False,
2026-02-05,10:32:13.707,393.17,395.2475,0.526,down,170,4,None,202,False,
2026-02-05,10:32:13.709,393.17,395.2475,0.526,down,100,4,None,201,False,
2026-02-05,10:32:13.818,393.1722,395.2475,0.525,down,500,4,None,202,False,
2026-02-05,10:32:13.966,393.18,395.2475,0.523,down,440,4,None,202,False,
2026-02-05,10:32:13.967,393.17,395.2475,0.526,down,200,4,None,202,False,
2026-02-05,10:32:14.030,393.1701,395.2475,0.526,down,100,4,None,202,False,
2026-02-05,10:32:14.057,393.18,395.2475,0.523,down,120,4,None,202,False,
2026-02-05,10:32:14.170,393.212,395.2475,0.515,down,100,4,None,202,False,
2026-02-05,10:32:14.442,393.1738,395.2475,0.525,down,100,4,None,202,False,
2026-02-05,10:32:14.522,393,395.2475,0.569,down,5777,4,None,202,False,
2026-02-05,10:32:14.549,393.0606,395.2475,0.553,down,100,4,None,202,False,
2026-02-05,10:32:14.586,393.037,395.2475,0.559,down,106,4,None,202,False,
2026-02-05,10:32:15.044,393.235,395.2475,0.509,down,400,4,None,202,False,
2026-02-05,10:32:15.082,393.215,395.2475,0.514,down,250,4,None,202,False,
2026-02-05,10:32:14.957,393.23,395.2475,0.51,down,250,4,None,202,False,
2026-02-05,10:32:15.191,393.215,395.2475,0.514,down,100,4,None,202,False,
2026-02-05,10:32:15.194,393.1016,395.2475,0.543,down,120,4,None,202,False,
2026-02-05,10:32:15.228,393.1038,395.2475,0.542,down,100,4,None,202,False,
2026-02-05,10:32:15.031,393.235,395.2475,0.509,down,250,4,None,202,False,
2026-02-05,10:32:15.258,393.215,395.2475,0.514,down,100,4,None,202,False,
2026-02-05,10:32:15.343,393.215,395.2475,0.514,down,100,4,None,202,False,
2026-02-05,10:32:15.367,393.27,395.2475,0.5,down,200,4,None,202,False,
2026-02-05,10:32:15.437,393.0917,395.2475,0.545,down,599,4,None,202,False,
2026-02-05,10:32:15.589,393.19,395.2475,0.521,down,120,4,None,201,False,
2026-02-05,10:32:15.481,393.2,395.2475,0.518,down,120,4,None,202,False,
2026-02-05,10:32:15.689,393.1293,395.2475,0.536,down,1500,4,None,202,False,
2026-02-05,10:32:15.701,393.265,395.2475,0.502,down,120,4,None,201,False,
2026-02-05,10:32:15.586,393.19,395.2475,0.521,down,250,4,None,202,False,
2026-02-05,10:32:15.693,393.245,395.2475,0.507,down,250,4,None,202,False,
2026-02-05,10:32:15.823,393.24,395.2475,0.508,down,160,4,None,202,False,
2026-02-05,10:32:16.044,393.1001,395.2475,0.543,down,120,4,None,202,False,
2026-02-05,10:32:16.069,393.1,395.2475,0.543,down,410,4,None,202,False,
2026-02-05,10:32:15.999,393.22,395.2475,0.513,down,4000,4,None,202,False,
2026-02-05,10:32:16.268,393.268,395.2475,0.501,down,100,4,None,202,False,
2026-02-05,10:32:16.282,393.1,395.2475,0.543,down,125,4,None,202,False,
2026-02-05,10:32:16.447,393.25,395.2475,0.505,down,240,4,None,202,False,
2026-02-05,10:32:16.593,393.26,395.2475,0.503,down,120,4,None,202,False,
2026-02-05,10:32:16.614,393.16,395.2475,0.528,down,313,4,None,202,False,
2026-02-05,10:32:16.787,393.2,395.2475,0.518,down,898,4,None,202,False,
2026-02-05,10:32:21.330,393.1614,395.2475,0.528,down,100,4,None,202,False,
2026-02-05,10:32:21.573,393.11,395.2475,0.541,down,200,4,None,203,False,
2026-02-05,10:32:21.601,393.195,395.2475,0.519,down,200,4,None,202,False,
2026-02-05,10:32:21.681,393,395.2475,0.569,down,200,4,None,202,False,
2026-02-05,10:32:21.681,393,395.2475,0.569,down,100,4,None,202,False,
2026-02-05,10:32:21.682,393.0017,395.2475,0.568,down,765,4,None,202,False,
2026-02-05,10:32:21.603,393.195,395.2475,0.519,down,500,4,None,202,False,
2026-02-05,10:32:21.739,393.07,395.2475,0.551,down,200,4,None,202,False,
2026-02-05,10:32:21.784,393.03,395.2475,0.561,down,600,4,None,202,False,
2026-02-05,10:32:21.784,393.02,395.2475,0.564,down,120,4,None,203,False,
2026-02-05,10:32:22.581,393.19,395.2475,0.521,down,251,4,None,202,False,
2026-02-05,10:32:22.583,393.19,395.2475,0.521,down,149,4,None,202,False,
2026-02-05,10:32:22.581,393.21,395.2475,0.515,down,250,4,None,203,False,
2026-02-05,10:32:22.701,393.245,395.2475,0.507,down,640,4,None,202,False,
2026-02-05,10:32:22.860,393.19,395.2475,0.521,down,300,4,None,202,False,
2026-02-05,10:32:23.039,393.1557,395.2475,0.529,down,200,4,None,202,False,
2026-02-05,10:32:23.119,393.1055,395.2475,0.542,down,181,4,None,202,False,
2026-02-05,10:32:23.342,393.1001,395.2475,0.543,down,120,4,None,202,False,
2026-02-05,10:32:22.714,393.2375,395.2475,0.509,down,200,4,None,202,False,
2026-02-05,10:32:23.297,393.225,395.2475,0.512,down,250,4,None,202,False,
2026-02-05,10:32:23.294,393.225,395.2475,0.512,down,100,4,None,202,False,
2026-02-05,10:32:23.683,393.225,395.2475,0.512,down,226,4,None,202,False,
2026-02-05,10:32:23.683,393.225,395.2475,0.512,down,120,4,None,203,False,
2026-02-06,10:32:05.731,398.25,400.3368,0.521,down,100,4,None,202,True,10
2026-02-06,10:32:05.786,398.2301,400.3368,0.526,down,233,4,None,202,True,10
2026-02-06,10:32:05.789,398.295,400.3368,0.51,down,100,4,None,203,True,10
2026-02-06,10:32:05.972,398.29,400.3368,0.511,down,278,4,None,202,True,10
2026-02-06,10:32:06.029,398.29,400.3368,0.511,down,100,4,None,202,True,10
2026-02-06,10:32:06.052,398.29,400.3368,0.511,down,100,4,None,202,True,10
2026-02-06,10:32:06.069,398.2613,400.3368,0.518,down,125,4,None,202,True,10
2026-02-06,10:32:06.119,398.2,400.3368,0.534,down,100,4,None,202,True,10
2026-02-06,10:32:05.786,398.295,400.3368,0.51,down,100,4,None,202,True,10
2026-02-06,10:32:06.230,398.0801,400.3368,0.564,down,1000,4,None,202,True,10
2026-02-06,10:32:06.279,398.14,400.3368,0.549,down,150,4,None,202,True,10
2026-02-06,10:32:06.318,398.17,400.3368,0.541,down,100,4,None,202,True,10
2026-02-06,10:32:06.532,398.04,400.3368,0.574,down,100,4,None,203,True,10
2026-02-06,10:32:06.578,398.03,400.3368,0.576,down,150,4,None,202,True,10
2026-02-06,10:32:06.513,398,400.3368,0.584,down,120,4,None,202,True,10
2026-02-06,10:32:06.712,398.015,400.3368,0.58,down,400,4,None,203,True,10
2026-02-06,10:32:06.827,397.95,400.3368,0.596,down,100,4,None,202,True,10
2026-02-06,10:32:06.833,398.06,400.3368,0.569,down,100,4,None,202,True,10
2026-02-06,10:32:06.844,397.95,400.3368,0.596,down,100,4,None,202,True,10
2026-02-06,10:32:06.890,398.0799,400.3368,0.564,down,100,4,None,202,True,10
2026-02-06,10:32:06.957,397.97,400.3368,0.591,down,200,4,None,202,True,10
2026-02-06,10:32:06.959,397.9747,400.3368,0.59,down,200,4,None,202,True,10
2026-02-06,10:32:06.999,397.9759,400.3368,0.59,down,100,4,None,202,True,10
2026-02-06,10:32:07.006,398.01,400.3368,0.581,down,100,4,None,202,True,10
2026-02-06,10:32:07.110,397.97,400.3368,0.591,down,100,4,None,203,True,10
2026-02-06,10:32:07.216,398.01,400.3368,0.581,down,100,4,None,202,True,10
2026-02-06,10:32:06.524,398.085,400.3368,0.562,down,100,4,None,202,True,10
2026-02-06,10:32:06.709,398.015,400.3368,0.58,down,100,4,None,202,True,10
2026-02-06,10:32:07.279,398.01,400.3368,0.581,down,200,4,None,202,True,10
2026-02-06,10:32:07.315,397.99,400.3368,0.586,down,110,4,None,202,True,10
2026-02-06,10:32:07.427,397.94,400.3368,0.599,down,100,4,None,202,True,10
2026-02-06,10:32:07.580,397.9347,400.3368,0.6,down,100,4,None,202,True,10
2026-02-06,10:32:07.624,397.9216,400.3368,0.603,down,400,4,None,202,True,10
2026-02-06,10:32:07.919,397.8401,400.3368,0.624,down,130,4,None,202,True,10
2026-02-06,10:32:07.947,397.8873,400.3368,0.612,down,130,4,None,202,True,10
2026-02-06,10:32:07.963,397.885,400.3368,0.612,down,100,4,None,202,True,10
2026-02-06,10:32:08.154,397.8402,400.3368,0.624,down,160,4,None,202,True,10
2026-02-06,10:32:08.154,397.8402,400.3368,0.624,down,252,4,None,202,True,10
2026-02-06,10:32:08.205,397.885,400.3368,0.612,down,100,4,None,202,True,10
2026-02-06,10:32:08.243,397.93,400.3368,0.601,down,313,4,None,202,True,10
2026-02-06,10:32:08.243,397.9299,400.3368,0.601,down,313,4,None,202,True,10
2026-02-06,10:32:08.246,397.93,400.3368,0.601,down,331,4,None,202,True,10
2026-02-06,10:32:08.246,397.9299,400.3368,0.601,down,331,4,None,202,True,10
2026-02-06,10:32:08.256,397.93,400.3368,0.601,down,100,4,None,202,True,10
2026-02-06,10:32:08.256,397.885,400.3368,0.612,down,400,4,None,202,True,10
2026-02-06,10:32:08.293,397.9812,400.3368,0.588,down,100,4,None,202,True,10
2026-02-06,10:32:08.303,397.978,400.3368,0.589,down,100,4,None,202,True,10
2026-02-06,10:32:08.453,397.92,400.3368,0.604,down,160,4,None,202,True,10
2026-02-06,10:32:08.453,397.92,400.3368,0.604,down,120,4,None,202,True,10
2026-02-06,10:32:08.591,397.87,400.3368,0.616,down,100,4,None,202,True,10
2026-02-06,10:32:08.595,397.921,400.3368,0.603,down,250,4,None,202,True,10
2026-02-06,10:32:08.667,397.8345,400.3368,0.625,down,189,4,None,203,True,10
2026-02-06,10:32:08.692,398,400.3368,0.584,down,176,4,None,202,True,10
2026-02-06,10:32:08.692,397.9999,400.3368,0.584,down,176,4,None,202,True,10
2026-02-06,10:32:08.773,397.9015,400.3368,0.608,down,100,4,None,202,True,10
2026-02-06,10:32:08.967,397.94,400.3368,0.599,down,500,4,None,202,True,10
2026-02-06,10:32:08.993,397.8947,400.3368,0.61,down,300,4,None,202,True,10
2026-02-06,10:32:09.088,397.94,400.3368,0.599,down,100,4,None,202,True,10
2026-02-06,10:32:09.088,397.95,400.3368,0.596,down,100,4,None,202,True,10
2026-02-06,10:32:09.096,397.83,400.3368,0.626,down,500,4,None,202,True,10
2026-02-06,10:32:09.159,397.8903,400.3368,0.611,down,200,4,None,202,True,10
2026-02-06,10:32:09.292,397.83,400.3368,0.626,down,105,4,None,202,True,10
2026-02-06,10:32:09.370,397.8679,400.3368,0.617,down,500,4,None,202,True,10
2026-02-06,10:32:09.615,397.9125,400.3368,0.606,down,100,4,None,202,True,10
2026-02-06,10:32:09.636,397.811,400.3368,0.631,down,161,4,None,202,True,10
2026-02-06,10:32:09.644,397.77,400.3368,0.641,down,100,4,None,202,True,10
2026-02-06,10:32:09.792,397.835,400.3368,0.625,down,300,4,None,202,True,10
2026-02-06,10:32:10.065,397.92,400.3368,0.604,down,120,4,None,202,True,10
2026-02-06,10:32:10.123,397.77,400.3368,0.641,down,100,4,None,202,True,10
2026-02-06,10:32:10.189,397.751,400.3368,0.646,down,278,4,None,201,True,10
2026-02-06,10:32:10.240,397.8188,400.3368,0.629,down,100,4,None,202,True,10
2026-02-06,10:32:10.381,398.03,400.3368,0.576,down,100,4,None,202,True,10
2026-02-06,10:32:10.600,397.945,400.3368,0.597,down,400,4,None,202,True,10
2026-02-06,10:32:10.695,398.0075,400.3368,0.582,down,100,4,None,202,True,10
2026-02-06,10:32:10.772,397.94,400.3368,0.599,down,300,4,None,202,True,10
2026-02-06,10:32:10.780,398.0626,400.3368,0.568,down,100,4,None,201,True,10
2026-02-06,10:32:10.982,397.8701,400.3368,0.616,down,400,4,None,202,True,10
2026-02-06,10:32:11.047,398.08,400.3368,0.564,down,407,4,None,202,True,10
2026-02-06,10:32:11.181,398.1452,400.3368,0.547,down,300,4,None,202,True,10
2026-02-06,10:32:10.589,397.933,400.3368,0.6,down,160,4,None,202,True,10
2026-02-06,10:32:11.240,398.06,400.3368,0.569,down,100,4,None,202,True,10
2026-02-06,10:32:11.360,398.015,400.3368,0.58,down,300,4,None,202,True,10
2026-02-06,10:32:11.449,398.01,400.3368,0.581,down,100,4,None,202,True,10
2026-02-06,10:32:11.583,398.025,400.3368,0.577,down,250,4,None,202,True,10
2026-02-06,10:32:11.750,398.0678,400.3368,0.567,down,250,4,None,202,True,10
2026-02-06,10:32:11.773,398.007,400.3368,0.582,down,100,4,None,202,True,10
2026-02-06,10:32:11.855,398.0681,400.3368,0.567,down,200,4,None,202,True,10
2026-02-06,10:32:11.876,397.9592,400.3368,0.594,down,250,4,None,202,True,10
2026-02-06,10:32:12.055,397.8901,400.3368,0.611,down,200,4,None,202,True,10
2026-02-06,10:32:12.354,397.88,400.3368,0.614,down,100,4,None,202,True,10
2026-02-06,10:32:12.631,397.89,400.3368,0.611,down,100,4,None,202,True,10
2026-02-06,10:32:12.715,397.79,400.3368,0.636,down,100,4,None,202,True,10
2026-02-06,10:32:12.900,397.8387,400.3368,0.624,down,250,4,None,202,True,10
2026-02-06,10:32:12.923,397.85,400.3368,0.621,down,100,4,None,202,True,10
2026-02-06,10:32:12.930,397.93,400.3368,0.601,down,300,4,None,202,True,10
2026-02-06,10:32:12.976,397.9899,400.3368,0.586,down,400,4,None,202,True,10
2026-02-06,10:32:13.400,397.9657,400.3368,0.592,down,100,4,None,203,True,10
2026-02-06,10:32:13.613,397.99,400.3368,0.586,down,100,4,None,202,True,10
2026-02-06,10:32:13.669,397.985,400.3368,0.587,down,100,4,None,202,True,10
2026-02-06,10:32:13.745,398.07,400.3368,0.566,down,200,4,None,202,True,10
2026-02-06,10:32:13.797,397.94,400.3368,0.599,down,175,4,None,202,True,10
2026-02-06,10:32:13.811,397.9463,400.3368,0.597,down,200,4,None,202,True,10
2026-02-06,10:32:13.858,397.97,400.3368,0.591,down,200,4,None,203,True,10
2026-02-06,10:32:13.858,397.99,400.3368,0.586,down,307,4,None,203,True,10
2026-02-06,10:32:13.859,398.01,400.3368,0.581,down,720,4,None,203,True,10
2026-02-06,10:32:13.894,398.02,400.3368,0.579,down,120,4,None,202,True,10
2026-02-06,10:32:13.894,398,400.3368,0.584,down,120,4,None,202,True,10
2026-02-06,10:32:13.954,397.84,400.3368,0.624,down,100,4,None,202,True,10
2026-02-06,10:32:14.297,397.85,400.3368,0.621,down,100,4,None,202,True,10
2026-02-06,10:32:14.312,397.94,400.3368,0.599,down,251,4,None,202,True,10
2026-02-06,10:32:14.485,397.94,400.3368,0.599,down,100,4,None,202,True,10
2026-02-06,10:32:14.323,397.94,400.3368,0.599,down,100,4,None,202,True,10
2026-02-06,10:32:14.721,397.945,400.3368,0.597,down,100,4,None,202,True,10
2026-02-06,10:32:15.078,397.94,400.3368,0.599,down,150,4,None,202,True,10
2026-02-06,10:32:15.674,397.845,400.3368,0.622,down,100,4,None,202,True,10
2026-02-06,10:32:15.917,397.8716,400.3368,0.616,down,200,4,None,202,True,10
2026-02-06,10:32:16.086,397.9939,400.3368,0.585,down,1000,4,None,202,True,10
2026-02-06,10:32:16.473,397.86,400.3368,0.619,down,120,4,None,202,True,10
2026-02-06,10:32:16.520,397.9314,400.3368,0.601,down,100,4,None,202,True,10
2026-02-06,10:32:16.684,397.905,400.3368,0.607,down,100,4,None,202,True,10
2026-02-06,10:32:16.864,397.905,400.3368,0.607,down,200,4,None,202,True,10
2026-02-06,10:32:16.906,397.905,400.3368,0.607,down,200,4,None,202,True,10
2026-02-06,10:32:16.959,397.82,400.3368,0.629,down,1000,4,None,201,True,10
2026-02-06,10:32:17.106,397.82,400.3368,0.629,down,1000,4,None,202,True,10
2026-02-06,10:32:17.264,397.82,400.3368,0.629,down,400,4,None,202,True,10
2026-02-06,10:32:17.342,397.88,400.3368,0.614,down,100,4,None,202,True,10
2026-02-06,10:32:17.941,398.1634,400.3368,0.543,down,100,4,None,202,True,10
2026-02-06,10:32:18.029,398.145,400.3368,0.547,down,350,4,None,202,True,10
2026-02-06,10:32:17.973,398.145,400.3368,0.547,down,180,4,None,202,True,10
2026-02-06,10:32:18.018,398.145,400.3368,0.547,down,100,4,None,202,True,10
2026-02-06,10:32:18.115,398.2,400.3368,0.534,down,100,4,None,202,True,10
2026-02-06,10:32:18.171,398.126,400.3368,0.552,down,300,4,None,202,True,10
2026-02-06,10:32:18.309,398.235,400.3368,0.525,down,200,4,None,202,True,10
2026-02-06,10:32:18.382,398.1401,400.3368,0.549,down,160,4,None,202,True,10
2026-02-06,10:32:18.523,398.2,400.3368,0.534,down,100,4,None,202,True,10
2026-02-06,10:32:18.546,398.1467,400.3368,0.547,down,100,4,None,202,True,10
2026-02-06,10:32:18.628,398,400.3368,0.584,down,338,4,None,202,True,10
2026-02-06,10:32:18.860,398.115,400.3368,0.555,down,300,4,None,202,True,10
2026-02-06,10:32:19.054,398.08,400.3368,0.564,down,100,4,None,202,True,10
2026-02-06,10:32:18.939,398.115,400.3368,0.555,down,200,4,None,202,True,10
2026-02-06,10:32:19.269,398.01,400.3368,0.581,down,100,4,None,202,True,10
2026-02-06,10:32:19.529,398.125,400.3368,0.552,down,100,4,None,202,True,10
2026-02-06,10:32:19.662,398.125,400.3368,0.552,down,200,4,None,202,True,10
2026-02-06,10:32:19.805,398.12,400.3368,0.554,down,100,4,None,202,True,10
2026-02-06,10:32:19.951,398.14,400.3368,0.549,down,200,4,None,202,True,10
2026-02-06,10:32:19.953,398.23,400.3368,0.526,down,100,4,None,202,True,10
2026-02-06,10:32:20.083,398.095,400.3368,0.56,down,100,4,None,202,True,10
2026-02-06,10:32:20.106,398.095,400.3368,0.56,down,100,4,None,202,True,10
2026-02-06,10:32:21.020,398.175,400.3368,0.54,down,200,4,None,202,True,10
2026-02-06,10:32:21.079,398.205,400.3368,0.532,down,200,4,None,202,True,10
2026-02-06,10:32:21.514,398.205,400.3368,0.532,down,105,4,None,202,True,10
2026-02-06,10:32:21.514,398.04,400.3368,0.574,down,105,4,None,202,True,10
2026-02-06,10:32:21.526,398.205,400.3368,0.532,down,1445,4,None,202,True,10
2026-02-06,10:32:22.220,398.13,400.3368,0.551,down,145,4,None,202,True,10
2026-02-06,10:32:22.368,398.1286,400.3368,0.552,down,560,4,None,202,True,10
2026-02-06,10:32:22.861,398.15,400.3368,0.546,down,100,4,None,202,True,10
2026-02-06,10:32:22.970,398.145,400.3368,0.547,down,100,4,None,202,True,10
2026-02-06,10:32:23.889,398.206,400.3368,0.532,down,100,4,None,202,True,10
2026-02-06,10:32:24.305,398.2994,400.3368,0.509,down,200,4,None,202,True,10
2026-02-06,10:32:24.358,398.2959,400.3368,0.51,down,100,4,None,202,True,10
2026-02-06,10:32:24.666,398.23,400.3368,0.526,down,100,4,None,202,True,10
2026-02-06,10:32:24.667,398.21,400.3368,0.531,down,300,4,None,203,True,10
2026-02-06,10:32:24.763,398.09,400.3368,0.561,down,100,4,None,202,True,10
2026-02-06,10:32:24.990,398.13,400.3368,0.551,down,100,4,None,202,True,10
2026-02-06,10:32:25.086,398.13,400.3368,0.551,down,100,4,None,202,True,10
2026-02-06,10:32:25.086,398.13,400.3368,0.551,down,100,4,None,202,True,10
2026-02-06,10:32:25.086,398.13,400.3368,0.551,down,100,4,None,202,True,10
2026-02-06,10:32:25.089,398.273,400.3368,0.516,down,170,4,None,202,True,10
2026-02-06,10:32:25.094,398.273,400.3368,0.516,down,130,4,None,202,True,10
2026-02-06,10:32:25.278,398.27,400.3368,0.516,down,475,4,None,202,True,10
2026-02-06,10:32:33.805,398.26,400.3368,0.519,down,100,4,None,202,True,10
2026-02-06,10:32:34.172,398.225,400.3368,0.527,down,100,4,None,202,True,10
2026-02-06,10:32:34.661,398.28,400.3368,0.514,down,100,4,None,203,True,10
2026-02-06,10:32:34.899,398.19,400.3368,0.536,down,120,4,None,202,True,10
2026-02-06,10:32:35.441,398.01,400.3368,0.581,down,100,4,None,202,True,10
2026-02-06,10:32:35.384,398.19,400.3368,0.536,down,2000,4,None,202,True,10
2026-02-06,10:32:35.523,398.2299,400.3368,0.526,down,250,4,None,202,True,10
2026-02-06,10:32:35.583,398.0871,400.3368,0.562,down,200,4,None,202,True,10
2026-02-06,10:32:35.644,398.12,400.3368,0.554,down,100,4,None,202,True,10
2026-02-06,10:32:35.734,398.1999,400.3368,0.534,down,200,4,None,202,True,10
2026-02-06,10:32:36.021,398.03,400.3368,0.576,down,100,4,None,202,True,10
2026-02-06,10:32:36.079,398.089,400.3368,0.561,down,100,4,None,202,True,10
2026-02-06,10:32:36.395,398.1439,400.3368,0.548,down,100,4,None,202,True,10
2026-02-06,10:32:37.135,398.13,400.3368,0.551,down,200,4,None,202,True,10
2026-02-06,10:32:37.327,398.23,400.3368,0.526,down,200,4,None,202,True,10
2026-02-06,10:32:37.661,398.1955,400.3368,0.535,down,102,4,None,202,True,10
2026-02-06,10:32:37.766,398.165,400.3368,0.542,down,200,4,None,202,True,10
2026-02-06,10:32:37.882,398.1005,400.3368,0.559,down,400,4,None,202,True,10
2026-02-06,10:32:37.851,398.165,400.3368,0.542,down,100,4,None,202,True,10
2026-02-06,10:32:37.905,398.1479,400.3368,0.547,down,100,4,None,202,True,10
2026-02-06,10:32:37.932,398.02,400.3368,0.579,down,100,4,None,202,True,10
2026-02-06,10:32:37.967,398.095,400.3368,0.56,down,100,4,None,202,True,10
2026-02-06,10:32:38.077,398.09,400.3368,0.561,down,100,4,None,202,True,10
2026-02-06,10:32:38.155,398.09,400.3368,0.561,down,100,4,None,202,True,10
2026-02-06,10:32:38.278,398.095,400.3368,0.56,down,200,4,None,202,True,10
2026-02-06,10:32:38.349,398.12,400.3368,0.554,down,200,4,None,202,True,10
2026-02-06,10:32:38.876,398.26,400.3368,0.519,down,200,4,None,202,True,10
2026-02-06,10:32:38.877,398.26,400.3368,0.519,down,100,4,None,202,True,10
2026-02-06,10:32:38.878,398.25,400.3368,0.521,down,100,4,None,202,True,10
2026-02-06,10:32:38.883,398.295,400.3368,0.51,down,100,4,None,202,True,10
2026-02-06,10:32:39.120,398.274,400.3368,0.515,down,100,4,None,202,True,10
2026-02-06,10:32:39.212,398.2301,400.3368,0.526,down,200,4,None,202,True,10
2026-02-06,10:32:40.311,398.23,400.3368,0.526,down,500,4,None,202,True,10
2026-02-06,10:32:40.435,398.225,400.3368,0.527,down,100,4,None,202,True,10
2026-02-06,10:32:40.550,398.225,400.3368,0.527,down,100,4,None,202,True,10
2026-02-06,10:32:40.646,398.23,400.3368,0.526,down,100,4,None,202,True,10
2026-02-06,10:32:40.876,398.23,400.3368,0.526,down,400,4,None,202,True,10
2026-02-06,10:32:41.125,398.235,400.3368,0.525,down,120,4,None,202,True,10
2026-02-06,10:32:41.463,398.28,400.3368,0.514,down,100,4,None,202,True,10
2026-02-06,10:32:42.731,398.3245,400.3368,0.503,down,100,4,None,202,True,10
2026-02-06,10:32:43.063,398.3,400.3368,0.509,down,180,4,None,202,True,10
2026-02-06,10:32:43.258,398.31,400.3368,0.506,down,160,4,None,202,True,10
2026-02-06,10:32:43.327,398.23,400.3368,0.526,down,1400,4,None,202,True,10
2026-02-10,10:30:00.613,417.59,419.6975,0.502,down,200,4,None,202,True,2
2026-02-10,10:30:00.629,417.59,419.6975,0.502,down,100,4,None,202,True,2
2026-02-10,10:30:00.629,417.51,419.6975,0.521,down,109,4,None,202,True,2
2026-02-10,10:30:00.629,417.5,419.6975,0.524,down,400,4,None,202,True,2
2026-02-10,10:30:01.228,417.545,419.6975,0.513,down,245,4,None,202,True,2
2026-02-10,10:30:01.267,417.41,419.6975,0.545,down,140,4,None,202,True,2
2026-02-10,10:30:01.748,417.285,419.6975,0.575,down,300,4,None,201,True,2
2026-02-10,10:30:02.401,417.1927,419.6975,0.597,down,160,4,None,201,True,2
2026-02-10,10:30:02.009,417.3,419.6975,0.571,down,200,4,None,202,True,2
2026-02-10,10:30:02.002,417.24,419.6975,0.586,down,105,4,None,202,True,2
2026-02-10,10:30:02.114,417.2003,419.6975,0.595,down,160,4,None,202,True,2
2026-02-10,10:30:02.213,417.478,419.6975,0.529,down,140,4,None,202,True,2
2026-02-10,10:30:02.683,417.0867,419.6975,0.622,down,200,4,None,202,True,2
2026-02-10,10:30:02.115,417.21,419.6975,0.593,down,705,4,None,202,True,2
2026-02-10,10:30:03.027,417.1914,419.6975,0.597,down,500,4,None,202,True,2
2026-02-10,10:30:03.089,417.08,419.6975,0.624,down,345,4,None,202,True,2
2026-02-10,10:30:03.218,417.13,419.6975,0.612,down,100,4,None,202,True,2
2026-02-10,10:30:00.595,417.55,419.6975,0.512,down,1080,4,None,202,True,2
2026-02-10,10:30:03.627,417.2215,419.6975,0.59,down,100,4,None,202,True,2
2026-02-10,10:30:03.696,417.31,419.6975,0.569,down,169,4,None,202,True,2
2026-02-10,10:30:00.610,417.5,419.6975,0.524,down,680,4,None,202,True,2
2026-02-10,10:30:04.019,417.48,419.6975,0.528,down,100,4,None,202,True,2
2026-02-10,10:30:04.158,417.291,419.6975,0.573,down,200,4,None,202,True,2
2026-02-10,10:30:03.182,417.28,419.6975,0.576,down,300,4,None,202,True,2
2026-02-10,10:30:03.900,417.2401,419.6975,0.586,down,100,4,None,202,True,2
2026-02-10,10:30:02.652,417,419.6975,0.643,down,100,4,None,202,True,2
2026-02-10,10:30:04.466,417.13,419.6975,0.612,down,230,4,None,202,True,2
2026-02-10,10:30:04.482,417.3499,419.6975,0.559,down,500,4,None,202,True,2
2026-02-10,10:30:04.489,417.24,419.6975,0.586,down,100,4,None,202,True,2
2026-02-10,10:30:04.640,417.3811,419.6975,0.552,down,180,4,None,202,True,2
2026-02-10,10:30:04.654,417.4069,419.6975,0.546,down,100,4,None,202,True,2
2026-02-10,10:30:03.949,417.36,419.6975,0.557,down,150,4,None,202,True,2
2026-02-10,10:30:04.144,417.385,419.6975,0.551,down,200,4,None,202,True,2
2026-02-10,10:30:05.045,417.34,419.6975,0.562,down,208,4,None,202,True,2
2026-02-10,10:30:05.052,417.53,419.6975,0.516,down,200,4,None,202,True,2
2026-02-10,10:30:05.004,417.47,419.6975,0.531,down,200,4,None,202,True,2
2026-02-10,10:30:55.486,421.85,419.6975,0.513,up,230,4,None,202,True,1
2026-02-10,10:30:55.549,421.85,419.6975,0.513,up,200,4,None,202,True,1
2026-02-10,10:30:54.990,421.8,419.6975,0.501,up,500,4,None,202,True,1
2026-02-10,10:30:56.362,421.9799,419.6975,0.544,up,474,4,None,202,True,1
2026-02-10,10:30:56.367,421.955,419.6975,0.538,up,320,4,None,202,True,1
2026-02-10,10:30:56.368,421.99,419.6975,0.546,up,1828,4,None,202,True,1
2026-02-10,10:30:56.370,421.977,419.6975,0.543,up,120,4,None,202,True,1
2026-02-10,10:30:56.376,421.8995,419.6975,0.525,up,100,4,None,202,True,1
2026-02-10,10:30:56.410,421.835,419.6975,0.509,up,300,4,None,202,True,1
2026-02-10,10:30:56.432,421.9699,419.6975,0.541,up,200,4,None,202,True,1
2026-02-10,10:30:56.602,421.87,419.6975,0.518,up,100,4,None,202,True,1
2026-02-10,10:30:56.029,421.845,419.6975,0.512,up,125,4,None,202,True,1
2026-02-10,10:30:56.772,421.8599,419.6975,0.515,up,100,4,None,202,True,1
2026-02-10,10:30:57.099,421.7975,419.6975,0.5,up,100,4,None,202,True,1
2026-02-10,10:30:57.099,421.8,419.6975,0.501,up,100,4,None,202,True,1
2026-02-10,10:30:57.532,421.84,419.6975,0.51,up,300,4,None,202,True,1
2026-02-10,10:30:58.040,421.8,419.6975,0.501,up,400,4,None,202,True,1
2026-02-10,10:30:58.213,421.8,419.6975,0.501,up,200,4,None,202,True,1
2026-02-10,10:30:58.299,421.8,419.6975,0.501,up,143,4,None,202,True,1
2026-02-10,14:52:20.414,425.3014,422.6475,0.628,up,153,4,"[10, 22, 41]",202,True,1
2026-02-12,10:30:01.697,429.825,431.9925,0.502,down,100,4,None,202,True,1
2026-02-12,10:30:01.704,429.75,431.9925,0.519,down,100,4,None,202,True,1
2026-02-12,10:30:01.699,429.717,431.9925,0.527,down,110,4,None,202,True,1
2026-02-12,10:31:07.824,431.4149,433.585,0.501,down,250,4,None,202,True,1
2026-02-12,10:31:07.944,431.2968,433.585,0.528,down,125,4,None,202,True,1
2026-02-12,10:31:08.118,431.27,433.585,0.534,down,100,4,None,202,True,1
2026-02-12,10:31:08.223,431.28,433.585,0.532,down,579,4,None,202,True,1
2026-02-12,10:31:08.342,431.405,433.585,0.503,down,300,4,None,202,True,1
2026-02-12,10:31:08.403,431.3,433.585,0.527,down,150,4,None,202,True,1
2026-02-12,10:31:09.201,431.3101,433.585,0.525,down,774,4,None,202,True,1
2026-02-12,10:31:09.720,431.31,433.585,0.525,down,200,4,None,202,True,1
2026-02-12,10:31:10.048,431.31,433.585,0.525,down,100,4,None,202,True,1
2026-02-12,10:31:12.752,431.4101,433.585,0.502,down,100,4,None,202,True,1
2026-02-12,10:31:12.992,431.4099,433.585,0.502,down,1000,4,None,202,True,1
2026-02-12,10:31:12.996,431.36,433.585,0.513,down,100,4,None,202,True,1
2026-02-12,10:31:12.996,431.36,433.585,0.513,down,100,4,None,202,True,1
2026-02-12,10:31:12.996,431.36,433.585,0.513,down,250,4,None,202,True,1
2026-02-12,10:31:12.996,431.365,433.585,0.512,down,250,4,None,202,True,1
2026-02-12,10:31:12.996,431.36,433.585,0.513,down,100,4,None,202,True,1
2026-02-12,10:31:12.996,431.36,433.585,0.513,down,200,4,None,202,True,1
2026-02-12,10:31:12.996,431.36,433.585,0.513,down,239,4,None,202,True,1
2026-02-12,10:31:13.053,431.26,433.585,0.536,down,100,4,None,202,True,1
2026-02-12,10:31:13.054,431.06,433.585,0.582,down,100,4,None,202,True,1
2026-02-12,10:31:13.059,431.06,433.585,0.582,down,150,4,None,202,True,1
2026-02-12,10:31:13.114,431.155,433.585,0.56,down,400,4,None,202,True,1
2026-02-12,10:31:13.510,431.41,433.585,0.502,down,100,4,None,202,True,1
2026-02-12,10:31:14.866,431.41,433.585,0.502,down,200,4,None,202,True,1
2026-02-13,10:30:08.085,412.42,414.5825,0.522,down,175,4,None,202,True,1
2026-02-13,10:30:09.572,412.5001,414.5825,0.502,down,300,4,None,202,True,1
2026-02-13,10:30:09.584,412.5001,414.5825,0.502,down,100,4,None,202,True,1
2026-02-13,10:30:10.302,412.46,414.5825,0.512,down,100,4,None,202,True,1
2026-02-13,10:32:01.709,413.5,415.7175,0.533,down,100,4,None,202,True,1
2026-02-17,10:30:00.999,413.26,410.805,0.598,up,193,4,None,203,True,1
2026-02-17,10:30:00.914,412.88,410.805,0.505,up,114,4,None,202,True,1
2026-02-17,10:30:01.000,413.14,410.805,0.568,up,100,4,None,202,True,1
2026-02-17,10:30:01.076,412.99,410.805,0.532,up,100,4,None,202,True,1
2026-02-17,10:30:01.050,413.1043,410.805,0.56,up,200,4,None,202,True,1
2026-02-17,10:30:01.107,413.1677,410.805,0.575,up,100,4,None,202,True,1
2026-02-17,10:30:01.169,413.1,410.805,0.559,up,120,4,None,202,True,1
2026-02-17,10:30:01.169,413.1,410.805,0.559,up,144,4,None,202,True,1
2026-02-17,10:30:00.895,412.86,410.805,0.5,up,100,4,"[10, 41]",202,True,1
2026-02-17,10:30:01.997,413.11,410.805,0.561,up,182,4,None,203,True,1
2026-02-17,10:30:00.895,412.86,410.805,0.5,up,100,4,"[10, 41]",202,True,1
2026-02-17,10:30:00.895,412.86,410.805,0.5,up,151,4,"[10, 41]",202,True,1
2026-02-17,10:30:00.895,412.86,410.805,0.5,up,100,4,"[10, 41]",202,True,1
2026-02-17,10:30:01.979,413.0549,410.805,0.548,up,290,4,None,202,True,1
2026-02-17,10:30:00.895,412.86,410.805,0.5,up,156,4,"[10, 41]",202,True,1
2026-02-17,10:30:00.895,412.86,410.805,0.5,up,250,4,"[10, 41]",202,True,1
2026-02-17,10:30:02.008,413.15,410.805,0.571,up,440,4,None,202,True,1
2026-02-17,10:30:00.895,412.86,410.805,0.5,up,239,4,"[10, 41]",202,True,1
2026-02-17,10:30:02.409,413.115,410.805,0.562,up,201,4,None,202,True,1
2026-02-17,10:30:00.909,413.07,410.805,0.551,up,101,4,None,202,True,1
2026-02-17,10:30:00.926,412.86,410.805,0.5,up,430,4,None,202,True,1
2026-02-17,10:30:02.533,413.1014,410.805,0.559,up,300,4,None,202,True,1
2026-02-17,10:30:03.356,413.15,410.805,0.571,up,385,4,None,203,True,1
2026-02-17,10:30:02.965,413.375,410.805,0.626,up,245,4,None,202,True,1
2026-02-17,10:30:02.965,413.4,410.805,0.632,up,208,4,None,202,True,1
2026-02-17,10:30:03.110,413.23,410.805,0.59,up,100,4,None,202,True,1
2026-02-17,10:30:03.195,413.35,410.805,0.62,up,100,4,None,202,True,1
2026-02-17,10:30:03.457,413.32,410.805,0.612,up,101,4,None,202,True,1
2026-02-17,10:30:03.531,413.2771,410.805,0.602,up,111,4,None,202,True,1
2026-02-17,10:30:04.464,413.4415,410.805,0.642,up,223,4,None,203,True,1
2026-02-17,10:30:02.002,412.86,410.805,0.5,up,720,4,"[10, 41]",202,True,1
2026-02-17,10:30:03.829,413.42,410.805,0.637,up,174,4,None,202,True,1
2026-02-17,10:30:02.028,412.86,410.805,0.5,up,118,4,"[10, 41]",202,True,1
2026-02-17,10:30:02.029,412.86,410.805,0.5,up,100,4,"[10, 41]",202,True,1
2026-02-17,10:30:02.050,412.86,410.805,0.5,up,142,4,"[10, 41]",202,True,1
2026-02-17,10:30:02.050,412.86,410.805,0.5,up,233,4,"[10, 41]",202,True,1
2026-02-17,10:30:04.457,413.44,410.805,0.641,up,200,4,None,202,True,1
2026-02-17,10:30:04.657,413.455,410.805,0.645,up,135,4,None,202,True,1
2026-02-17,10:30:04.691,413.275,410.805,0.601,up,100,4,None,202,True,1
2026-02-17,10:30:04.691,413.275,410.805,0.601,up,200,4,None,202,True,1
2026-02-17,10:30:04.868,413.2801,410.805,0.602,up,100,4,None,202,True,1
2026-02-17,10:30:05.371,413.514,410.805,0.659,up,124,4,None,202,True,1
2026-02-17,10:30:05.962,413.6559,410.805,0.694,up,100,4,None,202,True,1
2026-02-17,10:30:05.963,413.6,410.805,0.68,up,100,4,None,202,True,1
2026-02-17,10:30:05.977,413.6,410.805,0.68,up,125,4,None,202,True,1
2026-02-17,10:30:06.138,413.5623,410.805,0.671,up,162,4,None,202,True,1
2026-02-17,10:30:03.977,412.86,410.805,0.5,up,112,4,"[10, 41]",202,True,1
2026-02-17,10:30:04.109,412.86,410.805,0.5,up,178,4,"[10, 41]",202,True,1
2026-02-17,10:30:04.129,412.86,410.805,0.5,up,111,4,"[10, 41]",202,True,1
2026-02-17,10:30:04.135,412.86,410.805,0.5,up,150,4,"[10, 41]",202,True,1
2026-02-17,10:30:04.161,413.22,410.805,0.588,up,102,4,None,202,True,1
2026-02-17,10:30:04.162,413.22,410.805,0.588,up,100,4,None,202,True,1
2026-02-17,10:30:04.164,413.22,410.805,0.588,up,100,4,None,202,True,1
2026-02-17,10:30:04.260,412.86,410.805,0.5,up,133,4,"[10, 41]",202,True,1
2026-02-17,10:30:04.273,412.86,410.805,0.5,up,118,4,"[10, 41]",202,True,1
2026-02-17,10:30:04.278,412.86,410.805,0.5,up,120,4,"[10, 41]",202,True,1
2026-02-17,10:30:04.279,412.86,410.805,0.5,up,132,4,"[10, 41]",202,True,1
2026-02-17,10:30:04.286,412.86,410.805,0.5,up,135,4,"[10, 41]",202,True,1
2026-02-17,10:30:07.229,413.58,410.805,0.676,up,200,4,None,201,True,1
2026-02-17,10:30:06.467,413.54,410.805,0.666,up,100,4,None,202,True,1
2026-02-17,10:30:06.518,413.54,410.805,0.666,up,100,4,None,202,True,1
2026-02-17,10:30:06.541,413.3835,410.805,0.628,up,169,4,None,202,True,1
2026-02-17,10:30:06.639,413.5251,410.805,0.662,up,200,4,None,202,True,1
2026-02-17,10:30:00.922,413.1399,410.805,0.568,up,900,4,None,202,True,1
2026-02-17,10:30:00.923,413.1399,410.805,0.568,up,100,4,None,202,True,1
2026-02-17,10:30:05.537,413.6499,410.805,0.693,up,1000,4,None,202,True,1
2026-02-17,10:30:06.660,413.5899,410.805,0.678,up,240,4,None,202,True,1
2026-02-17,10:30:07.384,413.61,410.805,0.683,up,100,4,None,202,True,1
2026-02-17,10:30:07.384,413.58,410.805,0.676,up,100,4,None,202,True,1
2026-02-17,10:30:07.384,413.6551,410.805,0.694,up,100,4,None,202,True,1
2026-02-17,10:30:07.583,413.5288,410.805,0.663,up,100,4,None,202,True,1
2026-02-17,10:30:07.601,413.5799,410.805,0.675,up,150,4,None,202,True,1
2026-02-17,10:30:07.909,413.5138,410.805,0.659,up,400,4,None,202,True,1
2026-02-17,10:30:07.998,413.5002,410.805,0.656,up,100,4,None,202,True,1
2026-02-17,10:30:08.155,413.4625,410.805,0.647,up,100,4,None,202,True,1
2026-02-17,10:30:08.190,413.36,410.805,0.622,up,100,4,None,202,True,1
2026-02-17,10:30:08.243,413.58,410.805,0.676,up,200,4,None,202,True,1
2026-02-17,10:30:08.320,413.4038,410.805,0.633,up,250,4,None,202,True,1
2026-02-17,10:30:08.482,413.52,410.805,0.661,up,240,4,None,202,True,1
2026-02-17,10:30:08.615,413.38,410.805,0.627,up,100,4,None,202,True,1
2026-02-17,10:30:08.615,413.38,410.805,0.627,up,100,4,None,202,True,1
2026-02-17,10:30:08.658,413.2931,410.805,0.606,up,500,4,None,202,True,1
2026-02-17,10:30:08.703,413.4,410.805,0.632,up,100,4,None,202,True,1
2026-02-17,10:30:08.786,413.23,410.805,0.59,up,205,4,None,202,True,1
2026-02-17,10:30:09.413,413.41,410.805,0.634,up,300,4,None,202,True,1
2026-02-17,10:30:09.423,413.13,410.805,0.566,up,100,4,None,202,True,1
2026-02-17,10:30:09.513,413.18,410.805,0.578,up,100,4,None,202,True,1
2026-02-17,10:30:09.513,413.21,410.805,0.585,up,100,4,None,202,True,1
2026-02-17,10:30:09.761,413.3024,410.805,0.608,up,100,4,None,202,True,1
2026-02-17,10:30:09.789,413.3999,410.805,0.632,up,230,4,None,202,True,1
2026-02-17,10:30:10.160,413.5328,410.805,0.664,up,100,4,None,202,True,1
2026-02-17,10:30:10.459,413.35,410.805,0.62,up,125,4,None,202,True,1
2026-02-17,10:30:10.385,413.35,410.805,0.62,up,100,4,None,202,True,1
2026-02-17,10:30:10.429,413.35,410.805,0.62,up,3265,4,None,202,True,1
2026-02-17,10:30:10.569,413.3,410.805,0.607,up,200,4,None,202,True,1
2026-02-17,10:30:10.640,413.16,410.805,0.573,up,100,4,None,202,True,1
2026-02-17,10:30:10.704,413.4,410.805,0.632,up,300,4,None,202,True,1
2026-02-17,10:30:10.727,413.21,410.805,0.585,up,150,4,None,202,True,1
2026-02-17,10:30:11.072,413.355,410.805,0.621,up,140,4,None,203,True,1
2026-02-17,10:30:02.821,413.4471,410.805,0.643,up,157,4,None,202,True,1
2026-02-17,10:30:10.855,413.38,410.805,0.627,up,111,4,None,202,True,1
2026-02-17,10:30:10.875,413.22,410.805,0.588,up,284,4,None,202,True,1
2026-02-17,10:30:10.875,413.5,410.805,0.656,up,284,4,None,202,True,1
2026-02-17,10:30:10.910,413.36,410.805,0.622,up,150,4,None,202,True,1
2026-02-17,10:30:10.946,413.36,410.805,0.622,up,180,4,None,202,True,1
2026-02-17,10:30:10.946,413.36,410.805,0.622,up,120,4,None,202,True,1
2026-02-17,10:30:11.070,413.5,410.805,0.656,up,300,4,None,202,True,1
2026-02-17,10:30:03.637,413.215,410.805,0.587,up,250,4,None,202,True,1
2026-02-17,10:30:11.178,413.355,410.805,0.621,up,100,4,None,202,True,1
2026-02-17,10:30:11.241,413.28,410.805,0.602,up,440,4,None,202,True,1
2026-02-17,10:30:11.265,413.36,410.805,0.622,up,300,4,None,202,True,1
2026-02-17,10:30:03.281,413.195,410.805,0.582,up,100,4,None,202,True,1
2026-02-17,10:30:11.573,413.363,410.805,0.623,up,125,4,None,202,True,1
2026-02-17,10:30:11.646,413.34,410.805,0.617,up,280,4,None,202,True,1
2026-02-17,10:30:05.558,413.7,410.805,0.705,up,360,4,None,202,True,1
2026-02-17,10:30:11.874,413.16,410.805,0.573,up,100,4,None,202,True,1
2026-02-17,10:30:11.990,413.2695,410.805,0.6,up,200,4,None,202,True,1
2026-02-17,10:30:12.024,413.21,410.805,0.585,up,236,4,None,202,True,1
2026-02-17,10:30:12.040,413.3399,410.805,0.617,up,200,4,None,202,True,1
2026-02-17,10:30:12.102,413.0801,410.805,0.554,up,1000,4,None,203,True,1
2026-02-17,10:30:12.282,413.0801,410.805,0.554,up,188,4,None,201,True,1
2026-02-17,10:30:12.569,413.34,410.805,0.617,up,502,4,None,201,True,1
2026-02-17,10:30:12.659,413.22,410.805,0.588,up,100,4,None,202,True,1
2026-02-17,10:30:12.728,413.34,410.805,0.617,up,200,4,None,202,True,1
2026-02-17,10:30:13.038,413.15,410.805,0.571,up,713,4,None,202,True,1
2026-02-17,10:30:13.364,413.41,410.805,0.634,up,200,4,None,202,True,1
2026-02-17,10:30:13.372,413.1501,410.805,0.571,up,100,4,None,202,True,1
2026-02-17,10:30:13.654,413.41,410.805,0.634,up,200,4,None,202,True,1
2026-02-17,10:30:13.731,413.06,410.805,0.549,up,100,4,None,202,True,1
2026-02-17,10:30:13.735,413.0135,410.805,0.538,up,100,4,None,202,True,1
2026-02-17,10:30:13.890,413.4,410.805,0.632,up,300,4,None,202,True,1
2026-02-17,10:30:13.981,413.2432,410.805,0.594,up,100,4,None,202,True,1
2026-02-17,10:30:14.077,413.23,410.805,0.59,up,100,4,None,202,True,1
2026-02-17,10:30:14.320,413.15,410.805,0.571,up,240,4,None,202,True,1
2026-02-17,10:30:13.132,413.28,410.805,0.602,up,200,4,None,202,True,1
2026-02-17,10:30:14.564,413.11,410.805,0.561,up,100,4,None,202,True,1
2026-02-17,10:30:14.639,413.245,410.805,0.594,up,430,4,None,202,True,1
2026-02-17,10:30:14.941,413.1401,410.805,0.568,up,150,4,None,202,True,1
2026-02-17,10:30:13.631,413.4099,410.805,0.634,up,300,4,None,202,True,1
2026-02-17,10:30:13.131,413.28,410.805,0.602,up,200,4,None,202,True,1
2026-02-17,10:30:13.131,413.28,410.805,0.602,up,253,4,None,202,True,1
2026-02-17,10:30:01.983,413.23,410.805,0.59,up,138,4,[32],202,True,1
2026-02-17,10:30:02.394,413.115,410.805,0.562,up,202,4,[32],202,True,1
2026-02-17,10:30:15.595,413.05,410.805,0.546,up,200,4,None,202,True,1
2026-02-17,10:30:15.704,413.1796,410.805,0.578,up,100,4,None,202,True,1
2026-02-17,10:30:13.684,413.28,410.805,0.602,up,100,4,None,202,True,1
2026-02-17,10:30:15.808,412.98,410.805,0.529,up,100,4,None,202,True,1
2026-02-17,10:30:14.990,413.46,410.805,0.646,up,137,4,None,202,True,1
2026-02-17,10:30:14.075,413.23,410.805,0.59,up,100,4,None,202,True,1
2026-02-17,10:30:16.147,413.1799,410.805,0.578,up,500,4,None,202,True,1
2026-02-17,10:30:16.324,413.0968,410.805,0.558,up,100,4,None,202,True,1
2026-02-17,10:30:15.737,412.89,410.805,0.508,up,151,4,None,202,True,1
2026-02-17,10:30:16.436,412.9551,410.805,0.523,up,109,4,None,202,True,1
2026-02-17,10:30:16.583,412.975,410.805,0.528,up,100,4,None,202,True,1
2026-02-17,10:30:16.630,412.99,410.805,0.532,up,150,4,None,202,True,1
2026-02-17,10:30:16.747,412.9995,410.805,0.534,up,702,4,None,202,True,1
2026-02-17,10:30:16.671,412.975,410.805,0.528,up,125,4,None,202,True,1
2026-02-17,10:30:16.718,412.975,410.805,0.528,up,300,4,None,202,True,1
2026-02-17,10:30:07.817,413.495,410.805,0.655,up,120,4,[32],202,True,1
2026-02-17,10:30:08.606,413.495,410.805,0.655,up,300,4,[32],202,True,1
2026-02-17,12:41:35.503,402.02,407.5951,1.368,down,458,4,"[10, 22, 41]",202,True,4
2026-02-18,10:31:12.897,410.14,412.5425,0.582,down,500,4,None,201,True,1
2026-02-18,10:32:05.664,410.14,412.2951,0.523,down,500,4,None,201,True,1
2026-02-18,10:32:32.105,410.2,412.2951,0.508,down,2840,4,None,202,True,1
2026-02-18,10:32:34.091,410.21,412.2951,0.506,down,100,4,None,202,True,1
2026-02-18,10:32:34.482,410.2001,412.2951,0.508,down,650,4,None,202,True,1
2026-02-18,10:32:43.678,410.14,412.2951,0.523,down,100,4,None,201,True,1
2026-02-18,10:32:51.776,410.0919,412.2951,0.534,down,100,4,None,202,True,1
2026-02-18,10:32:51.773,410.15,412.2951,0.52,down,100,4,None,203,True,1
2026-02-18,10:32:51.852,410.0901,412.2951,0.535,down,150,4,None,202,True,1
2026-02-18,10:32:51.884,410.0931,412.2951,0.534,down,190,4,None,202,True,1
2026-02-18,10:32:52.045,410.145,412.2951,0.521,down,100,4,None,202,True,1
2026-02-20,10:30:11.432,405.6501,407.735,0.511,down,100,4,None,202,True,1
2026-02-20,10:30:11.692,405.6652,407.735,0.508,down,150,4,None,202,True,1
2026-02-20,10:30:13.041,405.64,407.735,0.514,down,250,4,None,202,True,1
2026-02-20,10:30:13.376,405.64,407.735,0.514,down,120,4,None,202,True,1
2026-02-20,10:30:13.378,405.6392,407.735,0.514,down,120,4,None,202,True,1
2026-02-20,10:30:13.412,405.5601,407.735,0.533,down,400,4,None,202,True,1
2026-02-20,10:30:13.671,405.5601,407.735,0.533,down,400,4,None,202,True,1
2026-02-20,10:30:14.067,405.55,407.735,0.536,down,280,4,None,202,True,1
2026-02-20,10:30:14.283,405.53,407.735,0.541,down,539,4,None,202,True,1
2026-02-20,10:30:14.312,405.63,407.735,0.516,down,3985,4,None,202,True,1
2026-02-20,10:30:14.425,405.64,407.735,0.514,down,100,4,None,202,True,1
2026-02-20,10:30:14.529,405.6928,407.735,0.501,down,100,4,None,202,True,1
2026-02-20,10:30:14.731,405.685,407.735,0.503,down,250,4,None,202,True,1
2026-02-20,10:30:14.762,405.67,407.735,0.506,down,300,4,None,202,True,1
2026-02-20,10:30:14.845,405.6952,407.735,0.5,down,100,4,None,202,True,1
2026-02-20,10:30:14.903,405.6803,407.735,0.504,down,200,4,None,202,True,1
2026-02-20,10:30:14.920,405.6802,407.735,0.504,down,160,4,None,202,True,1
2026-02-20,10:30:15.008,405.54,407.735,0.538,down,240,4,None,202,True,1
2026-02-20,10:30:15.012,405.551,407.735,0.536,down,1040,4,None,202,True,1
2026-02-20,10:30:15.014,405.53,407.735,0.541,down,1057,4,None,202,True,1
2026-02-20,10:30:15.305,405.63,407.735,0.516,down,100,4,None,202,True,1
2026-02-20,10:30:15.334,405.575,407.735,0.53,down,250,4,None,202,True,1
2026-02-20,10:30:15.007,405.545,407.735,0.537,down,160,4,None,202,True,1
2026-02-20,10:30:15.011,405.555,407.735,0.535,down,400,4,None,202,True,1
2026-02-20,10:30:15.612,405.68,407.735,0.504,down,100,4,None,202,True,1
2026-02-20,10:30:15.690,405.6803,407.735,0.504,down,200,4,None,202,True,1
2026-02-20,10:30:15.899,405.665,407.735,0.508,down,100,4,None,202,True,1
2026-02-20,10:30:16.676,405.65,407.735,0.511,down,100,4,None,202,True,1
2026-02-20,10:30:16.867,405.665,407.735,0.508,down,150,4,None,202,True,1
2026-02-20,10:30:17.070,405.6352,407.735,0.515,down,100,4,None,202,True,1
2026-02-20,10:30:17.175,405.6352,407.735,0.515,down,125,4,None,202,True,1
2026-02-20,10:30:17.554,405.66,407.735,0.509,down,100,4,None,202,True,1
2026-02-20,10:30:17.607,405.6601,407.735,0.509,down,100,4,None,202,True,1
2026-02-20,10:30:18.383,405.6105,407.735,0.521,down,100,4,None,202,True,1
2026-02-20,10:30:18.481,405.66,407.735,0.509,down,100,4,None,202,True,1
2026-02-20,10:30:18.533,405.645,407.735,0.513,down,188,4,None,202,True,1
2026-02-20,10:30:19.133,405.665,407.735,0.508,down,100,4,None,202,True,1
2026-02-20,10:30:19.506,405.69,407.735,0.502,down,100,4,None,202,True,1
2026-02-26,10:30:03.057,416.1,413.91,0.529,up,100,4,None,202,True,9
2026-02-26,10:30:03.057,416.11,413.91,0.532,up,100,4,None,202,True,9
2026-02-26,10:30:03.058,416.075,413.91,0.523,up,150,4,None,202,True,9
2026-02-26,10:30:03.061,416.14,413.91,0.539,up,150,4,None,202,True,9
2026-02-26,10:30:03.173,416.495,413.91,0.625,up,150,4,None,202,False,
2026-02-26,10:30:03.173,416.4925,413.91,0.624,up,150,4,None,202,False,
2026-02-26,10:30:03.173,416.495,413.91,0.625,up,150,4,None,202,False,
2026-02-26,10:30:03.173,416.495,413.91,0.625,up,150,4,None,202,False,
2026-02-26,10:30:03.183,416.44,413.91,0.611,up,402,4,None,202,False,
2026-02-26,10:30:03.184,416.48,413.91,0.621,up,150,4,None,202,False,
2026-02-26,10:30:03.173,416.4925,413.91,0.624,up,150,4,None,202,False,
2026-02-26,10:30:03.214,416.44,413.91,0.611,up,213,4,None,202,False,
2026-02-26,10:30:03.268,416.55,413.91,0.638,up,100,4,None,202,False,
2026-02-26,10:30:03.384,416.4426,413.91,0.612,up,100,4,None,202,False,
2026-02-26,10:30:03.444,416.415,413.91,0.605,up,100,4,None,202,False,
2026-02-26,10:30:03.564,416.415,413.91,0.605,up,150,4,None,202,False,
2026-02-26,10:30:03.596,416.415,413.91,0.605,up,100,4,None,202,False,
2026-02-26,10:30:03.596,416.415,413.91,0.605,up,150,4,None,202,False,
2026-02-26,10:30:03.597,416.415,413.91,0.605,up,100,4,None,202,False,
2026-02-26,10:30:03.613,416.5699,413.91,0.643,up,1000,4,None,202,False,
2026-02-26,10:30:03.596,416.4125,413.91,0.605,up,150,4,None,202,False,
2026-02-26,10:30:03.644,416.505,413.91,0.627,up,150,4,None,202,False,
2026-02-26,10:30:03.658,416.5686,413.91,0.642,up,100,4,None,202,False,
2026-02-26,10:30:03.935,416.6672,413.91,0.666,up,100,4,None,203,False,
2026-02-26,10:30:03.820,416.65,413.91,0.662,up,320,4,None,202,False,
2026-02-26,10:30:03.877,416.555,413.91,0.639,up,300,4,None,202,False,
2026-02-26,10:30:04.149,416.785,413.91,0.695,up,150,4,None,202,False,
2026-02-26,10:30:04.149,416.785,413.91,0.695,up,150,4,None,202,False,
2026-02-26,10:30:04.156,416.6901,413.91,0.672,up,109,4,None,202,False,
2026-02-26,10:30:04.159,416.7425,413.91,0.684,up,150,4,None,202,False,
2026-02-26,10:30:04.159,416.745,413.91,0.685,up,100,4,None,202,False,
2026-02-26,10:30:04.233,416.66,413.91,0.664,up,149,4,None,202,False,
2026-02-26,10:30:04.307,416.665,413.91,0.666,up,100,4,None,202,False,
2026-02-26,10:30:04.308,416.5441,413.91,0.636,up,278,4,None,202,False,
2026-02-26,10:30:04.650,416.68,413.91,0.669,up,130,4,None,202,False,
2026-02-26,10:30:04.654,416.66,413.91,0.664,up,100,4,None,202,False,
2026-02-26,10:30:04.898,416.672,413.91,0.667,up,100,4,None,202,False,
2026-02-26,10:30:04.979,416.7385,413.91,0.683,up,150,4,None,202,False,
2026-02-26,10:30:05.092,416.72,413.91,0.679,up,100,4,None,202,False,
2026-02-26,10:30:05.161,416.44,413.91,0.611,up,100,4,None,202,False,
2026-02-26,10:30:04.263,416.66,413.91,0.664,up,100,4,None,202,False,
2026-02-26,10:30:05.622,416.41,413.91,0.604,up,159,4,None,202,False,
2026-02-26,10:30:05.623,416.41,413.91,0.604,up,119,4,None,202,False,
2026-02-26,10:30:05.625,416.3509,413.91,0.59,up,268,4,None,202,True,9
2026-02-26,10:30:05.641,416.399,413.91,0.601,up,100,4,None,202,False,
2026-02-26,10:30:06.039,416.37,413.91,0.594,up,100,4,None,202,True,9
2026-02-26,10:30:06.058,416.36,413.91,0.592,up,100,4,None,202,True,9
2026-02-26,10:30:06.061,416.37,413.91,0.594,up,160,4,None,202,True,9
2026-02-26,10:30:06.061,416.37,413.91,0.594,up,320,4,None,202,True,9
2026-02-26,10:30:06.061,416.5,413.91,0.626,up,290,4,None,202,False,
2026-02-26,10:30:06.088,416.38,413.91,0.597,up,100,4,None,202,False,
2026-02-26,10:30:06.158,416.4999,413.91,0.626,up,150,4,None,202,False,
2026-02-26,10:30:06.370,416.2601,413.91,0.568,up,500,4,None,202,True,9
2026-02-26,10:30:06.399,416.1424,413.91,0.539,up,100,4,None,202,True,9
2026-02-26,10:30:06.440,416.1598,413.91,0.544,up,131,4,None,202,True,9
2026-02-26,10:30:06.617,416.31,413.91,0.58,up,100,4,None,202,True,9
2026-02-26,10:30:06.617,416.305,413.91,0.579,up,100,4,None,202,True,9
2026-02-26,10:30:06.617,416.29,413.91,0.575,up,100,4,None,202,True,9
2026-02-26,10:30:06.617,416.3,413.91,0.577,up,100,4,None,202,True,9
2026-02-26,10:30:06.626,416.4,413.91,0.602,up,100,4,None,202,False,
2026-02-26,10:30:06.720,416.29,413.91,0.575,up,200,4,None,202,True,9
2026-02-26,10:30:06.725,416.39,413.91,0.599,up,270,4,None,202,False,
2026-02-26,10:30:06.880,416.2901,413.91,0.575,up,100,4,None,202,True,9
2026-02-26,10:30:07.001,416.39,413.91,0.599,up,100,4,None,202,False,
2026-02-26,10:30:07.186,416.22,413.91,0.558,up,100,4,None,202,True,9
2026-02-26,10:30:07.234,416.23,413.91,0.561,up,100,4,None,202,True,9
2026-02-26,10:30:07.275,416.23,413.91,0.561,up,336,4,None,202,True,9
2026-02-26,10:30:07.311,416.23,413.91,0.561,up,200,4,None,202,True,9
2026-02-26,10:30:07.355,416.16,413.91,0.544,up,464,4,None,202,True,9
2026-02-26,10:30:07.369,416.2092,413.91,0.555,up,100,4,None,202,True,9
2026-02-26,10:30:06.002,416.195,413.91,0.552,up,150,4,None,202,True,9
2026-02-26,10:30:04.212,416.522,413.91,0.631,up,1560,4,None,202,False,
2026-02-26,10:30:07.472,416.275,413.91,0.571,up,248,4,None,202,True,9
2026-02-26,10:30:07.544,416.2899,413.91,0.575,up,200,4,None,202,True,9
2026-02-26,10:30:06.977,416.39,413.91,0.599,up,100,4,None,202,False,
2026-02-26,10:30:07.721,416.1569,413.91,0.543,up,100,4,None,202,True,9
2026-02-26,10:30:07.770,416.1261,413.91,0.535,up,180,4,None,201,True,9
2026-02-26,10:30:07.795,416.14,413.91,0.539,up,100,4,None,202,True,9
2026-02-26,10:30:07.810,416.15,413.91,0.541,up,100,4,None,202,True,9
2026-02-26,10:30:07.833,416.2099,413.91,0.556,up,300,4,None,202,True,9
2026-02-26,10:30:07.933,416.15,413.91,0.541,up,100,4,None,201,True,9
2026-02-26,10:30:07.983,416.1894,413.91,0.551,up,7000,4,None,202,True,9
2026-02-26,10:30:08.083,416.0901,413.91,0.527,up,400,4,None,202,True,9
2026-02-26,10:30:08.122,416.32,413.91,0.582,up,100,4,None,202,True,9
2026-02-26,10:30:08.194,416.2753,413.91,0.571,up,285,4,None,202,True,9
2026-02-26,10:30:08.194,416.325,413.91,0.583,up,100,4,None,202,True,9
2026-02-26,10:30:08.218,416.325,413.91,0.583,up,130,4,None,202,True,9
2026-02-26,10:30:08.355,416.4399,413.91,0.611,up,120,4,None,202,False,
2026-02-26,10:30:08.435,416.335,413.91,0.586,up,240,4,None,202,True,9
2026-02-26,10:30:08.450,416.4399,413.91,0.611,up,200,4,None,202,False,
2026-02-26,10:30:08.463,416.335,413.91,0.586,up,200,4,None,202,True,9
2026-02-26,10:30:08.565,416.335,413.91,0.586,up,100,4,None,202,True,9
2026-02-26,10:30:08.640,416.4399,413.91,0.611,up,100,4,None,202,False,
2026-02-26,10:30:08.715,416.43,413.91,0.609,up,200,4,None,202,False,
2026-02-26,10:30:08.721,416.34,413.91,0.587,up,100,4,None,202,True,9
2026-02-26,10:30:08.723,416.44,413.91,0.611,up,111,4,None,202,False,
2026-02-26,10:30:08.866,416.375,413.91,0.596,up,160,4,None,201,True,9
2026-02-26,10:30:08.975,416.31,413.91,0.58,up,100,4,None,202,True,9
2026-02-26,10:30:08.965,416.375,413.91,0.596,up,500,4,None,202,True,9
2026-02-26,10:30:09.420,416.272,413.91,0.571,up,500,4,None,202,True,9
2026-02-26,10:30:09.517,416.3414,413.91,0.587,up,100,4,None,202,True,9
2026-02-26,10:30:09.530,416.37,413.91,0.594,up,100,4,None,202,True,9
2026-02-26,10:30:09.594,416.335,413.91,0.586,up,100,4,None,202,True,9
2026-02-26,10:30:09.595,416.36,413.91,0.592,up,100,4,None,202,True,9
2026-02-26,10:30:09.594,416.36,413.91,0.592,up,940,4,None,202,True,9
2026-02-26,10:30:09.645,416.165,413.91,0.545,up,100,4,None,202,True,9
2026-02-26,10:30:09.711,416.23,413.91,0.561,up,100,4,None,202,True,9
2026-02-26,10:30:09.794,416.24,413.91,0.563,up,100,4,None,202,True,9
2026-02-26,10:30:09.794,416.23,413.91,0.561,up,100,4,None,202,True,9
2026-02-26,10:30:09.794,416.23,413.91,0.561,up,100,4,None,202,True,9
2026-02-26,10:30:09.844,416.34,413.91,0.587,up,100,4,None,202,True,9
2026-02-26,10:30:09.844,416.3,413.91,0.577,up,100,4,None,202,True,9
2026-02-26,10:30:09.938,416.305,413.91,0.579,up,100,4,None,202,True,9
2026-02-26,10:30:09.957,416.305,413.91,0.579,up,400,4,None,202,True,9
2026-02-26,10:30:10.137,416.3999,413.91,0.602,up,500,4,None,202,False,
2026-02-26,10:30:10.364,416.23,413.91,0.561,up,100,4,None,202,True,9
2026-02-26,10:30:10.591,416.225,413.91,0.559,up,120,4,None,202,True,9
2026-02-26,10:30:10.663,416.2986,413.91,0.577,up,160,4,None,202,True,9
2026-02-26,10:30:10.663,416.225,413.91,0.559,up,160,4,None,202,True,9
2026-02-26,10:30:10.668,416.225,413.91,0.559,up,150,4,None,202,True,9
2026-02-26,10:30:10.782,416.19,413.91,0.551,up,126,4,None,202,True,9
2026-02-26,10:30:10.886,416.2,413.91,0.553,up,500,4,None,202,True,9
2026-02-26,10:30:10.946,416.151,413.91,0.541,up,100,4,None,202,True,9
2026-02-26,10:30:10.950,416.1501,413.91,0.541,up,500,4,None,202,True,9
2026-02-26,10:30:10.960,416.1537,413.91,0.542,up,200,4,None,202,True,9
2026-02-26,10:30:10.969,416.2055,413.91,0.555,up,200,4,None,202,True,9
2026-02-26,10:30:11.050,416.265,413.91,0.569,up,194,4,None,202,True,9
2026-02-26,10:30:11.080,416.21,413.91,0.556,up,276,4,None,202,True,9
2026-02-26,10:30:11.143,416.24,413.91,0.563,up,100,4,None,202,True,9
2026-02-26,10:30:11.156,416.275,413.91,0.571,up,200,4,None,202,True,9
2026-02-26,10:30:11.410,416.1155,413.91,0.533,up,100,4,None,202,True,9
2026-02-26,10:30:11.488,416.0557,413.91,0.518,up,300,4,None,202,True,9
2026-02-26,10:30:11.522,416.0961,413.91,0.528,up,180,4,None,202,True,9
2026-02-26,10:30:11.648,416.2499,413.91,0.565,up,300,4,None,202,True,9
2026-02-26,10:30:11.717,416.2085,413.91,0.555,up,456,4,None,202,True,9
2026-02-26,10:30:11.739,416.155,413.91,0.542,up,120,4,None,202,True,9
2026-02-26,10:30:11.778,416.2499,413.91,0.565,up,100,4,None,202,True,9
2026-02-26,10:30:11.861,416.205,413.91,0.554,up,100,4,None,202,True,9
2026-02-26,10:30:11.861,416.205,413.91,0.554,up,100,4,None,202,True,9
2026-02-26,10:30:11.861,416.22,413.91,0.558,up,100,4,None,202,True,9
2026-02-26,10:30:11.861,416.22,413.91,0.558,up,100,4,None,202,True,9
2026-02-26,10:30:11.861,416.22,413.91,0.558,up,100,4,None,202,True,9
2026-02-26,10:30:11.926,416.1201,413.91,0.534,up,121,4,None,202,True,9
2026-02-26,10:30:11.930,416.194,413.91,0.552,up,100,4,None,202,True,9
2026-02-26,10:30:11.978,416.3,413.91,0.577,up,250,4,None,202,True,9
2026-02-26,10:30:12.076,416.06,413.91,0.519,up,150,4,None,202,True,9
2026-02-26,10:30:12.207,415.9984,413.91,0.505,up,275,4,None,202,True,9
2026-02-26,10:30:12.620,416.0426,413.91,0.515,up,400,4,None,202,True,9
2026-02-26,10:30:12.638,416.0003,413.91,0.505,up,300,4,None,202,True,9
2026-02-27,14:16:09.881,403.001,400.099,0.725,up,100,4,"[10, 22, 41]",202,True,1
2026-03-02,11:29:03.040,390.1887,398.4871,2.082,down,700,4,"[10, 22, 41]",202,True,1
2026-03-03,10:30:24.563,392.69,394.8,0.534,down,900,4,None,202,True,4
2026-03-03,10:30:24.630,392.74,394.8,0.522,down,100,4,None,202,True,4
2026-03-03,10:30:24.652,392.63,394.8,0.55,down,131,4,None,202,True,4
2026-03-03,10:30:24.668,392.69,394.8,0.534,down,100,4,None,202,True,4
2026-03-03,10:30:24.699,392.7499,394.8,0.519,down,100,4,None,202,True,4
2026-03-03,10:30:24.835,392.8,394.8,0.507,down,105,4,None,202,True,4
2026-03-03,10:30:25.211,392.635,394.8,0.548,down,100,4,None,202,True,4
2026-03-03,10:30:25.262,392.74,394.8,0.522,down,100,4,None,202,True,4
2026-03-03,10:30:25.038,392.685,394.8,0.536,down,120,4,None,202,True,4
2026-03-03,10:30:26.186,392.8101,394.8,0.504,down,2000,4,None,202,True,4
2026-03-03,10:30:26.725,392.7474,394.8,0.52,down,212,4,None,202,True,4
2026-03-03,10:30:36.692,392.8,394.8,0.507,down,100,4,None,202,True,4
2026-03-03,10:30:36.717,392.8196,394.8,0.502,down,130,4,None,202,True,4
2026-03-04,10:30:02.977,395.6,397.7325,0.536,down,110,4,None,203,True,2
2026-03-04,10:30:03.227,395.1,397.7325,0.662,down,200,4,None,201,True,2
2026-03-04,10:30:02.960,395.55,397.7325,0.549,down,120,4,None,202,True,2
2026-03-04,10:30:02.960,395.6895,397.7325,0.514,down,500,4,None,202,True,2
2026-03-04,10:30:02.972,395.55,397.7325,0.549,down,120,4,None,202,True,2
2026-03-04,10:30:03.009,395.55,397.7325,0.549,down,100,4,None,202,True,2
2026-03-04,10:30:03.046,395.43,397.7325,0.579,down,120,4,None,202,True,2
2026-03-04,10:30:03.070,395.385,397.7325,0.59,down,104,4,None,202,True,2
2026-03-04,10:30:03.074,395.33,397.7325,0.604,down,160,4,None,202,True,2
2026-03-04,10:30:03.117,395.265,397.7325,0.62,down,100,4,None,202,True,2
2026-03-04,10:30:03.123,395.225,397.7325,0.63,down,100,4,None,202,True,2
2026-03-04,10:30:03.125,395.21,397.7325,0.634,down,100,4,None,202,True,2
2026-03-04,10:30:03.125,395.185,397.7325,0.641,down,200,4,None,202,True,2
2026-03-04,10:30:03.126,395.1975,397.7325,0.637,down,100,4,None,202,True,2
2026-03-04,10:30:03.127,395.195,397.7325,0.638,down,100,4,None,202,True,2
2026-03-04,10:30:03.130,395.17,397.7325,0.644,down,217,4,None,202,True,2
2026-03-04,10:30:03.130,395.175,397.7325,0.643,down,100,4,None,202,True,2
2026-03-04,10:30:03.131,395.18,397.7325,0.642,down,100,4,None,202,True,2
2026-03-04,10:30:03.131,395.19,397.7325,0.639,down,100,4,None,202,True,2
2026-03-04,10:30:03.134,395.175,397.7325,0.643,down,480,4,None,202,True,2
2026-03-04,10:30:03.138,395.14,397.7325,0.652,down,181,4,None,202,True,2
2026-03-04,10:30:03.138,395.14,397.7325,0.652,down,104,4,None,202,True,2
2026-03-04,10:30:03.152,395.1187,397.7325,0.657,down,200,4,None,202,True,2
2026-03-04,10:30:03.155,395.1215,397.7325,0.656,down,500,4,None,202,True,2
2026-03-04,10:30:03.184,395.12,397.7325,0.657,down,104,4,None,202,True,2
2026-03-04,10:30:03.231,395.095,397.7325,0.663,down,500,4,None,202,True,2
2026-03-04,10:30:03.233,395.1,397.7325,0.662,down,200,4,None,202,True,2
2026-03-04,10:30:03.239,395.075,397.7325,0.668,down,100,4,None,202,True,2
2026-03-04,10:30:03.244,395.1,397.7325,0.662,down,120,4,None,202,True,2
2026-03-04,10:30:03.256,395.075,397.7325,0.668,down,200,4,None,202,True,2
2026-03-04,10:30:03.260,395.1,397.7325,0.662,down,200,4,None,202,True,2
2026-03-04,10:30:03.282,395.075,397.7325,0.668,down,100,4,None,202,True,2
2026-03-04,10:30:03.299,395.11,397.7325,0.659,down,100,4,None,202,True,2
2026-03-04,10:30:03.331,395.045,397.7325,0.676,down,100,4,None,202,True,2
2026-03-04,10:30:03.407,394.94,397.7325,0.702,down,200,4,None,202,True,2
2026-03-04,10:30:03.514,394.805,397.7325,0.736,down,100,4,None,202,True,2
2026-03-04,10:30:03.515,394.79,397.7325,0.74,down,200,4,None,202,True,2
2026-03-04,10:30:03.795,394.61,397.7325,0.785,down,194,4,None,203,True,2
2026-03-04,10:30:03.638,394.72,397.7325,0.757,down,200,4,None,202,True,2
2026-03-04,10:30:03.645,394.74,397.7325,0.752,down,200,4,None,202,True,2
2026-03-04,10:30:03.655,394.74,397.7325,0.752,down,100,4,None,202,True,2
2026-03-04,10:30:03.676,394.77,397.7325,0.745,down,100,4,None,202,True,2
2026-03-04,10:30:03.706,394.625,397.7325,0.781,down,100,4,None,202,True,2
2026-03-04,10:30:03.706,394.6,397.7325,0.788,down,200,4,None,202,True,2
2026-03-04,10:30:03.706,394.595,397.7325,0.789,down,196,4,None,202,True,2
2026-03-04,10:30:03.702,394.59,397.7325,0.79,down,600,4,None,202,True,2
2026-03-04,10:30:03.717,394.5919,397.7325,0.79,down,380,4,None,202,True,2
2026-03-04,10:30:03.770,394.8,397.7325,0.737,down,100,4,None,202,True,2
2026-03-04,10:30:03.792,394.63,397.7325,0.78,down,100,4,None,202,True,2
2026-03-04,10:30:03.813,394.79,397.7325,0.74,down,100,4,None,202,True,2
2026-03-04,10:30:03.837,394.74,397.7325,0.752,down,102,4,None,202,True,2
2026-03-04,10:30:03.673,394.735,397.7325,0.754,down,200,4,None,202,True,2
2026-03-04,10:30:04.080,394.642,397.7325,0.777,down,100,4,None,203,True,2
2026-03-04,10:30:03.985,394.66,397.7325,0.773,down,100,4,None,202,True,2
2026-03-04,10:30:04.110,394.63,397.7325,0.78,down,146,4,None,202,True,2
2026-03-04,10:30:04.185,394.733,397.7325,0.754,down,110,4,None,202,True,2
2026-03-04,10:30:04.343,394.61,397.7325,0.785,down,127,4,None,203,True,2
2026-03-04,10:30:04.251,394.615,397.7325,0.784,down,200,4,None,202,True,2
2026-03-04,10:30:04.252,394.71,397.7325,0.76,down,164,4,None,202,True,2
2026-03-04,10:30:04.252,394.71,397.7325,0.76,down,200,4,None,202,True,2
2026-03-04,10:30:04.253,394.6,397.7325,0.788,down,160,4,None,202,True,2
2026-03-04,10:30:04.253,394.595,397.7325,0.789,down,200,4,None,202,True,2
2026-03-04,10:30:04.254,394.595,397.7325,0.789,down,200,4,None,202,True,2
2026-03-04,10:30:04.254,394.65,397.7325,0.775,down,200,4,None,202,True,2
2026-03-04,10:30:04.254,394.595,397.7325,0.789,down,120,4,None,202,True,2
2026-03-04,10:30:04.256,394.65,397.7325,0.775,down,120,4,None,202,True,2
2026-03-04,10:30:04.272,394.63,397.7325,0.78,down,151,4,None,202,True,2
2026-03-04,10:30:04.324,394.6699,397.7325,0.77,down,100,4,None,202,True,2
2026-03-04,10:30:04.325,394.61,397.7325,0.785,down,200,4,None,202,True,2
2026-03-04,10:30:04.331,394.61,397.7325,0.785,down,217,4,None,202,True,2
2026-03-04,10:30:04.331,394.61,397.7325,0.785,down,200,4,None,202,True,2
2026-03-04,10:30:04.331,394.61,397.7325,0.785,down,200,4,None,202,True,2
2026-03-04,10:30:04.331,394.6,397.7325,0.788,down,183,4,None,202,True,2
2026-03-04,10:30:04.331,394.6,397.7325,0.788,down,120,4,None,202,True,2
2026-03-04,10:30:04.332,394.61,397.7325,0.785,down,200,4,None,202,True,2
2026-03-04,10:30:04.343,394.63,397.7325,0.78,down,173,4,None,202,True,2
2026-03-04,10:30:04.357,394.6,397.7325,0.788,down,160,4,None,202,True,2
2026-03-04,10:30:04.382,394.6,397.7325,0.788,down,160,4,None,202,True,2
2026-03-04,10:30:04.466,394.635,397.7325,0.779,down,200,4,None,202,True,2
2026-03-04,10:30:04.466,394.64,397.7325,0.778,down,200,4,None,202,True,2
2026-03-04,10:30:04.466,394.63,397.7325,0.78,down,200,4,None,202,True,2
2026-03-04,10:30:04.464,394.615,397.7325,0.784,down,134,4,None,202,True,2
2026-03-04,10:30:04.467,394.685,397.7325,0.766,down,323,4,None,202,True,2
2026-03-04,10:30:04.487,394.67,397.7325,0.77,down,200,4,None,202,True,2
2026-03-04,10:30:04.487,394.67,397.7325,0.77,down,196,4,None,202,True,2
2026-03-04,10:30:04.487,394.67,397.7325,0.77,down,200,4,None,202,True,2
2026-03-04,10:30:04.487,394.67,397.7325,0.77,down,200,4,None,202,True,2
2026-03-04,10:30:04.255,394.67,397.7325,0.77,down,140,4,None,202,True,2
2026-03-04,10:30:04.508,394.69,397.7325,0.765,down,200,4,None,202,True,2
2026-03-04,10:30:04.523,394.5901,397.7325,0.79,down,323,4,None,202,True,2
2026-03-04,10:30:04.561,394.78,397.7325,0.742,down,128,4,None,202,True,2
2026-03-04,10:30:04.561,394.78,397.7325,0.742,down,100,4,None,202,True,2
2026-03-04,10:30:04.561,394.78,397.7325,0.742,down,135,4,None,202,True,2
2026-03-04,10:30:04.561,394.78,397.7325,0.742,down,100,4,None,202,True,2
2026-03-04,10:30:04.561,394.77,397.7325,0.745,down,100,4,None,202,True,2
2026-03-04,10:30:04.561,394.78,397.7325,0.742,down,100,4,None,202,True,2
2026-03-04,10:30:04.562,394.76,397.7325,0.747,down,200,4,None,202,True,2
2026-03-04,10:30:04.564,394.69,397.7325,0.765,down,600,4,None,202,True,2
2026-03-04,10:30:04.565,394.71,397.7325,0.76,down,200,4,None,202,True,2
2026-03-04,10:30:04.565,394.69,397.7325,0.765,down,112,4,None,202,True,2
2026-03-04,10:30:04.584,394.7801,397.7325,0.742,down,300,4,None,202,True,2
2026-03-04,10:30:04.601,394.94,397.7325,0.702,down,100,4,None,202,True,2
2026-03-04,10:30:04.622,395.02,397.7325,0.682,down,100,4,None,202,True,2
2026-03-04,10:30:04.716,395.04,397.7325,0.677,down,100,4,None,202,True,2
2026-03-04,10:30:04.036,394.84,397.7325,0.727,down,109,4,None,202,True,2
2026-03-04,10:30:04.467,394.635,397.7325,0.779,down,100,4,None,202,True,2
2026-03-04,10:30:04.755,395,397.7325,0.687,down,608,4,None,202,True,2
2026-03-04,10:30:04.849,395.04,397.7325,0.677,down,200,4,None,202,True,2
2026-03-04,10:30:04.890,395.1199,397.7325,0.657,down,200,4,None,202,True,2
2026-03-04,10:30:04.897,395.16,397.7325,0.647,down,151,4,None,202,True,2
2026-03-04,10:30:04.898,395.16,397.7325,0.647,down,187,4,None,202,True,2
2026-03-04,10:30:04.926,395.11,397.7325,0.659,down,100,4,None,202,True,2
2026-03-04,10:30:04.943,395.245,397.7325,0.625,down,200,4,None,202,True,2
2026-03-04,10:30:03.257,395.075,397.7325,0.668,down,200,4,None,202,True,2
2026-03-04,10:30:03.521,394.785,397.7325,0.741,down,200,4,None,202,True,2
2026-03-04,10:30:04.898,395.16,397.7325,0.647,down,100,4,None,202,True,2
2026-03-04,10:30:05.029,395.25,397.7325,0.624,down,100,4,None,202,True,2
2026-03-04,10:30:03.125,395.21,397.7325,0.634,down,200,4,None,202,True,2
2026-03-04,10:30:03.279,395.1,397.7325,0.662,down,300,4,None,202,True,2
2026-03-04,10:30:04.091,394.73,397.7325,0.755,down,160,4,None,202,True,2
2026-03-04,10:30:03.409,394.94,397.7325,0.702,down,320,4,None,202,True,2
2026-03-04,10:30:03.685,394.6,397.7325,0.788,down,480,4,None,202,True,2
2026-03-04,10:30:03.407,395,397.7325,0.687,down,355,4,None,202,True,2
2026-03-04,10:30:05.160,395.3697,397.7325,0.594,down,800,4,None,202,True,2
2026-03-04,10:30:05.173,395.485,397.7325,0.565,down,200,4,None,202,True,2
2026-03-04,10:30:05.173,395.485,397.7325,0.565,down,200,4,None,202,True,2
2026-03-04,10:30:05.196,395.485,397.7325,0.565,down,100,4,None,202,True,2
2026-03-04,10:30:05.206,395.335,397.7325,0.603,down,600,4,None,202,True,2
2026-03-04,10:30:05.316,395.485,397.7325,0.565,down,200,4,None,202,True,2
2026-03-04,10:30:05.327,395.485,397.7325,0.565,down,200,4,None,202,True,2
2026-03-04,10:30:05.337,395.485,397.7325,0.565,down,200,4,None,202,True,2
2026-03-04,10:30:05.348,395.485,397.7325,0.565,down,140,4,None,202,True,2
2026-03-04,10:30:03.403,394.89,397.7325,0.715,down,200,4,None,202,True,2
2026-03-04,10:30:05.350,395.35,397.7325,0.599,down,300,4,None,202,True,2
2026-03-04,10:30:05.376,395.4825,397.7325,0.566,down,100,4,None,202,True,2
2026-03-04,10:30:05.376,395.485,397.7325,0.565,down,103,4,None,202,True,2
2026-03-04,10:30:05.446,395.61,397.7325,0.534,down,100,4,None,202,True,2
2026-03-04,10:30:05.946,395.68,397.7325,0.516,down,145,4,None,202,True,2
2026-03-04,10:30:04.870,395.0101,397.7325,0.684,down,100,4,None,202,True,2
2026-03-04,10:30:06.347,395.7401,397.7325,0.501,down,178,4,None,202,True,2
2026-03-04,10:30:05.315,395.485,397.7325,0.565,down,100,4,None,202,True,2
2026-03-04,10:30:06.299,395.7401,397.7325,0.501,down,150,4,None,202,True,2
2026-03-04,10:30:07.545,395.72,397.7325,0.506,down,280,4,None,202,True,2
2026-03-04,10:30:07.769,395.4834,397.7325,0.565,down,100,4,None,202,True,2
2026-03-04,10:30:07.768,395.35,397.7325,0.599,down,130,4,None,202,True,2
2026-03-04,10:30:06.841,395.7301,397.7325,0.503,down,100,4,None,202,True,2
2026-03-04,10:30:07.844,395.3501,397.7325,0.599,down,1000,4,None,202,True,2
2026-03-04,10:30:07.726,395.45,397.7325,0.574,down,270,4,None,202,True,2
2026-03-04,10:30:08.055,395.3125,397.7325,0.608,down,100,4,None,202,True,2
2026-03-04,10:30:08.079,395.3485,397.7325,0.599,down,270,4,None,202,True,2
2026-03-04,10:30:08.081,395.21,397.7325,0.634,down,100,4,None,202,True,2
2026-03-04,10:30:08.108,395.3125,397.7325,0.608,down,100,4,None,202,True,2
2026-03-04,10:30:08.150,395.245,397.7325,0.625,down,160,4,None,201,True,2
2026-03-04,10:30:08.188,395.29,397.7325,0.614,down,100,4,None,202,True,2
2026-03-04,10:30:08.433,395.645,397.7325,0.525,down,100,4,None,202,True,2
2026-03-04,10:30:08.534,395.59,397.7325,0.539,down,200,4,None,202,True,2
2026-03-04,10:30:08.583,395.57,397.7325,0.544,down,300,4,None,202,True,2
2026-03-04,10:30:08.600,395.57,397.7325,0.544,down,251,4,None,202,True,2
2026-03-04,10:30:08.654,395.57,397.7325,0.544,down,100,4,None,202,True,2
2026-03-04,10:30:08.688,395.57,397.7325,0.544,down,100,4,None,201,True,2
2026-03-04,10:30:08.698,395.4201,397.7325,0.581,down,140,4,None,202,True,2
2026-03-04,10:30:08.701,395.42,397.7325,0.581,down,160,4,None,202,True,2
2026-03-04,10:30:08.798,395.7199,397.7325,0.506,down,100,4,None,202,True,2
2026-03-04,10:30:08.907,395.62,397.7325,0.531,down,100,4,None,202,True,2
2026-03-04,10:30:09.100,395.4659,397.7325,0.57,down,100,4,None,202,True,2
2026-03-04,10:30:09.131,395.6488,397.7325,0.524,down,100,4,None,202,True,2
2026-03-04,10:30:09.169,395.515,397.7325,0.558,down,260,4,None,202,True,2
2026-03-04,10:30:09.216,395.6599,397.7325,0.521,down,983,4,None,202,True,2
2026-03-04,10:30:09.312,395.5822,397.7325,0.541,down,140,4,None,201,True,2
2026-03-04,10:30:09.320,395.6399,397.7325,0.526,down,1000,4,None,202,True,2
2026-03-04,10:30:09.576,395.5699,397.7325,0.544,down,1000,4,None,202,True,2
2026-03-04,10:30:09.782,395.42,397.7325,0.581,down,150,4,None,202,True,2
2026-03-04,10:30:09.786,395.28,397.7325,0.617,down,1679,4,None,202,True,2
2026-03-04,10:30:09.813,395.29,397.7325,0.614,down,100,4,None,202,True,2
2026-03-04,10:30:09.813,395.29,397.7325,0.614,down,100,4,None,202,True,2
2026-03-04,10:30:09.813,395.29,397.7325,0.614,down,100,4,None,202,True,2
2026-03-04,10:30:09.813,395.29,397.7325,0.614,down,100,4,None,202,True,2
2026-03-04,10:30:09.856,395.255,397.7325,0.623,down,200,4,None,202,True,2
2026-03-04,10:30:09.856,395.2,397.7325,0.637,down,200,4,None,202,True,2
2026-03-04,10:30:09.860,395.2,397.7325,0.637,down,100,4,None,202,True,2
2026-03-04,10:30:09.889,395.21,397.7325,0.634,down,100,4,None,202,True,2
2026-03-04,10:30:09.891,395.21,397.7325,0.634,down,100,4,None,202,True,2
2026-03-04,10:30:09.898,395.26,397.7325,0.622,down,200,4,None,202,True,2
2026-03-04,10:30:09.898,395.21,397.7325,0.634,down,200,4,None,202,True,2
2026-03-04,10:30:09.899,395.26,397.7325,0.622,down,100,4,None,202,True,2
2026-03-04,10:30:09.899,395.21,397.7325,0.634,down,100,4,None,202,True,2
2026-03-04,10:30:09.900,395.21,397.7325,0.634,down,200,4,None,202,True,2
2026-03-04,10:30:09.901,395.26,397.7325,0.622,down,100,4,None,202,True,2
2026-03-04,10:30:09.901,395.21,397.7325,0.634,down,100,4,None,202,True,2
2026-03-04,10:30:09.902,395.26,397.7325,0.622,down,100,4,None,202,True,2
2026-03-04,10:30:09.902,395.21,397.7325,0.634,down,100,4,None,202,True,2
2026-03-04,10:30:09.921,395.235,397.7325,0.628,down,200,4,None,202,True,2
2026-03-04,10:30:09.917,395.26,397.7325,0.622,down,200,4,None,201,True,2
2026-03-04,10:30:09.983,395.4588,397.7325,0.572,down,100,4,None,202,True,2
2026-03-04,10:30:09.891,395.26,397.7325,0.622,down,100,4,None,202,True,2
2026-03-04,10:30:10.148,395.425,397.7325,0.58,down,200,4,None,201,True,2
2026-03-04,10:30:10.190,395.425,397.7325,0.58,down,300,4,None,202,True,2
2026-03-04,10:30:10.380,395.425,397.7325,0.58,down,100,4,None,202,True,2
2026-03-04,10:30:10.391,395.43,397.7325,0.579,down,100,4,None,202,True,2
2026-03-04,10:30:10.504,395.3001,397.7325,0.612,down,300,4,None,202,True,2
2026-03-04,10:30:10.606,395.405,397.7325,0.585,down,100,4,None,202,True,2
2026-03-04,10:30:10.788,395.2101,397.7325,0.634,down,400,4,None,202,True,2
2026-03-04,10:30:10.797,395.375,397.7325,0.593,down,100,4,None,202,True,2
2026-03-04,10:30:10.805,395.5399,397.7325,0.551,down,100,4,None,202,True,2
2026-03-04,10:30:10.866,395.3072,397.7325,0.61,down,100,4,None,202,True,2
2026-03-04,10:30:10.894,395.375,397.7325,0.593,down,100,4,None,201,True,2
2026-03-04,10:30:10.920,395.5399,397.7325,0.551,down,1000,4,None,202,True,2
2026-03-04,10:30:11.040,395.365,397.7325,0.595,down,100,4,None,202,True,2
2026-03-04,10:30:11.180,395.5199,397.7325,0.556,down,115,4,None,202,True,2
2026-03-04,10:30:11.196,395.365,397.7325,0.595,down,100,4,None,202,True,2
2026-03-04,10:30:11.357,395.29,397.7325,0.614,down,200,4,None,202,True,2
2026-03-04,10:30:11.372,395.4695,397.7325,0.569,down,200,4,None,202,True,2
2026-03-04,10:30:11.717,395.6868,397.7325,0.514,down,100,4,None,202,True,2
2026-03-06,12:21:07.640,395.096,399.005,0.98,down,100,4,"[10, 22, 41]",202,True,1
2026-03-10,12:28:12.708,405.85,402.7274,0.775,up,120,4,"[22, 41]",202,True,1
2026-03-17,09:30:27.684,393.01,394.989,0.501,down,100,4,None,202,True,1
2026-03-17,09:30:29.993,393,394.989,0.504,down,200,4,None,202,True,1
2026-03-17,09:30:30.011,393,394.989,0.504,down,136,4,None,202,True,1
2026-03-17,09:30:30.015,393,394.989,0.504,down,344,4,None,202,True,1
2026-03-18,10:04:23.016,399.1,401.3501,0.561,down,282,4,"[29, 10, 22, 41]",202,True,1
2026-03-19,09:30:00.247,387.01,385.055,0.508,up,100,4,None,202,True,3
2026-03-19,09:30:11.543,383.1201,385.055,0.502,down,100,4,None,202,True,1
2026-03-19,09:30:11.684,383.101,385.055,0.507,down,543,4,None,202,True,1
2026-03-19,09:30:11.768,383.115,385.055,0.504,down,418,4,None,202,True,1
2026-03-19,09:30:11.768,383.115,385.055,0.504,down,200,4,None,202,True,1
2026-03-19,09:30:11.820,383.12,385.055,0.503,down,100,4,None,202,True,1
2026-03-19,09:30:11.822,383.12,385.055,0.503,down,100,4,None,202,True,1
2026-03-19,09:30:11.878,383.12,385.055,0.503,down,100,4,None,202,True,1
2026-03-19,09:30:11.878,383.12,385.055,0.503,down,400,4,None,202,True,1
2026-03-19,09:30:11.878,383.12,385.055,0.503,down,200,4,None,202,True,1
2026-03-19,09:30:11.878,383.12,385.055,0.503,down,200,4,None,202,True,1
2026-03-19,09:30:11.878,383.12,385.055,0.503,down,400,4,None,202,True,1
2026-03-19,09:30:11.878,383.12,385.055,0.503,down,200,4,None,202,True,1
2026-03-19,09:30:11.878,383.12,385.055,0.503,down,400,4,None,202,True,1
2026-03-19,09:30:11.878,383.12,385.055,0.503,down,100,4,None,202,True,1
2026-03-19,09:30:11.878,383.12,385.055,0.503,down,200,4,None,202,True,1
2026-03-19,09:30:11.878,383.12,385.055,0.503,down,400,4,None,202,True,1
2026-03-19,09:30:11.878,383.12,385.055,0.503,down,400,4,None,202,True,1
2026-03-19,09:30:12.341,383.11,385.055,0.505,down,200,4,None,202,True,1
2026-03-19,09:30:12.401,383.1021,385.055,0.507,down,100,4,None,202,True,1
2026-03-19,09:30:12.508,383.045,385.055,0.522,down,100,4,None,202,True,1
2026-03-19,09:30:12.512,383,385.055,0.534,down,100,4,None,202,True,1
2026-03-19,09:30:12.512,383,385.055,0.534,down,100,4,None,202,True,1
2026-03-19,09:30:12.511,383,385.055,0.534,down,100,4,None,202,True,1
2026-03-19,09:30:12.512,383,385.055,0.534,down,200,4,None,202,True,1
2026-03-19,09:30:12.512,383,385.055,0.534,down,400,4,None,202,True,1
2026-03-19,09:30:12.517,383,385.055,0.534,down,1101,4,None,202,True,1
2026-03-19,09:30:12.522,383.005,385.055,0.532,down,600,4,None,202,True,1
2026-03-19,09:30:12.531,383.01,385.055,0.531,down,520,4,None,202,True,1
2026-03-19,09:30:12.516,383,385.055,0.534,down,480,4,None,202,True,1
2026-03-19,09:30:12.537,383.01,385.055,0.531,down,200,4,None,202,True,1
2026-03-19,09:30:12.615,383.0075,385.055,0.532,down,100,4,None,202,True,1
2026-03-19,09:30:12.624,382.98,385.055,0.539,down,280,4,None,202,True,1
2026-03-19,09:30:12.642,382.96,385.055,0.544,down,100,4,None,202,True,1
2026-03-19,09:30:12.689,382.99,385.055,0.536,down,200,4,None,202,True,1
2026-03-19,09:30:12.689,382.99,385.055,0.536,down,600,4,None,202,True,1
2026-03-19,09:30:12.700,382.99,385.055,0.536,down,200,4,None,202,True,1
2026-03-19,09:30:12.700,382.99,385.055,0.536,down,300,4,None,202,True,1
2026-03-19,09:30:12.706,382.965,385.055,0.543,down,400,4,None,202,True,1
2026-03-19,09:30:12.709,382.965,385.055,0.543,down,100,4,None,202,True,1
2026-03-19,09:30:12.709,382.94,385.055,0.549,down,100,4,None,202,True,1
2026-03-19,09:30:12.710,382.94,385.055,0.549,down,100,4,None,202,True,1
2026-03-19,09:30:12.711,382.945,385.055,0.548,down,418,4,None,202,True,1
2026-03-19,09:30:12.711,382.945,385.055,0.548,down,190,4,None,202,True,1
2026-03-19,09:30:12.750,382.915,385.055,0.556,down,400,4,None,202,True,1
2026-03-19,09:30:12.751,382.94,385.055,0.549,down,100,4,None,202,True,1
2026-03-19,09:30:12.760,382.95,385.055,0.547,down,200,4,None,202,True,1
2026-03-19,09:30:12.760,382.9501,385.055,0.547,down,200,4,None,202,True,1
2026-03-19,09:30:12.761,382.95,385.055,0.547,down,200,4,None,202,True,1
2026-03-19,09:30:12.762,382.9501,385.055,0.547,down,200,4,None,202,True,1
2026-03-19,09:30:12.762,382.9501,385.055,0.547,down,100,4,None,202,True,1
2026-03-19,09:30:12.762,382.9501,385.055,0.547,down,116,4,None,202,True,1
2026-03-19,09:30:12.762,382.9501,385.055,0.547,down,200,4,None,202,True,1
2026-03-19,09:30:12.776,382.87,385.055,0.567,down,2808,4,None,202,True,1
2026-03-19,09:30:12.787,382.895,385.055,0.561,down,400,4,None,202,True,1
2026-03-19,09:30:12.568,382.995,385.055,0.535,down,247,4,None,202,True,1
2026-03-19,09:30:12.798,382.88,385.055,0.565,down,600,4,None,202,True,1
2026-03-19,09:30:12.822,382.94,385.055,0.549,down,234,4,None,202,True,1
2026-03-19,09:30:12.895,383.001,385.055,0.533,down,100,4,None,203,True,1
2026-03-19,09:30:12.918,382.95,385.055,0.547,down,400,4,None,202,True,1
2026-03-19,09:30:12.919,382.9,385.055,0.56,down,100,4,None,202,True,1
2026-03-19,09:30:13.004,382.87,385.055,0.567,down,260,4,None,202,True,1
2026-03-19,09:30:13.005,382.92,385.055,0.554,down,500,4,None,202,True,1
2026-03-19,09:30:13.025,382.93,385.055,0.552,down,300,4,None,202,True,1
2026-03-19,09:30:13.037,382.93,385.055,0.552,down,600,4,None,202,True,1
2026-03-19,09:30:13.049,382.93,385.055,0.552,down,600,4,None,202,True,1
2026-03-19,09:30:13.067,382.8768,385.055,0.566,down,873,4,None,202,True,1
2026-03-19,09:30:13.083,382.93,385.055,0.552,down,100,4,None,202,True,1
2026-03-19,09:30:13.119,382.9202,385.055,0.554,down,319,4,None,202,True,1
2026-03-19,09:30:13.128,382.9692,385.055,0.542,down,186,4,None,202,True,1
2026-03-19,09:30:13.139,383.1045,385.055,0.507,down,147,4,None,202,True,1
2026-03-19,09:30:13.262,383.1045,385.055,0.507,down,100,4,None,202,True,1
2026-03-19,09:30:13.264,383.0706,385.055,0.515,down,145,4,None,202,True,1
2026-03-19,09:30:13.316,383.055,385.055,0.519,down,120,4,None,202,True,1
2026-03-19,09:30:13.368,383.0101,385.055,0.531,down,110,4,None,202,True,1
2026-03-19,09:30:13.375,383.0102,385.055,0.531,down,160,4,None,202,True,1
2026-03-19,09:30:13.378,383.01,385.055,0.531,down,160,4,None,202,True,1
2026-03-19,09:30:13.378,382.86,385.055,0.57,down,8398,4,None,202,True,1
2026-03-19,09:30:13.380,382.95,385.055,0.547,down,100,4,None,202,True,1
2026-03-19,09:30:13.381,382.94,385.055,0.549,down,200,4,None,202,True,1
2026-03-19,09:30:13.384,382.94,385.055,0.549,down,440,4,None,202,True,1
2026-03-19,09:30:13.384,382.892,385.055,0.562,down,1262,4,None,202,True,1
2026-03-19,09:30:13.388,382.8607,385.055,0.57,down,668,4,None,202,True,1
2026-03-19,09:30:13.387,382.8696,385.055,0.568,down,343,4,None,202,True,1
2026-03-19,09:30:13.388,382.8953,385.055,0.561,down,244,4,None,202,True,1
2026-03-19,09:30:13.389,382.8696,385.055,0.568,down,2240,4,None,202,True,1
2026-03-19,09:30:13.410,382.925,385.055,0.553,down,520,4,None,202,True,1
2026-03-19,09:30:13.424,382.865,385.055,0.569,down,100,4,None,202,True,1
2026-03-19,09:30:13.420,382.905,385.055,0.558,down,240,4,None,202,True,1
2026-03-19,09:30:13.317,383.012,385.055,0.531,down,600,4,None,202,True,1
2026-03-19,09:30:13.481,382.87,385.055,0.567,down,100,4,None,202,True,1
2026-03-19,09:30:13.489,382.85,385.055,0.573,down,160,4,None,202,True,1
2026-03-19,09:30:13.476,382.91,385.055,0.557,down,200,4,None,203,True,1
2026-03-19,09:30:13.514,382.855,385.055,0.571,down,300,4,None,202,True,1
2026-03-19,09:30:13.525,382.82,385.055,0.58,down,122,4,None,202,True,1
2026-03-19,09:30:13.537,382.86,385.055,0.57,down,160,4,None,202,True,1
2026-03-19,09:30:13.556,382.94,385.055,0.549,down,100,4,None,202,True,1
2026-03-19,09:30:13.571,382.905,385.055,0.558,down,100,4,None,202,True,1
2026-03-19,09:30:13.639,382.855,385.055,0.571,down,200,4,None,202,True,1
2026-03-19,09:30:13.652,382.8,385.055,0.586,down,385,4,None,202,True,1
2026-03-19,09:30:13.654,382.79,385.055,0.588,down,160,4,None,202,True,1
2026-03-19,09:30:13.654,382.78,385.055,0.591,down,600,4,None,202,True,1
2026-03-19,09:30:13.654,382.79,385.055,0.588,down,200,4,None,202,True,1
2026-03-19,09:30:13.679,382.75,385.055,0.599,down,100,4,None,202,True,1
2026-03-19,09:30:13.695,382.7501,385.055,0.599,down,100,4,None,202,True,1
2026-03-19,09:30:13.736,382.72,385.055,0.606,down,400,4,None,202,True,1
2026-03-19,09:30:13.736,382.72,385.055,0.606,down,120,4,None,202,True,1
2026-03-19,09:30:13.744,382.7201,385.055,0.606,down,115,4,None,202,True,1
2026-03-19,09:30:13.749,382.68,385.055,0.617,down,120,4,None,202,True,1
2026-03-19,09:30:13.750,382.695,385.055,0.613,down,160,4,None,202,True,1
2026-03-19,09:30:13.761,382.69,385.055,0.614,down,480,4,None,201,True,1
2026-03-19,09:30:13.788,382.69,385.055,0.614,down,600,4,None,202,True,1
2026-03-19,09:30:13.818,382.69,385.055,0.614,down,131,4,None,202,True,1
2026-03-19,09:30:13.818,382.64,385.055,0.627,down,205,4,None,202,True,1
2026-03-19,09:30:13.953,382.73,385.055,0.604,down,534,4,None,202,True,1
2026-03-19,09:30:13.932,382.685,385.055,0.615,down,360,4,None,201,True,1
2026-03-19,09:30:13.971,382.64,385.055,0.627,down,107,4,None,202,True,1
2026-03-19,09:30:14.055,382.645,385.055,0.626,down,300,4,None,202,True,1
2026-03-19,09:30:14.057,382.645,385.055,0.626,down,200,4,None,202,True,1
2026-03-19,09:30:14.057,382.645,385.055,0.626,down,280,4,None,202,True,1
2026-03-19,09:30:14.056,382.645,385.055,0.626,down,160,4,None,202,True,1
2026-03-19,09:30:14.062,382.645,385.055,0.626,down,440,4,None,202,True,1
2026-03-19,09:30:14.067,382.64,385.055,0.627,down,100,4,None,202,True,1
2026-03-19,09:30:14.065,382.64,385.055,0.627,down,240,4,None,202,True,1
2026-03-19,09:30:14.083,382.8,385.055,0.586,down,300,4,None,202,True,1
2026-03-19,09:30:14.092,382.8,385.055,0.586,down,235,4,None,201,True,1
2026-03-19,09:30:14.119,382.8597,385.055,0.57,down,100,4,None,202,True,1
2026-03-19,09:30:14.130,382.845,385.055,0.574,down,200,4,None,202,True,1
2026-03-19,09:30:14.143,382.81,385.055,0.583,down,400,4,None,202,True,1
2026-03-19,09:30:14.160,382.8335,385.055,0.577,down,235,4,None,202,True,1
2026-03-19,09:30:14.228,382.845,385.055,0.574,down,100,4,None,202,True,1
2026-03-19,09:30:14.232,382.81,385.055,0.583,down,160,4,None,202,True,1
2026-03-19,09:30:14.244,382.8201,385.055,0.58,down,310,4,None,202,True,1
2026-03-19,09:30:14.302,382.79,385.055,0.588,down,2320,4,None,202,True,1
2026-03-19,09:30:14.320,382.844,385.055,0.574,down,100,4,None,202,True,1
2026-03-19,09:30:14.113,382.864,385.055,0.569,down,120,4,None,202,True,1
2026-03-19,09:30:14.384,382.7853,385.055,0.589,down,164,4,None,202,True,1
2026-03-19,09:30:14.385,382.73,385.055,0.604,down,600,4,None,202,True,1
2026-03-19,09:30:14.389,382.725,385.055,0.605,down,280,4,None,202,True,1
2026-03-19,09:30:14.391,382.715,385.055,0.608,down,418,4,None,202,True,1
2026-03-19,09:30:14.391,382.715,385.055,0.608,down,1503,4,None,202,True,1
2026-03-19,09:30:14.424,382.62,385.055,0.632,down,1286,4,None,202,True,1
2026-03-19,09:30:14.445,382.67,385.055,0.619,down,125,4,None,202,True,1
2026-03-19,09:30:14.500,382.6112,385.055,0.635,down,2167,4,None,202,True,1
2026-03-19,09:30:14.501,382.6164,385.055,0.633,down,489,4,None,202,True,1
2026-03-19,09:30:14.590,382.6,385.055,0.638,down,200,4,None,201,True,1
2026-03-19,09:30:14.602,382.6,385.055,0.638,down,560,4,None,202,True,1
2026-03-19,09:30:14.603,382.6,385.055,0.638,down,280,4,None,202,True,1
2026-03-19,09:30:14.611,382.665,385.055,0.621,down,100,4,None,202,True,1
2026-03-19,09:30:14.719,382.49,385.055,0.666,down,100,4,None,202,True,1
2026-03-19,09:30:14.720,382.5,385.055,0.664,down,920,4,None,202,True,1
2026-03-19,09:30:14.740,382.475,385.055,0.67,down,300,4,None,202,True,1
2026-03-19,09:30:14.743,382.475,385.055,0.67,down,120,4,None,202,True,1
2026-03-19,09:30:14.741,382.475,385.055,0.67,down,365,4,None,202,True,1
2026-03-19,09:30:14.747,382.475,385.055,0.67,down,120,4,None,202,True,1
2026-03-19,09:30:14.784,382.465,385.055,0.673,down,480,4,None,201,True,1
2026-03-19,09:30:14.818,382.465,385.055,0.673,down,240,4,None,202,True,1
2026-03-19,09:30:14.826,382.465,385.055,0.673,down,100,4,None,202,True,1
2026-03-19,09:30:14.826,382.43,385.055,0.682,down,179,4,None,202,True,1
2026-03-19,09:30:14.836,382.465,385.055,0.673,down,600,4,None,202,True,1
2026-03-19,09:30:14.841,382.465,385.055,0.673,down,100,4,None,202,True,1
2026-03-19,09:30:14.857,382.47,385.055,0.671,down,300,4,None,202,True,1
2026-03-19,09:30:14.869,382.465,385.055,0.673,down,200,4,None,202,True,1
2026-03-19,09:30:14.870,382.45,385.055,0.677,down,100,4,None,202,True,1
2026-03-19,09:30:14.900,382.44,385.055,0.679,down,245,4,None,202,True,1
2026-03-19,09:30:14.736,382.475,385.055,0.67,down,100,4,None,202,True,1
2026-03-19,09:30:15.010,382.48,385.055,0.669,down,200,4,None,202,True,1
2026-03-19,09:30:15.032,382.46,385.055,0.674,down,2240,4,None,202,True,1
2026-03-19,09:30:15.033,382.46,385.055,0.674,down,680,4,None,202,True,1
2026-03-19,09:30:15.033,382.5275,385.055,0.656,down,100,4,None,202,True,1
2026-03-19,09:30:15.033,382.51,385.055,0.661,down,100,4,None,202,True,1
2026-03-19,09:30:15.038,382.52,385.055,0.658,down,240,4,None,202,True,1
2026-03-19,09:30:15.079,382.52,385.055,0.658,down,400,4,None,202,True,1
2026-03-19,09:30:15.117,382.49,385.055,0.666,down,100,4,None,202,True,1
2026-03-19,09:30:15.124,382.52,385.055,0.658,down,600,4,None,202,True,1
2026-03-19,09:30:15.131,382.52,385.055,0.658,down,200,4,None,202,True,1
2026-03-19,09:30:15.139,382.5,385.055,0.664,down,330,4,None,202,True,1
2026-03-19,09:30:15.133,382.52,385.055,0.658,down,160,4,None,203,True,1
2026-03-19,09:30:15.150,382.475,385.055,0.67,down,200,4,None,202,True,1
2026-03-19,09:30:15.153,382.44,385.055,0.679,down,1000,4,None,202,True,1
2026-03-19,09:30:15.166,382.52,385.055,0.658,down,100,4,None,202,True,1
2026-03-19,09:30:15.272,382.4301,385.055,0.682,down,100,4,None,202,True,1
2026-03-19,09:30:15.297,382.4543,385.055,0.675,down,189,4,None,202,True,1
2026-03-19,09:30:15.032,382.46,385.055,0.674,down,168,4,None,202,True,1
2026-03-19,09:30:15.315,382.48,385.055,0.669,down,280,4,None,202,True,1
2026-03-19,09:30:15.326,382.51,385.055,0.661,down,300,4,None,202,True,1
2026-03-19,09:30:15.329,382.51,385.055,0.661,down,200,4,None,202,True,1
2026-03-19,09:30:15.402,382.44,385.055,0.679,down,2440,4,None,202,True,1
2026-03-19,09:30:15.418,382.496,385.055,0.665,down,200,4,None,202,True,1
2026-03-19,09:30:15.576,382.505,385.055,0.662,down,100,4,None,202,True,1
2026-03-19,09:30:15.604,382.44,385.055,0.679,down,480,4,None,202,True,1
2026-03-19,09:30:15.635,382.505,385.055,0.662,down,175,4,None,202,True,1
2026-03-19,09:30:15.671,382.58,385.055,0.643,down,190,4,None,202,True,1
2026-03-19,09:30:15.700,382.6001,385.055,0.638,down,500,4,None,202,True,1
2026-03-19,09:30:15.725,382.6,385.055,0.638,down,100,4,None,202,True,1
2026-03-19,09:30:15.865,382.7352,385.055,0.602,down,129,4,None,202,True,1
2026-03-19,09:30:15.897,382.71,385.055,0.609,down,129,4,None,202,True,1
2026-03-19,09:30:15.912,382.79,385.055,0.588,down,400,4,None,202,True,1
2026-03-19,09:30:15.925,382.71,385.055,0.609,down,120,4,None,202,True,1
2026-03-19,09:30:15.942,382.8799,385.055,0.565,down,500,4,None,202,True,1
2026-03-19,09:30:15.946,382.7486,385.055,0.599,down,110,4,None,202,True,1
2026-03-19,09:30:15.960,382.7427,385.055,0.601,down,310,4,None,202,True,1
2026-03-19,09:30:15.969,382.71,385.055,0.609,down,180,4,None,202,True,1
2026-03-19,09:30:15.968,382.7481,385.055,0.599,down,127,4,None,202,True,1
2026-03-19,09:30:15.969,382.7414,385.055,0.601,down,1200,4,None,202,True,1
2026-03-19,09:30:15.976,382.71,385.055,0.609,down,102,4,None,202,True,1
2026-03-19,09:30:15.977,382.71,385.055,0.609,down,122,4,None,202,True,1
2026-03-19,09:30:15.983,382.71,385.055,0.609,down,192,4,None,202,True,1
2026-03-19,09:30:15.991,382.8429,385.055,0.574,down,131,4,None,202,True,1
2026-03-19,09:30:16.003,382.8005,385.055,0.586,down,195,4,None,202,True,1
2026-03-19,09:30:16.007,382.8736,385.055,0.567,down,150,4,None,202,True,1
2026-03-19,09:30:16.013,382.8201,385.055,0.58,down,146,4,None,202,True,1
2026-03-19,09:30:16.107,382.82,385.055,0.58,down,100,4,None,202,True,1
2026-03-19,09:30:16.152,382.836,385.055,0.576,down,100,4,None,202,True,1
2026-03-19,09:30:16.243,383.01,385.055,0.531,down,100,4,None,202,True,1
2026-03-19,09:30:16.312,382.97,385.055,0.541,down,120,4,None,202,True,1
2026-03-19,09:30:16.405,382.92,385.055,0.554,down,240,4,None,202,True,1
2026-03-19,09:30:16.547,382.97,385.055,0.541,down,120,4,None,202,True,1
2026-03-19,09:30:16.557,382.97,385.055,0.541,down,400,4,None,202,True,1
2026-03-19,09:30:16.565,382.92,385.055,0.554,down,160,4,None,202,True,1
2026-03-19,09:30:16.567,382.9201,385.055,0.554,down,160,4,None,202,True,1
2026-03-19,09:30:16.567,382.9201,385.055,0.554,down,460,4,None,202,True,1
2026-03-19,09:30:16.730,382.98,385.055,0.539,down,100,4,None,202,True,1
2026-03-19,09:30:16.734,382.95,385.055,0.547,down,114,4,None,202,True,1
2026-03-19,09:30:16.850,382.92,385.055,0.554,down,280,4,None,202,True,1
2026-03-19,09:30:16.852,382.92,385.055,0.554,down,160,4,None,203,True,1
2026-03-19,09:30:16.928,382.8804,385.055,0.565,down,299,4,None,202,True,1
2026-03-19,09:30:16.948,382.88,385.055,0.565,down,200,4,None,202,True,1
2026-03-19,09:30:16.949,382.9,385.055,0.56,down,160,4,None,202,True,1
2026-03-19,09:30:16.985,382.881,385.055,0.565,down,200,4,None,202,True,1
2026-03-19,09:30:16.985,382.881,385.055,0.565,down,131,4,None,202,True,1
2026-03-19,09:30:16.984,382.88,385.055,0.565,down,131,4,None,202,True,1
2026-03-19,09:30:16.984,382.88,385.055,0.565,down,200,4,None,202,True,1
2026-03-19,09:30:16.990,382.9,385.055,0.56,down,100,4,None,202,True,1
2026-03-19,09:30:17.061,382.8808,385.055,0.565,down,143,4,None,202,True,1
2026-03-19,09:30:17.059,382.9,385.055,0.56,down,120,4,None,203,True,1
2026-03-19,09:30:17.087,382.9035,385.055,0.559,down,279,4,None,202,True,1
2026-03-19,09:30:17.113,382.9799,385.055,0.539,down,481,4,None,202,True,1
2026-03-19,09:30:17.170,382.8852,385.055,0.564,down,100,4,None,202,True,1
2026-03-19,09:30:17.004,382.9,385.055,0.56,down,300,4,None,202,True,1
2026-03-19,09:30:17.276,382.88,385.055,0.565,down,100,4,None,202,True,1
2026-03-19,09:30:17.457,382.78,385.055,0.591,down,100,4,None,202,True,1
2026-03-19,09:30:17.599,382.9,385.055,0.56,down,394,4,None,202,True,1
2026-03-19,09:30:17.693,382.83,385.055,0.578,down,100,4,None,202,True,1
2026-03-19,09:30:17.470,382.886,385.055,0.563,down,353,4,None,202,True,1
2026-03-19,09:30:17.800,382.74,385.055,0.601,down,480,4,None,202,True,1
2026-03-19,09:30:17.801,382.72,385.055,0.606,down,358,4,None,202,True,1
2026-03-19,09:30:17.812,382.7001,385.055,0.612,down,1300,4,None,202,True,1
2026-03-19,09:30:17.824,382.728,385.055,0.604,down,220,4,None,202,True,1
2026-03-19,09:30:17.844,382.79,385.055,0.588,down,100,4,None,202,True,1
2026-03-19,09:30:17.860,382.92,385.055,0.554,down,200,4,None,202,True,1
2026-03-19,09:30:17.899,382.9201,385.055,0.554,down,1000,4,None,202,True,1
2026-03-19,09:30:17.903,382.9375,385.055,0.55,down,127,4,None,202,True,1
2026-03-19,09:30:17.984,382.935,385.055,0.551,down,250,4,None,202,True,1
2026-03-19,09:30:18.032,382.8169,385.055,0.581,down,170,4,None,202,True,1
2026-03-19,09:30:18.061,382.802,385.055,0.585,down,200,4,None,202,True,1
2026-03-19,09:30:18.075,382.83,385.055,0.578,down,100,4,None,202,True,1
2026-03-19,09:30:18.076,382.7888,385.055,0.589,down,147,4,None,202,True,1
2026-03-19,09:30:18.080,382.77,385.055,0.593,down,440,4,None,202,True,1
2026-03-19,09:30:18.135,382.7787,385.055,0.591,down,200,4,None,202,True,1
2026-03-19,09:30:18.209,382.62,385.055,0.632,down,120,4,None,201,True,1
2026-03-19,09:30:18.239,382.6717,385.055,0.619,down,110,4,None,202,True,1
2026-03-19,09:30:18.259,382.8399,385.055,0.575,down,200,4,None,202,True,1
2026-03-19,09:30:18.274,382.6585,385.055,0.622,down,101,4,None,202,True,1
2026-03-19,09:30:18.278,382.708,385.055,0.61,down,250,4,None,202,True,1
2026-03-19,09:30:18.329,382.73,385.055,0.604,down,143,4,None,202,True,1
2026-03-19,09:30:18.334,382.62,385.055,0.632,down,186,4,None,202,True,1
2026-03-19,09:30:18.346,382.71,385.055,0.609,down,200,4,None,202,True,1
2026-03-19,09:30:18.407,382.7433,385.055,0.6,down,100,4,None,202,True,1
2026-03-19,09:30:18.457,382.6201,385.055,0.632,down,600,4,None,202,True,1
2026-03-19,09:30:18.483,382.6793,385.055,0.617,down,219,4,None,202,True,1
2026-03-19,09:30:18.486,382.6585,385.055,0.622,down,108,4,None,202,True,1
2026-03-19,09:30:18.488,382.63,385.055,0.63,down,106,4,None,202,True,1
2026-03-19,09:30:18.511,382.7398,385.055,0.601,down,100,4,None,202,True,1
2026-03-19,09:30:18.530,382.71,385.055,0.609,down,110,4,None,202,True,1
2026-03-19,09:30:18.511,382.715,385.055,0.608,down,100,4,None,201,True,1
2026-03-19,09:30:18.538,382.62,385.055,0.632,down,100,4,None,202,True,1
2026-03-19,09:30:18.549,382.73,385.055,0.604,down,200,4,None,202,True,1
2026-03-19,09:30:18.557,382.875,385.055,0.566,down,200,4,None,202,True,1
2026-03-19,09:30:18.566,382.8,385.055,0.586,down,200,4,None,202,True,1
2026-03-19,09:30:18.566,382.81,385.055,0.583,down,440,4,None,203,True,1
2026-03-19,09:30:18.607,382.764,385.055,0.595,down,500,4,None,202,True,1
2026-03-19,09:30:18.674,382.735,385.055,0.603,down,125,4,None,202,True,1
2026-03-19,09:30:18.682,382.664,385.055,0.621,down,110,4,None,202,True,1
2026-03-19,09:30:18.683,382.6,385.055,0.638,down,636,4,None,202,True,1
2026-03-19,09:30:18.682,382.725,385.055,0.605,down,100,4,None,202,True,1
2026-03-19,09:30:18.689,382.6501,385.055,0.625,down,174,4,None,202,True,1
2026-03-19,09:30:18.729,382.56,385.055,0.648,down,115,4,None,202,True,1
2026-03-19,09:30:18.735,382.5842,385.055,0.642,down,118,4,None,202,True,1
2026-03-19,09:30:18.769,382.661,385.055,0.622,down,222,4,None,202,True,1
2026-03-19,09:30:18.769,382.661,385.055,0.622,down,308,4,None,202,True,1
2026-03-19,09:30:18.787,382.7599,385.055,0.596,down,550,4,None,202,True,1
2026-03-19,09:30:18.833,382.6505,385.055,0.624,down,105,4,None,202,True,1
2026-03-19,09:30:18.882,382.7201,385.055,0.606,down,104,4,None,202,True,1
2026-03-19,09:30:18.960,382.646,385.055,0.626,down,121,4,None,202,True,1
2026-03-19,09:30:18.986,382.7982,385.055,0.586,down,200,4,None,202,True,1
2026-03-19,09:30:19.120,382.6401,385.055,0.627,down,100,4,None,202,True,1
2026-03-19,09:30:19.169,382.98,385.055,0.539,down,100,4,None,202,True,1
2026-03-19,09:30:19.172,383.02,385.055,0.528,down,100,4,None,202,True,1
2026-03-19,09:30:19.120,382.72,385.055,0.606,down,300,4,None,202,True,1
2026-03-19,09:30:19.191,383.109,385.055,0.505,down,120,4,None,202,True,1
2026-03-19,09:30:19.264,382.8923,385.055,0.562,down,105,4,None,202,True,1
2026-03-19,09:30:19.306,382.94,385.055,0.549,down,100,4,None,202,True,1
2026-03-19,09:30:19.466,382.7909,385.055,0.588,down,115,4,None,202,True,1
2026-03-19,09:30:19.489,382.88,385.055,0.565,down,300,4,None,202,True,1
2026-03-19,09:30:19.500,382.839,385.055,0.576,down,262,4,None,202,True,1
2026-03-19,09:30:19.537,382.8315,385.055,0.577,down,107,4,None,202,True,1
2026-03-19,09:30:19.545,382.79,385.055,0.588,down,109,4,None,202,True,1
2026-03-19,09:30:19.544,382.8313,385.055,0.578,down,115,4,None,202,True,1
2026-03-19,09:30:19.561,382.79,385.055,0.588,down,269,4,None,202,True,1
2026-03-19,09:30:19.562,382.8327,385.055,0.577,down,456,4,None,202,True,1
2026-03-19,09:30:19.597,382.875,385.055,0.566,down,100,4,None,202,True,1
2026-03-19,09:30:19.619,382.79,385.055,0.588,down,440,4,None,202,True,1
2026-03-19,09:30:19.620,382.78,385.055,0.591,down,120,4,None,202,True,1
2026-03-19,09:30:19.619,382.78,385.055,0.591,down,194,4,None,203,True,1
2026-03-19,09:30:19.659,382.7851,385.055,0.59,down,104,4,None,202,True,1
2026-03-19,09:30:19.661,382.7223,385.055,0.606,down,465,4,None,202,True,1
2026-03-19,09:30:19.674,382.745,385.055,0.6,down,100,4,None,202,True,1
2026-03-19,09:30:19.674,382.7291,385.055,0.604,down,107,4,None,202,True,1
2026-03-19,09:30:19.675,382.7246,385.055,0.605,down,235,4,None,202,True,1
2026-03-19,09:30:19.696,382.7529,385.055,0.598,down,234,4,None,202,True,1
2026-03-19,09:30:19.701,382.721,385.055,0.606,down,130,4,None,202,True,1
2026-03-19,09:30:19.804,382.7573,385.055,0.597,down,217,4,None,202,True,1
2026-03-19,09:30:19.805,382.8201,385.055,0.58,down,101,4,None,202,True,1
2026-03-19,09:30:19.857,382.73,385.055,0.604,down,120,4,None,202,True,1
2026-03-19,09:30:19.895,382.72,385.055,0.606,down,103,4,None,202,True,1
2026-03-19,09:30:19.922,382.836,385.055,0.576,down,100,4,None,202,True,1
2026-03-19,09:30:19.949,382.7663,385.055,0.594,down,267,4,None,202,True,1
2026-03-19,09:30:20.061,382.72,385.055,0.606,down,138,4,None,202,True,1
2026-03-19,09:30:20.025,382.8903,385.055,0.562,down,100,4,None,202,True,1
2026-03-19,09:30:20.195,382.7687,385.055,0.594,down,364,4,None,202,True,1
2026-03-19,09:30:20.262,382.7101,385.055,0.609,down,120,4,None,202,True,1
2026-03-19,09:30:20.283,382.72,385.055,0.606,down,402,4,None,202,True,1
2026-03-19,09:30:20.286,382.72,385.055,0.606,down,210,4,None,202,True,1
2026-03-19,09:30:20.299,382.7758,385.055,0.592,down,207,4,None,202,True,1
2026-03-19,09:30:20.314,382.89,385.055,0.562,down,100,4,None,202,True,1
2026-03-19,09:30:20.322,382.79,385.055,0.588,down,101,4,None,202,True,1
2026-03-19,09:30:20.325,382.9096,385.055,0.557,down,200,4,None,202,True,1
2026-03-19,09:30:20.333,382.82,385.055,0.58,down,120,4,None,202,True,1
2026-03-19,09:30:20.370,382.85,385.055,0.573,down,130,4,None,203,True,1
2026-03-19,09:30:20.391,382.7758,385.055,0.592,down,218,4,None,202,True,1
2026-03-19,09:30:20.402,382.7101,385.055,0.609,down,112,4,None,202,True,1
2026-03-19,09:30:20.451,382.845,385.055,0.574,down,100,4,None,202,True,1
2026-03-19,09:30:20.474,382.86,385.055,0.57,down,358,4,None,202,True,1
2026-03-19,09:30:20.480,382.8451,385.055,0.574,down,100,4,None,202,True,1
2026-03-19,09:30:20.490,382.845,385.055,0.574,down,100,4,None,202,True,1
2026-03-19,09:30:20.475,382.87,385.055,0.567,down,142,4,None,203,True,1
2026-03-19,09:30:20.492,382.98,385.055,0.539,down,1400,4,None,201,True,1
2026-03-19,09:30:20.500,382.7925,385.055,0.588,down,185,4,None,202,True,1
2026-03-19,09:30:20.500,382.7948,385.055,0.587,down,101,4,None,202,True,1
2026-03-19,09:30:20.504,382.73,385.055,0.604,down,101,4,None,202,True,1
2026-03-19,09:30:20.512,382.73,385.055,0.604,down,1190,4,None,202,True,1
2026-03-19,09:30:20.531,382.72,385.055,0.606,down,104,4,None,202,True,1
2026-03-19,09:30:20.644,382.7,385.055,0.612,down,100,4,None,202,True,1
2026-03-19,09:30:20.683,382.8025,385.055,0.585,down,100,4,None,202,True,1
2026-03-19,09:30:20.711,382.73,385.055,0.604,down,175,4,None,202,True,1
2026-03-19,09:30:20.712,382.72,385.055,0.606,down,408,4,None,203,True,1
2026-03-19,09:30:20.955,383.055,385.055,0.519,down,195,4,None,202,True,1
2026-03-19,09:30:20.977,383.055,385.055,0.519,down,200,4,None,202,True,1
2026-03-19,09:30:20.977,383.055,385.055,0.519,down,200,4,None,202,True,1
2026-03-19,09:30:20.980,382.9781,385.055,0.539,down,120,4,None,202,True,1
2026-03-19,09:30:20.987,382.97,385.055,0.541,down,798,4,None,202,True,1
2026-03-19,09:30:21.002,382.97,385.055,0.541,down,122,4,None,202,True,1
2026-03-19,09:30:21.006,382.9608,385.055,0.544,down,120,4,None,202,True,1
2026-03-19,09:30:21.314,382.896,385.055,0.561,down,100,4,None,202,True,1
2026-03-19,09:30:21.031,383.055,385.055,0.519,down,120,4,None,202,True,1
2026-03-19,09:30:21.374,382.88,385.055,0.565,down,100,4,None,202,True,1
2026-03-19,09:30:21.461,382.695,385.055,0.613,down,100,4,None,202,True,1
2026-03-19,09:30:21.517,382.715,385.055,0.608,down,1000,4,None,202,True,1
2026-03-19,09:30:21.559,382.7079,385.055,0.61,down,100,4,None,202,True,1
2026-03-19,09:30:21.610,382.68,385.055,0.617,down,100,4,None,202,True,1
2026-03-19,09:30:21.620,382.7,385.055,0.612,down,100,4,None,202,True,1
2026-03-19,09:30:21.644,382.63,385.055,0.63,down,240,4,None,201,True,1
2026-03-19,09:30:21.665,382.714,385.055,0.608,down,100,4,None,202,True,1
2026-03-19,09:30:21.841,382.7499,385.055,0.599,down,100,4,None,202,True,1
2026-03-19,09:30:22.005,382.6372,385.055,0.628,down,130,4,None,202,True,1
2026-03-19,09:30:22.051,382.725,385.055,0.605,down,150,4,None,202,True,1
2026-03-19,09:30:22.059,382.6145,385.055,0.634,down,100,4,None,202,True,1
2026-03-19,09:30:22.080,382.6495,385.055,0.625,down,100,4,None,202,True,1
2026-03-19,09:30:22.170,382.645,385.055,0.626,down,200,4,None,202,True,1
2026-03-19,09:30:22.170,382.6475,385.055,0.625,down,100,4,None,202,True,1
2026-03-19,09:30:22.174,382.7999,385.055,0.586,down,100,4,None,202,True,1
2026-03-19,09:30:22.205,382.705,385.055,0.61,down,100,4,None,202,True,1
2026-03-19,09:30:22.218,382.706,385.055,0.61,down,100,4,None,202,True,1
2026-03-19,09:30:22.328,382.6114,385.055,0.635,down,533,4,None,202,True,1
2026-03-19,09:30:22.330,382.6114,385.055,0.635,down,302,4,None,202,True,1
2026-03-19,09:30:22.528,382.59,385.055,0.64,down,100,4,None,202,True,1
2026-03-19,09:30:22.910,382.62,385.055,0.632,down,110,4,None,202,True,1
2026-03-19,09:30:22.996,382.575,385.055,0.644,down,200,4,None,202,True,1
2026-03-19,09:30:22.996,382.575,385.055,0.644,down,440,4,None,201,True,1
2026-03-19,09:30:23.031,382.58,385.055,0.643,down,100,4,None,202,True,1
2026-03-19,09:30:23.254,382.688,385.055,0.615,down,200,4,None,202,True,1
2026-03-19,09:30:23.281,382.67,385.055,0.619,down,100,4,None,202,True,1
2026-03-19,09:30:23.379,382.731,385.055,0.604,down,600,4,None,202,True,1
2026-03-19,09:30:23.379,382.5801,385.055,0.643,down,600,4,None,202,True,1
2026-03-19,09:30:23.439,382.625,385.055,0.631,down,130,4,None,202,True,1
2026-03-19,09:30:23.451,382.675,385.055,0.618,down,100,4,None,202,True,1
2026-03-19,09:30:23.640,382.6875,385.055,0.615,down,100,4,None,202,True,1
2026-03-19,09:30:23.657,382.673,385.055,0.619,down,100,4,None,202,True,1
2026-03-19,09:30:23.711,382.8696,385.055,0.568,down,100,4,None,202,True,1
2026-03-19,09:30:23.743,382.87,385.055,0.567,down,200,4,None,202,True,1
2026-03-19,09:30:23.742,382.87,385.055,0.567,down,200,4,None,202,True,1
2026-03-19,09:30:23.771,382.81,385.055,0.583,down,100,4,None,203,True,1
2026-03-19,09:30:23.808,382.8108,385.055,0.583,down,100,4,None,202,True,1
2026-03-19,09:30:23.814,382.885,385.055,0.564,down,200,4,None,202,True,1
2026-03-19,09:30:23.787,382.89,385.055,0.562,down,200,4,None,201,True,1
2026-03-19,09:30:23.862,382.82,385.055,0.58,down,100,4,None,202,True,1
2026-03-19,09:30:23.887,382.885,385.055,0.564,down,160,4,None,202,True,1
2026-03-19,09:30:23.889,382.885,385.055,0.564,down,200,4,None,202,True,1
2026-03-19,09:30:23.889,382.8875,385.055,0.563,down,100,4,None,202,True,1
2026-03-19,09:30:23.904,382.84,385.055,0.575,down,200,4,None,202,True,1
2026-03-19,09:30:23.888,382.9075,385.055,0.558,down,135,4,None,202,True,1
2026-03-19,09:30:23.743,382.87,385.055,0.567,down,100,4,None,202,True,1
2026-03-19,09:30:24.145,382.88,385.055,0.565,down,100,4,None,202,True,1
2026-03-19,09:30:24.204,382.912,385.055,0.557,down,300,4,None,202,True,1
2026-03-19,09:30:24.390,382.775,385.055,0.592,down,100,4,None,202,True,1
2026-03-19,09:30:24.404,382.775,385.055,0.592,down,150,4,None,202,True,1
2026-03-19,09:30:24.432,382.855,385.055,0.571,down,100,4,None,202,True,1
2026-03-19,09:30:24.500,382.8401,385.055,0.575,down,100,4,None,202,True,1
2026-03-19,09:30:24.554,382.8401,385.055,0.575,down,100,4,None,202,True,1
2026-03-19,09:30:24.714,382.805,385.055,0.584,down,500,4,None,202,True,1
2026-03-19,09:30:24.760,382.84,385.055,0.575,down,200,4,None,203,True,1
2026-03-19,09:30:24.807,382.814,385.055,0.582,down,100,4,None,202,True,1
2026-03-19,09:30:24.874,382.8227,385.055,0.58,down,100,4,None,202,True,1
2026-03-19,09:30:24.921,382.805,385.055,0.584,down,160,4,None,202,True,1
2026-03-19,09:30:24.923,382.8175,385.055,0.581,down,100,4,None,202,True,1
2026-03-19,09:30:25.112,382.8101,385.055,0.583,down,150,4,None,202,True,1
2026-03-19,09:30:25.274,382.854,385.055,0.572,down,100,4,None,202,True,1
2026-03-19,09:30:25.420,382.8866,385.055,0.563,down,200,4,None,202,True,1
2026-03-19,09:30:25.556,382.92,385.055,0.554,down,100,4,None,202,True,1
2026-03-19,09:30:25.602,382.9075,385.055,0.558,down,100,4,None,202,True,1
2026-03-19,09:30:25.648,382.86,385.055,0.57,down,200,4,None,202,True,1
2026-03-19,09:30:25.692,382.92,385.055,0.554,down,200,4,None,202,True,1
2026-03-19,09:30:25.718,382.895,385.055,0.561,down,100,4,None,202,True,1
2026-03-19,09:30:25.777,382.91,385.055,0.557,down,100,4,None,202,True,1
2026-03-19,09:30:25.828,382.89,385.055,0.562,down,100,4,None,202,True,1
2026-03-19,09:30:25.862,382.975,385.055,0.54,down,200,4,None,202,True,1
2026-03-19,09:30:25.862,383,385.055,0.534,down,418,4,None,203,True,1
2026-03-19,09:30:26.044,383.0521,385.055,0.52,down,2000,4,None,202,True,1
2026-03-19,09:30:26.047,382.9725,385.055,0.541,down,100,4,None,202,True,1
2026-03-19,09:30:26.061,382.9825,385.055,0.538,down,100,4,None,202,True,1
2026-03-19,09:30:26.078,382.975,385.055,0.54,down,100,4,None,202,True,1
2026-03-19,09:30:26.139,382.975,385.055,0.54,down,100,4,None,202,True,1
2026-03-19,09:30:26.196,382.9259,385.055,0.553,down,200,4,None,202,True,1
2026-03-19,09:30:26.201,383.0413,385.055,0.523,down,1500,4,None,202,True,1
2026-03-19,09:30:26.202,383,385.055,0.534,down,800,4,None,202,True,1
2026-03-19,09:30:25.954,382.975,385.055,0.54,down,100,4,None,202,True,1
2026-03-19,09:30:26.293,382.8801,385.055,0.565,down,100,4,None,202,True,1
2026-03-19,09:30:26.300,382.9837,385.055,0.538,down,100,4,None,201,True,1
2026-03-19,09:30:26.303,382.9551,385.055,0.545,down,100,4,None,202,True,1
2026-03-19,09:30:26.359,382.955,385.055,0.545,down,100,4,None,202,True,1
2026-03-19,09:30:26.805,382.935,385.055,0.551,down,200,4,None,202,True,1
2026-03-19,09:30:26.856,382.9899,385.055,0.536,down,100,4,None,202,True,1
2026-03-19,09:30:26.903,382.85,385.055,0.573,down,770,4,None,201,True,1
2026-03-19,09:30:27.015,382.9799,385.055,0.539,down,100,4,None,202,True,1
2026-03-19,09:30:27.145,382.948,385.055,0.547,down,100,4,None,202,True,1
2026-03-19,09:30:27.258,382.92,385.055,0.554,down,100,4,None,202,True,1
2026-03-19,09:30:27.267,382.85,385.055,0.573,down,100,4,None,202,True,1
2026-03-19,09:30:27.426,382.9899,385.055,0.536,down,100,4,None,202,True,1
2026-03-19,09:30:27.441,382.92,385.055,0.554,down,200,4,None,202,True,1
2026-03-19,09:30:27.541,382.9899,385.055,0.536,down,100,4,None,202,True,1
2026-03-19,09:30:27.675,382.88,385.055,0.565,down,200,4,None,202,True,1
2026-03-19,09:30:27.714,382.9,385.055,0.56,down,500,4,None,202,True,1
2026-03-19,09:30:27.716,382.9326,385.055,0.551,down,100,4,None,202,True,1
2026-03-19,09:30:27.815,382.91,385.055,0.557,down,500,4,None,202,True,1
2026-03-19,09:30:27.878,382.949,385.055,0.547,down,100,4,None,202,True,1
2026-03-19,09:30:27.886,382.92,385.055,0.554,down,100,4,None,202,True,1
2026-03-19,09:30:27.906,382.9015,385.055,0.559,down,620,4,None,202,True,1
2026-03-19,09:30:28.111,382.9899,385.055,0.536,down,172,4,None,202,True,1
2026-03-19,09:30:28.566,382.855,385.055,0.571,down,380,4,None,202,True,1
2026-03-19,09:30:29.002,382.885,385.055,0.564,down,100,4,None,202,True,1
2026-03-19,09:30:29.198,382.89,385.055,0.562,down,470,4,None,202,True,1
2026-03-19,09:30:29.413,382.92,385.055,0.554,down,100,4,None,202,True,1
2026-03-19,09:30:29.591,382.97,385.055,0.541,down,100,4,None,202,True,1
2026-03-19,09:30:29.987,382.88,385.055,0.565,down,150,4,None,202,True,1
2026-03-19,09:30:30.057,382.945,385.055,0.548,down,2000,4,None,202,True,1
2026-03-19,09:30:30.062,382.9156,385.055,0.556,down,100,4,None,202,True,1
2026-03-19,09:30:30.285,382.885,385.055,0.564,down,100,4,None,202,True,1
2026-03-19,09:30:30.324,382.8875,385.055,0.563,down,163,4,None,202,True,1
2026-03-19,09:30:30.324,382.885,385.055,0.564,down,200,4,None,202,True,1
2026-03-19,09:30:30.325,382.885,385.055,0.564,down,100,4,None,202,True,1
2026-03-19,09:30:30.324,382.885,385.055,0.564,down,200,4,None,202,True,1
2026-03-19,09:30:30.325,382.8875,385.055,0.563,down,200,4,None,202,True,1
2026-03-19,09:30:30.325,382.885,385.055,0.564,down,100,4,None,202,True,1
2026-03-19,09:30:30.318,382.9199,385.055,0.554,down,100,4,None,201,True,1
2026-03-19,09:30:30.365,382.98,385.055,0.539,down,100,4,None,202,True,1
2026-03-19,09:30:30.367,382.975,385.055,0.54,down,200,4,None,202,True,1
2026-03-19,09:30:30.368,382.955,385.055,0.545,down,100,4,None,202,True,1
2026-03-19,09:30:30.368,382.955,385.055,0.545,down,200,4,None,202,True,1
2026-03-19,09:30:30.368,382.955,385.055,0.545,down,100,4,None,202,True,1
2026-03-19,09:30:30.368,382.955,385.055,0.545,down,100,4,None,202,True,1
2026-03-19,09:30:30.369,382.9675,385.055,0.542,down,100,4,None,202,True,1
2026-03-19,09:30:30.494,382.905,385.055,0.558,down,100,4,None,202,True,1
2026-03-19,09:30:30.240,382.885,385.055,0.564,down,200,4,None,202,True,1
2026-03-19,09:30:30.535,382.9,385.055,0.56,down,100,4,None,202,True,1
2026-03-19,09:30:30.535,382.8975,385.055,0.56,down,100,4,None,202,True,1
2026-03-19,09:30:30.535,382.8975,385.055,0.56,down,100,4,None,202,True,1
2026-03-19,09:30:30.454,382.8768,385.055,0.566,down,400,4,None,202,True,1
2026-03-19,09:30:30.678,382.9499,385.055,0.547,down,500,4,None,202,True,1
2026-03-19,09:30:30.711,382.905,385.055,0.558,down,100,4,None,202,True,1
2026-03-19,09:30:30.828,382.88,385.055,0.565,down,440,4,None,201,True,1
2026-03-19,09:30:30.871,382.895,385.055,0.561,down,250,4,None,202,True,1
2026-03-19,09:30:30.896,382.875,385.055,0.566,down,200,4,None,202,True,1
2026-03-19,09:30:30.896,382.8925,385.055,0.562,down,200,4,None,202,True,1
2026-03-19,09:30:30.896,382.91,385.055,0.557,down,240,4,None,202,True,1
2026-03-19,09:30:30.896,382.91,385.055,0.557,down,240,4,None,202,True,1
2026-03-19,09:30:30.896,382.8925,385.055,0.562,down,200,4,None,202,True,1
2026-03-19,09:30:30.929,382.9,385.055,0.56,down,116,4,None,201,True,1
2026-03-19,09:30:31.112,382.89,385.055,0.562,down,100,4,None,202,True,1
2026-03-19,09:30:31.162,382.88,385.055,0.565,down,340,4,None,202,True,1
2026-03-19,09:30:31.223,382.88,385.055,0.565,down,200,4,None,202,True,1
2026-03-19,09:30:31.590,382.88,385.055,0.565,down,100,4,None,202,True,1
2026-03-19,09:30:31.617,382.865,385.055,0.569,down,100,4,None,202,True,1
2026-03-19,09:30:31.666,382.835,385.055,0.577,down,200,4,None,202,True,1
2026-03-19,09:30:31.666,382.835,385.055,0.577,down,160,4,None,202,True,1
2026-03-19,09:30:31.859,382.78,385.055,0.591,down,240,4,None,201,True,1
2026-03-19,09:30:32.128,382.76,385.055,0.596,down,520,4,None,202,True,1
2026-03-19,09:30:32.145,382.68,385.055,0.617,down,100,4,None,202,True,1
2026-03-19,09:30:32.240,382.712,385.055,0.608,down,100,4,None,202,True,1
2026-03-19,09:30:32.336,382.715,385.055,0.608,down,400,4,None,202,True,1
2026-03-19,09:30:32.340,382.724,385.055,0.605,down,300,4,None,202,True,1
2026-03-19,09:30:32.352,382.67,385.055,0.619,down,200,4,None,201,True,1
2026-03-19,09:30:32.438,382.72,385.055,0.606,down,100,4,None,202,True,1
2026-03-19,09:30:32.449,382.7699,385.055,0.593,down,2100,4,None,202,True,1
2026-03-19,09:30:32.475,382.73,385.055,0.604,down,200,4,None,202,True,1
2026-03-19,09:30:32.589,382.74,385.055,0.601,down,200,4,None,202,True,1
2026-03-19,09:30:32.740,382.69,385.055,0.614,down,100,4,None,202,True,1
2026-03-19,09:30:32.748,382.69,385.055,0.614,down,200,4,None,202,True,1
2026-03-19,09:30:32.748,382.69,385.055,0.614,down,120,4,None,202,True,1
2026-03-19,09:30:32.813,382.69,385.055,0.614,down,150,4,None,202,True,1
2026-03-19,09:30:32.871,382.7213,385.055,0.606,down,200,4,None,202,True,1
2026-03-19,09:30:32.966,382.69,385.055,0.614,down,100,4,None,202,True,1
2026-03-19,09:30:33.248,382.61,385.055,0.635,down,200,4,None,202,True,1
2026-03-19,09:30:33.281,382.779,385.055,0.591,down,300,4,None,202,True,1
2026-03-19,09:30:33.331,382.7799,385.055,0.591,down,250,4,None,202,True,1
2026-03-19,09:30:33.507,382.61,385.055,0.635,down,120,4,None,201,True,1
2026-03-19,09:30:33.607,382.685,385.055,0.615,down,226,4,None,202,True,1
2026-03-19,09:30:33.706,382.7124,385.055,0.608,down,100,4,None,202,True,1
2026-03-19,09:30:33.767,382.7,385.055,0.612,down,100,4,None,202,True,1
2026-03-19,09:30:33.794,382.73,385.055,0.604,down,200,4,None,202,True,1
2026-03-19,09:30:33.794,382.73,385.055,0.604,down,200,4,None,202,True,1
2026-03-19,09:30:33.794,382.73,385.055,0.604,down,200,4,None,202,True,1
2026-03-19,09:30:33.794,382.73,385.055,0.604,down,100,4,None,202,True,1
2026-03-19,09:30:33.795,382.71,385.055,0.609,down,100,4,None,202,True,1
2026-03-19,09:30:33.795,382.73,385.055,0.604,down,300,4,None,202,True,1
2026-03-19,09:30:33.854,382.675,385.055,0.618,down,200,4,None,202,True,1
2026-03-19,09:30:33.870,382.67,385.055,0.619,down,100,4,None,202,True,1
2026-03-19,09:30:34.009,382.63,385.055,0.63,down,400,4,None,201,True,1
2026-03-19,09:30:34.048,382.6,385.055,0.638,down,280,4,None,202,True,1
2026-03-19,09:30:34.058,382.61,385.055,0.635,down,120,4,None,202,True,1
2026-03-19,09:30:34.109,382.6099,385.055,0.635,down,100,4,None,202,True,1
2026-03-19,09:30:34.111,382.565,385.055,0.647,down,100,4,None,202,True,1
2026-03-19,09:30:34.116,382.52,385.055,0.658,down,240,4,None,201,True,1
2026-03-19,09:30:34.466,382.585,385.055,0.641,down,390,4,None,202,True,1
2026-03-19,09:30:34.500,382.585,385.055,0.641,down,160,4,None,202,True,1
2026-03-19,09:30:34.655,382.64,385.055,0.627,down,220,4,None,202,True,1
2026-03-19,09:30:34.655,382.585,385.055,0.641,down,590,4,None,202,True,1
2026-03-19,09:30:34.500,382.585,385.055,0.641,down,160,4,None,202,True,1
2026-03-19,09:30:34.727,382.585,385.055,0.641,down,120,4,None,202,True,1
2026-03-19,09:30:34.825,382.46,385.055,0.674,down,100,4,None,202,True,1
2026-03-19,09:30:34.831,382.5,385.055,0.664,down,100,4,None,202,True,1
2026-03-19,09:30:34.898,382.5699,385.055,0.645,down,1000,4,None,202,True,1
2026-03-19,09:30:35.083,382.495,385.055,0.665,down,100,4,None,202,True,1
2026-03-19,09:30:35.337,382.4,385.055,0.69,down,330,4,None,202,True,1
2026-03-19,09:30:35.378,382.5,385.055,0.664,down,200,4,None,202,True,1
2026-03-19,09:30:35.395,382.5,385.055,0.664,down,200,4,None,202,True,1
2026-03-19,09:30:35.399,382.54,385.055,0.653,down,200,4,None,201,True,1
2026-03-19,09:30:35.753,382.7699,385.055,0.593,down,1130,4,None,202,True,1
2026-03-19,09:30:35.864,382.92,385.055,0.554,down,100,4,None,202,True,1
2026-03-19,09:30:35.864,382.92,385.055,0.554,down,560,4,None,202,True,1
2026-03-19,09:30:36.084,382.89,385.055,0.562,down,100,4,None,202,True,1
2026-03-19,09:30:36.263,382.79,385.055,0.588,down,100,4,None,202,True,1
2026-03-19,09:30:36.304,382.7,385.055,0.612,down,100,4,None,202,True,1
2026-03-19,09:30:36.448,382.81,385.055,0.583,down,254,4,None,202,True,1
2026-03-19,09:30:36.586,382.7306,385.055,0.604,down,300,4,None,202,True,1
2026-03-19,09:30:36.594,382.825,385.055,0.579,down,100,4,None,202,True,1
2026-03-19,09:30:36.687,382.8754,385.055,0.566,down,200,4,None,202,True,1
2026-03-19,09:30:36.811,382.7346,385.055,0.603,down,100,4,None,202,True,1
2026-03-19,09:30:36.813,382.65,385.055,0.625,down,280,4,None,202,True,1
2026-03-19,09:30:36.815,382.65,385.055,0.625,down,120,4,None,202,True,1
2026-03-19,09:30:36.862,382.776,385.055,0.592,down,125,4,None,202,True,1
2026-03-19,09:30:36.865,382.6656,385.055,0.621,down,100,4,None,202,True,1
2026-03-19,09:30:36.934,382.725,385.055,0.605,down,200,4,None,202,True,1
2026-03-19,09:30:37.051,382.78,385.055,0.591,down,555,4,None,202,True,1
2026-03-19,09:30:37.339,382.655,385.055,0.623,down,100,4,None,202,True,1
2026-03-19,09:30:37.339,382.65,385.055,0.625,down,100,4,None,202,True,1
2026-03-19,09:30:37.522,382.6509,385.055,0.624,down,500,4,None,202,True,1
2026-03-19,09:30:37.534,382.725,385.055,0.605,down,300,4,None,202,True,1
2026-03-19,09:30:37.548,382.766,385.055,0.594,down,500,4,None,202,True,1
2026-03-19,09:30:37.644,382.82,385.055,0.58,down,4122,4,None,201,True,1
2026-03-19,09:30:37.644,382.82,385.055,0.58,down,1878,4,None,201,True,1
2026-03-19,09:30:37.689,382.74,385.055,0.601,down,100,4,None,202,True,1
2026-03-19,09:30:37.776,382.72,385.055,0.606,down,100,4,None,202,True,1
2026-03-19,09:30:37.466,382.5296,385.055,0.656,down,250,4,None,202,True,1
2026-03-19,09:30:38.105,382.61,385.055,0.635,down,100,4,None,202,True,1
2026-03-19,09:30:38.127,382.61,385.055,0.635,down,100,4,None,202,True,1
2026-03-19,09:30:38.230,382.665,385.055,0.621,down,200,4,None,202,True,1
2026-03-19,09:30:38.288,382.665,385.055,0.621,down,100,4,None,202,True,1
2026-03-19,09:30:38.338,382.8799,385.055,0.565,down,500,4,None,202,True,1
2026-03-19,09:30:38.467,382.665,385.055,0.621,down,100,4,None,202,True,1
2026-03-19,09:30:38.497,382.62,385.055,0.632,down,104,4,None,202,True,1
2026-03-19,09:30:38.565,382.665,385.055,0.621,down,100,4,None,202,True,1
2026-03-19,09:30:39.250,382.715,385.055,0.608,down,120,4,None,202,True,1
2026-03-19,09:30:39.249,382.715,385.055,0.608,down,100,4,None,202,True,1
2026-03-19,09:30:39.287,382.735,385.055,0.603,down,150,4,None,202,True,1
2026-03-19,09:30:39.577,382.67,385.055,0.619,down,200,4,None,202,True,1
2026-03-19,09:30:39.649,382.6,385.055,0.638,down,395,4,None,202,True,1
2026-03-19,09:30:39.731,382.5701,385.055,0.645,down,100,4,None,202,True,1
2026-03-19,09:30:40.023,382.5899,385.055,0.64,down,100,4,None,202,True,1
2026-03-19,09:30:40.049,382.55,385.055,0.651,down,500,4,None,202,True,1
2026-03-19,09:30:40.121,382.51,385.055,0.661,down,100,4,None,202,True,1
2026-03-19,09:30:40.511,382.535,385.055,0.654,down,100,4,None,203,True,1
2026-03-19,09:30:40.573,382.51,385.055,0.661,down,124,4,None,202,True,1
2026-03-19,09:30:40.575,382.45,385.055,0.677,down,10770,4,None,202,True,1
2026-03-19,09:30:40.629,382.455,385.055,0.675,down,141,4,None,202,True,1
2026-03-19,09:30:40.727,382.46,385.055,0.674,down,120,4,None,202,True,1
2026-03-19,09:30:40.764,382.46,385.055,0.674,down,100,4,None,202,True,1
2026-03-19,09:30:40.772,382.49,385.055,0.666,down,100,4,None,202,True,1
2026-03-19,09:30:40.775,382.5063,385.055,0.662,down,179,4,None,202,True,1
2026-03-19,09:30:40.784,382.495,385.055,0.665,down,200,4,None,202,True,1
2026-03-19,09:30:41.250,382.395,385.055,0.691,down,100,4,None,202,True,1
2026-03-19,09:30:41.281,382.37,385.055,0.697,down,100,4,None,202,True,1
2026-03-19,09:30:41.435,382.3001,385.055,0.715,down,250,4,None,202,True,1
2026-03-19,09:30:41.496,382.355,385.055,0.701,down,100,4,None,202,True,1
2026-03-19,09:30:41.517,382.325,385.055,0.709,down,200,4,None,202,True,1
2026-03-19,09:30:41.584,382.295,385.055,0.717,down,160,4,None,201,True,1
2026-03-19,09:30:41.747,382.245,385.055,0.73,down,100,4,None,202,True,1
2026-03-19,09:30:41.949,382.31,385.055,0.713,down,100,4,None,202,True,1
2026-03-19,09:30:41.302,382.34,385.055,0.705,down,100,4,None,202,True,1
2026-03-19,09:30:42.238,382.265,385.055,0.725,down,118,4,None,202,True,1
2026-03-19,09:30:42.239,382.24,385.055,0.731,down,122,4,None,203,True,1
2026-03-19,09:30:42.293,382.2999,385.055,0.716,down,100,4,None,202,True,1
2026-03-19,09:30:42.305,382.255,385.055,0.727,down,100,4,None,202,True,1
2026-03-19,09:30:42.305,382.255,385.055,0.727,down,100,4,None,202,True,1
2026-03-19,09:30:42.501,382.305,385.055,0.714,down,100,4,None,202,True,1
2026-03-19,09:30:42.504,382.315,385.055,0.712,down,520,4,None,201,True,1
2026-03-19,09:30:42.768,382.4179,385.055,0.685,down,300,4,None,202,True,1
2026-03-19,09:30:42.786,382.4025,385.055,0.689,down,160,4,None,202,True,1
2026-03-19,09:30:42.786,382.395,385.055,0.691,down,160,4,None,202,True,1
2026-03-19,09:30:42.791,382.3823,385.055,0.694,down,200,4,None,202,True,1
2026-03-19,09:30:42.816,382.4215,385.055,0.684,down,500,4,None,202,True,1
2026-03-19,09:30:42.863,382.3825,385.055,0.694,down,350,4,None,202,True,1
2026-03-19,09:30:42.956,382.404,385.055,0.688,down,250,4,None,202,True,1
2026-03-19,09:30:42.786,382.4025,385.055,0.689,down,160,4,None,202,True,1
2026-03-19,09:30:43.045,382.44,385.055,0.679,down,200,4,None,202,True,1
2026-03-19,09:30:43.047,382.46,385.055,0.674,down,300,4,None,201,True,1
2026-03-19,09:30:43.093,382.32,385.055,0.71,down,120,4,None,202,True,1
2026-03-19,09:30:43.108,382.2501,385.055,0.728,down,100,4,None,202,True,1
2026-03-19,09:30:43.194,382.25,385.055,0.728,down,909,4,None,202,True,1
2026-03-19,09:30:43.325,382.22,385.055,0.736,down,388,4,None,202,True,1
2026-03-19,09:30:43.346,382.2274,385.055,0.734,down,200,4,None,202,True,1
2026-03-19,09:30:43.348,382.2299,385.055,0.734,down,100,4,None,202,True,1
2026-03-19,09:30:43.534,382.23,385.055,0.734,down,200,4,None,202,True,1
2026-03-19,09:30:43.691,382.21,385.055,0.739,down,100,4,None,202,True,1
2026-03-19,09:30:43.738,382.21,385.055,0.739,down,400,4,None,203,True,1
2026-03-19,09:30:43.765,382.1701,385.055,0.749,down,260,4,None,202,True,1
2026-03-19,09:30:43.830,382.17,385.055,0.749,down,2800,4,None,202,True,1
2026-03-19,09:30:43.837,382.14,385.055,0.757,down,249,4,None,202,True,1
2026-03-19,09:30:43.837,382.15,385.055,0.754,down,900,4,None,202,True,1
2026-03-19,09:30:43.923,382.16,385.055,0.752,down,250,4,None,202,True,1
2026-03-19,09:30:43.927,382.12,385.055,0.762,down,100,4,None,202,True,1
2026-03-19,09:30:43.927,382.115,385.055,0.764,down,100,4,None,202,True,1
2026-03-19,09:30:43.927,382.11,385.055,0.765,down,100,4,None,202,True,1
2026-03-19,09:30:44.070,382.1799,385.055,0.747,down,600,4,None,202,True,1
2026-03-19,09:30:44.152,382.16,385.055,0.752,down,100,4,None,202,True,1
2026-03-19,09:30:42.813,382.4055,385.055,0.688,down,125,4,None,202,True,1
2026-03-19,09:30:44.324,382.1275,385.055,0.76,down,100,4,None,202,True,1
2026-03-19,09:30:44.324,382.135,385.055,0.758,down,100,4,None,202,True,1
2026-03-19,09:30:44.408,382.135,385.055,0.758,down,300,4,None,202,True,1
2026-03-19,09:30:44.425,382.135,385.055,0.758,down,500,4,None,202,True,1
2026-03-19,09:30:44.424,382.135,385.055,0.758,down,100,4,None,201,True,1
2026-03-19,09:30:44.531,382.235,385.055,0.732,down,200,4,None,202,True,1
2026-03-19,09:30:44.877,382.305,385.055,0.714,down,160,4,None,202,True,1
2026-03-19,09:30:44.877,382.32,385.055,0.71,down,160,4,None,202,True,1
2026-03-19,09:30:44.905,382.36,385.055,0.7,down,100,4,None,202,True,1
2026-03-19,09:30:44.877,382.305,385.055,0.714,down,160,4,None,202,True,1
2026-03-19,09:30:45.429,382.5559,385.055,0.649,down,100,4,None,202,True,1
2026-03-19,09:30:45.566,382.5113,385.055,0.661,down,400,4,None,202,True,1
2026-03-19,09:30:45.642,382.69,385.055,0.614,down,100,4,None,202,True,1
2026-03-19,09:30:45.725,382.6687,385.055,0.62,down,100,4,None,202,True,1
2026-03-19,09:30:45.916,382.64,385.055,0.627,down,100,4,None,202,True,1
2026-03-19,09:30:45.929,382.675,385.055,0.618,down,100,4,None,202,True,1
2026-03-19,09:30:46.024,382.71,385.055,0.609,down,100,4,None,202,True,1
2026-03-19,09:30:46.035,382.71,385.055,0.609,down,100,4,None,202,True,1
2026-03-19,09:30:46.069,382.7731,385.055,0.593,down,100,4,None,202,True,1
2026-03-19,09:30:46.087,382.7745,385.055,0.592,down,125,4,None,202,True,1
2026-03-19,09:30:46.100,382.6412,385.055,0.627,down,204,4,None,202,True,1
2026-03-19,09:30:46.105,382.6968,385.055,0.612,down,105,4,None,202,True,1
2026-03-19,09:30:46.198,382.76,385.055,0.596,down,100,4,None,202,True,1
2026-03-19,09:30:46.277,382.6402,385.055,0.627,down,100,4,None,202,True,1
2026-03-19,09:30:46.543,382.71,385.055,0.609,down,100,4,None,202,True,1
2026-03-19,09:30:46.588,382.724,385.055,0.605,down,100,4,None,202,True,1
2026-03-19,09:30:46.668,382.71,385.055,0.609,down,100,4,None,202,True,1
2026-03-19,09:30:46.678,382.71,385.055,0.609,down,100,4,None,202,True,1
2026-03-19,09:30:46.679,382.755,385.055,0.597,down,192,4,None,202,True,1
2026-03-19,09:30:46.793,382.68,385.055,0.617,down,300,4,None,202,True,1
2026-03-19,09:30:46.898,382.725,385.055,0.605,down,190,4,None,202,True,1
2026-03-19,09:30:47.191,382.64,385.055,0.627,down,100,4,None,202,True,1
2026-03-19,09:30:47.282,382.64,385.055,0.627,down,140,4,None,202,True,1
2026-03-19,09:30:47.389,382.7564,385.055,0.597,down,106,4,None,202,True,1
2026-03-19,09:30:47.451,382.7799,385.055,0.591,down,600,4,None,202,True,1
2026-03-19,09:30:47.764,382.74,385.055,0.601,down,100,4,None,202,True,1
2026-03-19,09:30:47.826,382.739,385.055,0.601,down,500,4,None,202,True,1
2026-03-19,09:30:44.912,382.324,385.055,0.709,down,160,4,None,202,True,1
2026-03-19,09:30:47.746,382.7622,385.055,0.595,down,389,4,None,202,True,1
2026-03-19,09:30:47.918,382.7375,385.055,0.602,down,150,4,None,202,True,1
2026-03-19,09:30:48.077,382.86,385.055,0.57,down,100,4,None,202,True,1
2026-03-19,09:30:48.078,382.86,385.055,0.57,down,182,4,None,202,True,1
2026-03-19,09:30:48.078,382.85,385.055,0.573,down,100,4,None,202,True,1
2026-03-19,09:30:48.087,383.12,385.055,0.503,down,100,4,None,202,True,1
2026-03-19,09:30:48.121,383.045,385.055,0.522,down,100,4,None,202,True,1
2026-03-19,09:30:47.839,382.74,385.055,0.601,down,103,4,None,202,True,1
2026-03-19,09:30:46.679,382.78,385.055,0.591,down,100,4,None,202,True,1
2026-03-19,09:30:48.308,383.045,385.055,0.522,down,100,4,None,202,True,1
2026-03-19,09:30:48.345,382.9392,385.055,0.549,down,134,4,None,202,True,1
2026-03-19,09:30:48.352,382.953,385.055,0.546,down,100,4,None,202,True,1
2026-03-19,09:30:48.500,383.0234,385.055,0.528,down,250,4,None,202,True,1
2026-03-19,09:30:48.720,382.975,385.055,0.54,down,100,4,None,202,True,1
2026-03-19,09:30:48.967,383.0299,385.055,0.526,down,100,4,None,202,True,1
2026-03-19,09:30:49.106,382.975,385.055,0.54,down,200,4,None,202,True,1
2026-03-19,09:30:49.226,383.0097,385.055,0.531,down,100,4,None,202,True,1
2026-03-19,09:30:49.351,383.0143,385.055,0.53,down,600,4,None,202,True,1
2026-03-19,09:30:49.374,382.975,385.055,0.54,down,250,4,None,202,True,1
2026-03-19,09:30:49.462,382.964,385.055,0.543,down,300,4,None,202,True,1
2026-03-19,09:30:49.479,382.975,385.055,0.54,down,100,4,None,202,True,1
2026-03-19,09:30:49.524,383,385.055,0.534,down,1106,4,None,202,True,1
2026-03-19,09:30:49.614,382.975,385.055,0.54,down,261,4,None,202,True,1
2026-03-19,09:30:49.642,382.975,385.055,0.54,down,250,4,None,202,True,1
2026-03-19,09:30:49.647,383.0299,385.055,0.526,down,1000,4,None,202,True,1
2026-03-19,09:30:49.683,382.93,385.055,0.552,down,350,4,None,202,True,1
2026-03-19,09:30:49.744,382.975,385.055,0.54,down,300,4,None,202,True,1
2026-03-19,09:30:49.834,382.9638,385.055,0.543,down,1500,4,None,202,True,1
2026-03-19,09:30:50.131,382.975,385.055,0.54,down,120,4,None,202,True,1
2026-03-19,09:30:50.227,382.975,385.055,0.54,down,100,4,None,202,True,1
2026-03-19,09:30:50.379,382.9201,385.055,0.554,down,100,4,None,202,True,1
2026-03-19,09:30:50.532,383.01,385.055,0.531,down,300,4,None,202,True,1
2026-03-19,09:30:50.542,383.01,385.055,0.531,down,200,4,None,202,True,1
2026-03-19,09:30:50.559,382.82,385.055,0.58,down,100,4,None,202,True,1
2026-03-19,09:30:50.567,382.785,385.055,0.59,down,173,4,None,202,True,1
2026-03-19,09:30:50.589,382.78,385.055,0.591,down,360,4,None,201,True,1
2026-03-19,09:30:50.692,382.665,385.055,0.621,down,121,4,None,202,True,1
2026-03-19,09:30:50.692,382.66,385.055,0.622,down,116,4,None,202,True,1
2026-03-19,09:30:50.724,382.625,385.055,0.631,down,100,4,None,202,True,1
2026-03-19,09:30:50.776,382.625,385.055,0.631,down,120,4,None,202,True,1
2026-03-19,09:30:50.776,382.625,385.055,0.631,down,300,4,None,202,True,1
2026-03-19,09:30:50.583,382.78,385.055,0.591,down,500,4,None,202,True,1
2026-03-19,09:30:50.795,382.465,385.055,0.673,down,100,4,None,202,True,1
2026-03-19,09:30:50.803,382.4675,385.055,0.672,down,100,4,None,202,True,1
2026-03-19,09:30:50.803,382.4775,385.055,0.669,down,192,4,None,202,True,1
2026-03-19,09:30:50.803,382.4725,385.055,0.671,down,100,4,None,202,True,1
2026-03-19,09:30:50.803,382.4675,385.055,0.672,down,100,4,None,202,True,1
2026-03-19,09:30:50.803,382.4725,385.055,0.671,down,100,4,None,202,True,1
2026-03-19,09:30:50.803,382.465,385.055,0.673,down,100,4,None,202,True,1
2026-03-19,09:30:50.819,382.455,385.055,0.675,down,200,4,None,202,True,1
2026-03-19,09:30:50.819,382.455,385.055,0.675,down,600,4,None,202,True,1
2026-03-19,09:30:50.825,382.455,385.055,0.675,down,200,4,None,202,True,1
2026-03-19,09:30:50.825,382.455,385.055,0.675,down,200,4,None,202,True,1
2026-03-19,09:30:50.825,382.455,385.055,0.675,down,200,4,None,202,True,1
2026-03-19,09:30:50.825,382.455,385.055,0.675,down,200,4,None,202,True,1
2026-03-19,09:30:50.829,382.51,385.055,0.661,down,988,4,None,202,True,1
2026-03-19,09:30:50.827,382.455,385.055,0.675,down,200,4,None,202,True,1
2026-03-19,09:30:50.833,382.51,385.055,0.661,down,4334,4,None,202,True,1
2026-03-19,09:30:50.835,382.5,385.055,0.664,down,100,4,None,202,True,1
2026-03-19,09:30:50.835,382.5,385.055,0.664,down,100,4,None,202,True,1
2026-03-19,09:30:50.900,382.42,385.055,0.684,down,1700,4,None,202,True,1
2026-03-19,09:30:50.933,382.42,385.055,0.684,down,100,4,None,202,True,1
2026-03-19,09:30:51.039,382.42,385.055,0.684,down,100,4,None,202,True,1
2026-03-19,09:30:51.055,382.42,385.055,0.684,down,569,4,None,202,True,1
2026-03-19,09:30:51.058,382.46,385.055,0.674,down,100,4,None,202,True,1
2026-03-19,09:30:51.084,382.42,385.055,0.684,down,100,4,None,202,True,1
2026-03-19,09:30:51.054,382.44,385.055,0.679,down,268,4,None,203,True,1
2026-03-19,09:30:51.343,382.3501,385.055,0.702,down,250,4,None,202,True,1
2026-03-19,09:30:51.356,382.42,385.055,0.684,down,200,4,None,202,True,1
2026-03-19,09:30:51.372,382.35,385.055,0.702,down,192,4,None,202,True,1
2026-03-19,09:30:51.380,382.335,385.055,0.706,down,200,4,None,202,True,1
2026-03-19,09:30:51.388,382.24,385.055,0.731,down,125,4,None,202,True,1
2026-03-19,09:30:51.398,382.24,385.055,0.731,down,121,4,None,202,True,1
2026-03-19,09:30:51.403,382.26,385.055,0.726,down,200,4,None,202,True,1
2026-03-19,09:30:51.409,382.26,385.055,0.726,down,100,4,None,202,True,1
2026-03-19,09:30:51.429,382.265,385.055,0.725,down,200,4,None,202,True,1
2026-03-19,09:30:51.437,382.265,385.055,0.725,down,200,4,None,202,True,1
2026-03-19,09:30:51.476,382.3582,385.055,0.7,down,100,4,None,202,True,1
2026-03-19,09:30:51.794,382.33,385.055,0.708,down,297,4,None,201,True,1
2026-03-19,09:30:52.017,382.3901,385.055,0.692,down,150,4,None,202,True,1
2026-03-19,09:30:52.120,382.395,385.055,0.691,down,1000,4,None,202,True,1
2026-03-19,09:30:52.141,382.35,385.055,0.702,down,100,4,None,202,True,1
2026-03-19,09:30:52.207,382.41,385.055,0.687,down,160,4,None,202,True,1
2026-03-19,09:30:52.207,382.41,385.055,0.687,down,320,4,None,202,True,1
2026-03-19,09:30:52.207,382.41,385.055,0.687,down,640,4,None,202,True,1
2026-03-19,09:30:52.207,382.42,385.055,0.684,down,1366,4,None,202,True,1
2026-03-19,09:30:52.225,382.355,385.055,0.701,down,100,4,None,202,True,1
2026-03-19,09:30:52.297,382.55,385.055,0.651,down,100,4,None,203,True,1
2026-03-19,09:30:52.371,382.36,385.055,0.7,down,100,4,None,202,True,1
2026-03-19,09:30:52.204,382.43,385.055,0.682,down,460,4,None,202,True,1
2026-03-19,09:30:52.204,382.43,385.055,0.682,down,500,4,None,202,True,1
2026-03-19,09:30:52.389,382.355,385.055,0.701,down,100,4,None,202,True,1
2026-03-19,09:30:52.393,382.25,385.055,0.728,down,100,4,None,202,True,1
2026-03-19,09:30:52.490,382.38,385.055,0.695,down,110,4,None,202,True,1
2026-03-19,09:30:52.592,382.4799,385.055,0.669,down,1000,4,None,202,True,1
2026-03-19,09:30:52.732,382.46,385.055,0.674,down,200,4,None,202,True,1
2026-03-19,09:30:52.808,382.365,385.055,0.699,down,200,4,None,202,True,1
2026-03-19,09:30:52.808,382.365,385.055,0.699,down,200,4,None,202,True,1
2026-03-19,09:30:52.808,382.365,385.055,0.699,down,280,4,None,202,True,1
2026-03-19,09:30:52.808,382.365,385.055,0.699,down,200,4,None,202,True,1
2026-03-19,09:30:52.808,382.365,385.055,0.699,down,121,4,None,202,True,1
2026-03-19,09:30:52.808,382.365,385.055,0.699,down,400,4,None,202,True,1
2026-03-19,09:30:52.808,382.365,385.055,0.699,down,200,4,None,202,True,1
2026-03-19,09:30:51.950,382.408,385.055,0.687,down,150,4,None,202,True,1
2026-03-19,09:30:53.233,382.41,385.055,0.687,down,100,4,None,202,True,1
2026-03-19,09:30:53.339,382.41,385.055,0.687,down,180,4,None,202,True,1
2026-03-19,09:30:53.501,382.345,385.055,0.704,down,100,4,None,202,True,1
2026-03-19,09:30:53.501,382.345,385.055,0.704,down,200,4,None,202,True,1
2026-03-19,09:30:53.502,382.345,385.055,0.704,down,100,4,None,202,True,1
2026-03-19,09:30:53.502,382.345,385.055,0.704,down,200,4,None,202,True,1
2026-03-19,09:30:53.502,382.345,385.055,0.704,down,200,4,None,202,True,1
2026-03-19,09:30:53.502,382.2901,385.055,0.718,down,200,4,None,202,True,1
2026-03-19,09:30:53.503,382.345,385.055,0.704,down,280,4,None,202,True,1
2026-03-19,09:30:53.512,382.345,385.055,0.704,down,320,4,None,202,True,1
2026-03-19,09:30:53.524,382.345,385.055,0.704,down,600,4,None,202,True,1
2026-03-19,09:30:53.537,382.385,385.055,0.693,down,600,4,None,202,True,1
2026-03-19,09:30:53.548,382.385,385.055,0.693,down,600,4,None,202,True,1
2026-03-19,09:30:53.535,382.385,385.055,0.693,down,159,4,None,201,True,1
2026-03-19,09:30:53.561,382.385,385.055,0.693,down,600,4,None,202,True,1
2026-03-19,09:30:53.655,382.3851,385.055,0.693,down,100,4,None,202,True,1
2026-03-19,09:30:53.688,382.51,385.055,0.661,down,100,4,None,202,True,1
2026-03-19,09:30:53.503,382.345,385.055,0.704,down,200,4,None,202,True,1
2026-03-19,09:30:53.742,382.43,385.055,0.682,down,100,4,None,202,True,1
2026-03-19,09:30:53.764,382.43,385.055,0.682,down,100,4,None,202,True,1
2026-03-19,09:30:53.763,382.425,385.055,0.683,down,100,4,None,201,True,1
2026-03-19,09:30:53.885,382.46,385.055,0.674,down,100,4,None,202,True,1
2026-03-19,09:30:53.938,382.54,385.055,0.653,down,113,4,None,202,True,1
2026-03-19,09:30:53.972,382.5,385.055,0.664,down,100,4,None,201,True,1
2026-03-19,09:30:54.102,382.52,385.055,0.658,down,125,4,None,202,True,1
2026-03-19,09:30:54.139,382.58,385.055,0.643,down,251,4,None,202,True,1
2026-03-19,09:30:54.212,382.5,385.055,0.664,down,100,4,None,202,True,1
2026-03-19,09:30:54.340,382.64,385.055,0.627,down,100,4,None,202,True,1
2026-03-19,09:30:54.483,382.56,385.055,0.648,down,100,4,None,202,True,1
2026-03-19,09:30:54.534,382.6399,385.055,0.627,down,100,4,None,202,True,1
2026-03-19,09:30:54.566,382.66,385.055,0.622,down,100,4,None,202,True,1
2026-03-19,09:30:54.641,382.55,385.055,0.651,down,240,4,None,202,True,1
2026-03-19,09:30:54.687,382.6199,385.055,0.632,down,100,4,None,202,True,1
2026-03-19,09:30:54.732,382.6127,385.055,0.634,down,175,4,None,202,True,1
2026-03-19,09:30:54.761,382.545,385.055,0.652,down,100,4,None,202,True,1
2026-03-19,09:30:54.767,382.63,385.055,0.63,down,100,4,None,202,True,1
2026-03-19,09:30:54.770,382.6,385.055,0.638,down,300,4,None,202,True,1
2026-03-19,09:30:54.783,382.56,385.055,0.648,down,100,4,None,202,True,1
2026-03-19,09:30:54.790,382.44,385.055,0.679,down,7738,4,None,202,True,1
2026-03-19,09:30:54.811,382.515,385.055,0.66,down,100,4,None,202,True,1
2026-03-19,09:30:54.833,382.515,385.055,0.66,down,118,4,None,201,True,1
2026-03-19,09:30:55.256,382.48,385.055,0.669,down,520,4,None,202,True,1
2026-03-19,09:30:55.322,382.55,385.055,0.651,down,102,4,None,202,True,1
2026-03-19,09:30:55.299,382.49,385.055,0.666,down,520,4,None,201,True,1
2026-03-19,09:30:55.390,382.365,385.055,0.699,down,100,4,None,202,True,1
2026-03-19,09:30:55.625,382.39,385.055,0.692,down,200,4,None,202,True,1
2026-03-19,09:30:55.712,382.3825,385.055,0.694,down,100,4,None,202,True,1
2026-03-19,09:30:55.714,382.41,385.055,0.687,down,500,4,None,201,True,1
2026-03-19,09:30:55.876,382.35,385.055,0.702,down,100,4,None,202,True,1
2026-03-19,09:30:56.040,382.29,385.055,0.718,down,100,4,None,202,True,1
2026-03-19,09:30:56.040,382.29,385.055,0.718,down,100,4,None,202,True,1
2026-03-19,09:30:56.040,382.28,385.055,0.721,down,480,4,None,202,True,1
2026-03-19,09:30:56.086,382.315,385.055,0.712,down,100,4,None,202,True,1
2026-03-19,09:30:56.166,382.31,385.055,0.713,down,100,4,None,202,True,1
2026-03-19,09:30:56.167,382.32,385.055,0.71,down,200,4,None,202,True,1
2026-03-19,09:30:56.167,382.32,385.055,0.71,down,100,4,None,202,True,1
2026-03-19,09:30:56.167,382.365,385.055,0.699,down,100,4,None,202,True,1
2026-03-19,09:30:56.167,382.365,385.055,0.699,down,100,4,None,202,True,1
2026-03-19,09:30:56.167,382.32,385.055,0.71,down,154,4,None,202,True,1
2026-03-19,09:30:56.217,382.41,385.055,0.687,down,100,4,None,202,True,1
2026-03-19,09:30:56.254,382.41,385.055,0.687,down,100,4,None,202,True,1
2026-03-19,09:30:56.254,382.41,385.055,0.687,down,100,4,None,202,True,1
2026-03-19,09:30:56.270,382.41,385.055,0.687,down,120,4,None,202,True,1
2026-03-19,09:30:56.343,382.465,385.055,0.673,down,100,4,None,202,True,1
2026-03-19,09:30:56.358,382.5299,385.055,0.656,down,100,4,None,202,True,1
2026-03-19,09:30:56.453,382.48,385.055,0.669,down,100,4,None,202,True,1
2026-03-19,09:30:56.734,382.485,385.055,0.667,down,100,4,None,202,True,1
2026-03-19,09:30:57.120,382.475,385.055,0.67,down,100,4,None,202,True,1
2026-03-19,09:30:57.523,382.7,385.055,0.612,down,100,4,None,202,True,1
2026-03-19,09:30:58.178,382.725,385.055,0.605,down,200,4,None,202,True,1
2026-03-19,09:30:58.234,382.9,385.055,0.56,down,100,4,None,202,True,1
2026-03-19,09:30:58.243,382.87,385.055,0.567,down,300,4,None,202,True,1
2026-03-19,09:30:58.256,382.85,385.055,0.573,down,100,4,None,202,True,1
2026-03-19,09:30:58.256,382.85,385.055,0.573,down,100,4,None,202,True,1
2026-03-19,09:30:58.300,382.805,385.055,0.584,down,100,4,None,202,True,1
2026-03-19,09:30:58.278,382.805,385.055,0.584,down,201,4,None,201,True,1
2026-03-19,09:30:58.358,382.795,385.055,0.587,down,100,4,None,202,True,1
2026-03-19,09:30:58.358,382.79,385.055,0.588,down,100,4,None,202,True,1
2026-03-19,09:30:58.358,382.805,385.055,0.584,down,100,4,None,202,True,1
2026-03-19,09:30:58.358,382.79,385.055,0.588,down,100,4,None,202,True,1
2026-03-19,09:30:58.358,382.74,385.055,0.601,down,200,4,None,202,True,1
2026-03-19,09:30:58.358,382.74,385.055,0.601,down,200,4,None,202,True,1
2026-03-19,09:30:58.358,382.8,385.055,0.586,down,100,4,None,202,True,1
2026-03-19,09:30:58.437,382.62,385.055,0.632,down,200,4,None,202,True,1
2026-03-19,09:30:58.459,382.62,385.055,0.632,down,240,4,None,202,True,1
2026-03-19,09:30:58.446,382.62,385.055,0.632,down,160,4,None,201,True,1
2026-03-19,09:30:58.475,382.659,385.055,0.622,down,220,4,None,202,True,1
2026-03-19,09:30:58.475,382.656,385.055,0.623,down,700,4,None,202,True,1
2026-03-19,09:30:58.555,382.71,385.055,0.609,down,126,4,None,202,True,1
2026-03-19,09:30:58.577,382.6575,385.055,0.623,down,100,4,None,202,True,1
2026-03-19,09:30:58.358,382.7725,385.055,0.593,down,100,4,None,202,True,1
2026-03-19,09:30:58.732,382.66,385.055,0.622,down,130,4,None,202,True,1
2026-03-19,09:30:58.898,382.604,385.055,0.637,down,500,4,None,202,True,1
2026-03-19,09:30:58.934,382.7399,385.055,0.601,down,750,4,None,202,True,1
2026-03-19,09:30:58.938,382.62,385.055,0.632,down,120,4,None,202,True,1
2026-03-19,09:30:58.938,382.62,385.055,0.632,down,120,4,None,202,True,1
2026-03-19,09:30:58.937,382.62,385.055,0.632,down,280,4,None,202,True,1
2026-03-19,09:30:58.938,382.62,385.055,0.632,down,240,4,None,202,True,1
2026-03-19,09:30:58.947,382.62,385.055,0.632,down,100,4,None,202,True,1
2026-03-19,09:30:58.803,382.655,385.055,0.623,down,200,4,None,202,True,1
2026-03-19,09:30:59.029,382.64,385.055,0.627,down,100,4,None,202,True,1
2026-03-19,09:30:59.108,382.6909,385.055,0.614,down,100,4,None,202,True,1
2026-03-19,09:30:58.234,382.9,385.055,0.56,down,100,4,None,202,True,1
2026-03-19,09:30:59.196,382.73,385.055,0.604,down,300,4,None,202,True,1
2026-03-19,09:30:59.197,382.73,385.055,0.604,down,100,4,None,202,True,1
2026-03-19,09:30:59.315,382.8399,385.055,0.575,down,158,4,None,202,True,1
2026-03-19,09:30:59.369,382.64,385.055,0.627,down,100,4,None,202,True,1
2026-03-19,09:30:59.442,382.772,385.055,0.593,down,100,4,None,202,True,1
2026-03-19,09:30:59.445,382.76,385.055,0.596,down,100,4,None,202,True,1
2026-03-19,09:30:59.446,382.76,385.055,0.596,down,100,4,None,202,True,1
2026-03-19,09:30:59.439,382.76,385.055,0.596,down,100,4,None,202,True,1
2026-03-19,09:30:59.602,382.9099,385.055,0.557,down,106,4,None,202,True,1
2026-03-19,09:30:59.778,382.9099,385.055,0.557,down,100,4,None,202,True,1
2026-03-19,09:30:59.794,382.728,385.055,0.604,down,220,4,None,202,True,1
2026-03-19,09:30:59.964,382.84,385.055,0.575,down,200,4,None,202,True,1
2026-03-20,10:04:33.077,377.93,371.55,1.717,up,100,4,"[22, 41]",202,True,1
2026-03-23,09:30:45.519,376.3799,374.49,0.505,up,135,4,None,202,True,1
2026-03-23,09:30:45.609,376.365,374.49,0.501,up,100,4,None,202,True,1
2026-03-23,09:30:45.730,376.3625,374.49,0.5,up,100,4,None,202,True,1
2026-03-23,09:30:45.807,376.4,374.49,0.51,up,100,4,None,202,True,1
2026-03-23,09:30:45.843,376.4299,374.49,0.518,up,100,4,None,202,True,1
2026-03-23,09:30:45.869,376.4097,374.49,0.513,up,100,4,None,202,True,1
2026-03-23,09:30:45.888,376.4228,374.49,0.516,up,200,4,None,201,True,1
2026-03-23,09:30:45.930,376.41,374.49,0.513,up,100,4,None,202,True,1
2026-03-23,09:30:45.938,376.37,374.49,0.502,up,140,4,None,202,True,1
2026-03-23,09:30:46.034,376.42,374.49,0.515,up,100,4,None,202,True,1
2026-03-23,09:30:46.084,376.3944,374.49,0.509,up,200,4,None,202,True,1
2026-03-23,09:30:46.112,376.37,374.49,0.502,up,100,4,None,202,True,1
2026-03-23,09:30:46.112,376.37,374.49,0.502,up,100,4,None,203,True,1
2026-03-23,09:30:46.141,376.385,374.49,0.506,up,235,4,None,202,True,1
2026-03-23,09:30:46.223,376.39,374.49,0.507,up,100,4,None,202,True,1
2026-03-23,09:30:46.225,376.42,374.49,0.515,up,130,4,None,202,True,1
2026-03-23,09:30:46.057,376.4131,374.49,0.514,up,148,4,None,202,True,1
2026-03-23,09:30:46.266,376.42,374.49,0.515,up,100,4,None,202,True,1
2026-03-23,09:30:46.266,376.42,374.49,0.515,up,100,4,None,202,True,1
2026-03-23,09:30:46.266,376.42,374.49,0.515,up,100,4,None,202,True,1
2026-03-23,09:30:46.453,376.3699,374.49,0.502,up,200,4,None,202,True,1
2026-03-23,09:30:46.615,376.3699,374.49,0.502,up,200,4,None,202,True,1
2026-03-23,09:30:47.249,376.46,374.49,0.526,up,1680,4,None,202,True,1
2026-03-23,09:30:47.255,376.44,374.49,0.521,up,100,4,None,202,True,1
2026-03-23,09:30:47.255,376.45,374.49,0.523,up,100,4,None,202,True,1
2026-03-23,09:30:47.255,376.45,374.49,0.523,up,100,4,None,202,True,1
2026-03-23,09:30:47.272,376.451,374.49,0.524,up,100,4,None,202,True,1
2026-03-23,09:30:47.275,376.3725,374.49,0.503,up,100,4,None,201,True,1
2026-03-23,09:30:47.301,376.3901,374.49,0.507,up,100,4,None,202,True,1
2026-03-23,09:30:47.310,376.4016,374.49,0.51,up,250,4,None,202,True,1
2026-03-23,09:30:47.337,376.42,374.49,0.515,up,100,4,None,202,True,1
2026-03-23,09:30:47.358,376.42,374.49,0.515,up,100,4,None,202,True,1
2026-03-23,09:30:47.361,376.45,374.49,0.523,up,100,4,None,202,True,1
2026-03-23,09:30:47.361,376.45,374.49,0.523,up,120,4,None,202,True,1
2026-03-23,09:30:47.411,376.43,374.49,0.518,up,200,4,None,202,True,1
2026-03-23,09:30:47.416,376.4799,374.49,0.531,up,200,4,None,202,True,1
2026-03-23,09:30:47.446,376.4799,374.49,0.531,up,500,4,None,202,True,1
2026-03-23,09:30:47.461,376.4201,374.49,0.515,up,200,4,None,202,True,1
2026-03-23,09:30:47.462,376.3806,374.49,0.505,up,100,4,None,202,True,1
2026-03-23,09:30:47.507,376.42,374.49,0.515,up,500,4,None,202,True,1
2026-03-23,09:30:47.609,376.42,374.49,0.515,up,100,4,None,202,True,1
2026-03-23,09:30:47.658,376.425,374.49,0.517,up,375,4,None,202,True,1
2026-03-23,09:30:47.679,376.425,374.49,0.517,up,115,4,None,202,True,1
2026-03-23,09:30:47.697,376.47,374.49,0.529,up,100,4,None,202,True,1
2026-03-23,09:30:47.697,376.47,374.49,0.529,up,592,4,None,202,True,1
2026-03-23,09:30:47.700,376.4799,374.49,0.531,up,400,4,None,202,True,1
2026-03-23,09:30:47.747,376.39,374.49,0.507,up,140,4,None,202,True,1
2026-03-23,09:30:47.796,376.547,374.49,0.549,up,100,4,None,202,True,1
2026-03-23,09:30:47.856,376.4802,374.49,0.531,up,100,4,None,202,True,1
2026-03-23,09:30:47.922,376.5151,374.49,0.541,up,100,4,None,202,True,1
2026-03-23,09:30:47.996,376.54,374.49,0.547,up,120,4,None,202,True,1
2026-03-23,09:30:47.998,376.5262,374.49,0.544,up,120,4,None,202,True,1
2026-03-23,09:30:48.056,376.6,374.49,0.563,up,320,4,None,202,True,1
2026-03-23,09:30:48.059,376.6,374.49,0.563,up,295,4,None,202,True,1
2026-03-23,09:30:48.097,376.6,374.49,0.563,up,200,4,None,202,True,1
2026-03-23,09:30:47.875,376.515,374.49,0.541,up,200,4,None,202,True,1
2026-03-23,09:30:48.205,376.655,374.49,0.578,up,260,4,None,202,True,1
2026-03-23,09:30:48.300,376.695,374.49,0.589,up,200,4,None,202,True,1
2026-03-23,09:30:48.354,376.7,374.49,0.59,up,100,4,None,202,True,1
2026-03-23,09:30:48.398,376.7171,374.49,0.595,up,100,4,None,202,True,1
2026-03-23,09:30:48.409,376.8,374.49,0.617,up,200,4,None,202,True,1
2026-03-23,09:30:48.421,376.8,374.49,0.617,up,100,4,None,202,True,1
2026-03-23,09:30:48.428,376.7101,374.49,0.593,up,300,4,None,202,True,1
2026-03-23,09:30:48.458,376.66,374.49,0.579,up,200,4,None,202,True,1
2026-03-23,09:30:48.473,376.68,374.49,0.585,up,100,4,None,202,True,1
2026-03-23,09:30:48.489,376.735,374.49,0.599,up,100,4,None,202,True,1
2026-03-23,09:30:48.500,376.57,374.49,0.555,up,200,4,None,202,True,1
2026-03-23,09:30:48.567,376.61,374.49,0.566,up,100,4,None,202,True,1
2026-03-23,09:30:48.567,376.62,374.49,0.569,up,100,4,None,202,True,1
2026-03-23,09:30:48.619,376.52,374.49,0.542,up,100,4,None,202,True,1
2026-03-23,09:30:48.619,376.5,374.49,0.537,up,100,4,None,202,True,1
2026-03-23,09:30:48.629,376.52,374.49,0.542,up,1000,4,None,202,True,1
2026-03-23,09:30:48.653,376.455,374.49,0.525,up,500,4,None,202,True,1
2026-03-23,09:30:48.688,376.39,374.49,0.507,up,1800,4,None,202,True,1
2026-03-23,09:30:48.721,376.465,374.49,0.527,up,150,4,None,202,True,1
2026-03-23,09:30:48.735,376.465,374.49,0.527,up,300,4,None,202,True,1
2026-03-23,09:30:48.741,376.53,374.49,0.545,up,150,4,None,202,True,1
2026-03-23,09:30:48.753,376.3801,374.49,0.505,up,100,4,None,202,True,1
2026-03-23,09:30:48.857,376.4931,374.49,0.535,up,150,4,None,202,True,1
2026-03-23,09:30:49.275,376.375,374.49,0.503,up,100,4,None,202,True,1
2026-03-23,09:30:49.364,376.4,374.49,0.51,up,100,4,None,202,True,1
2026-03-23,09:30:49.400,376.4,374.49,0.51,up,400,4,None,202,True,1
2026-03-23,09:30:49.441,376.4299,374.49,0.518,up,100,4,None,202,True,1
2026-03-23,09:30:49.687,376.3863,374.49,0.506,up,100,4,None,202,True,1
2026-03-23,09:30:49.738,376.4199,374.49,0.515,up,100,4,None,202,True,1
2026-03-23,09:30:49.821,376.3699,374.49,0.502,up,100,4,None,202,True,1
2026-03-23,09:30:49.831,376.37,374.49,0.502,up,100,4,None,202,True,1
2026-03-23,09:30:49.853,376.365,374.49,0.501,up,146,4,None,202,True,1
2026-03-23,09:30:53.612,376.435,374.49,0.519,up,200,4,None,202,True,1
2026-03-23,09:30:53.714,376.4103,374.49,0.513,up,100,4,None,202,True,1
2026-03-23,09:30:53.866,376.45,374.49,0.523,up,3000,4,None,202,True,1
2026-03-23,09:30:53.877,376.365,374.49,0.501,up,200,4,None,202,True,1
2026-03-23,09:30:53.963,376.37,374.49,0.502,up,100,4,None,202,True,1
2026-03-23,09:30:54.000,376.41,374.49,0.513,up,150,4,None,202,True,1
2026-03-23,09:30:54.051,376.4199,374.49,0.515,up,100,4,None,202,True,1
2026-03-23,09:30:54.596,376.3699,374.49,0.502,up,300,4,None,202,True,1
2026-03-23,09:30:54.821,376.3783,374.49,0.504,up,250,4,None,202,True,1
2026-03-23,09:30:54.870,376.38,374.49,0.505,up,240,4,None,202,True,1
2026-03-23,09:30:55.099,376.3999,374.49,0.51,up,1500,4,None,202,True,1
2026-03-23,09:30:55.136,376.3999,374.49,0.51,up,100,4,None,202,True,1
2026-03-23,09:58:13.177,373.2799,381.375,2.123,down,400,4,"[10, 22, 41]",202,True,3
2026-03-23,09:58:14.172,373.2799,381.375,2.123,down,100,4,"[10, 22, 41]",202,True,3
2026-03-23,11:00:29.893,373.9324,383.51,2.497,down,1355,4,"[10, 22, 41]",202,True,3
2026-03-24,12:15:00.288,386.1045,382.82,0.858,up,480,4,"[10, 22, 41]",202,True,1
2026-03-24,13:21:28.981,383.5791,381.0607,0.661,up,479,4,"[10, 22, 41]",202,True,1
2026-03-25,09:30:03.630,392.18,390.1625,0.517,up,100,4,None,202,False,
2026-03-25,09:30:03.638,392.2121,390.1625,0.525,up,100,4,None,202,False,
2026-03-25,09:30:03.651,392.246,390.1625,0.534,up,207,4,None,202,False,
2026-03-25,09:30:03.725,392.248,390.1625,0.535,up,400,4,None,202,False,
2026-03-25,09:30:03.775,392.2117,390.1625,0.525,up,100,4,None,202,False,
2026-03-25,09:30:03.910,392.115,390.1625,0.5,up,120,4,None,202,False,
2026-03-25,09:30:03.911,392.12,390.1625,0.502,up,200,4,None,202,False,
2026-03-25,09:30:04.803,392.16,390.1625,0.512,up,100,4,None,202,False,
2026-03-25,09:30:04.847,392.16,390.1625,0.512,up,100,4,None,202,False,
2026-03-25,09:30:04.855,392.115,390.1625,0.5,up,500,4,None,202,False,
2026-03-25,09:30:04.873,392.238,390.1625,0.532,up,120,4,None,202,False,
2026-03-25,09:30:04.997,392.33,390.1625,0.556,up,100,4,None,202,False,
2026-03-25,09:30:05.058,392.34,390.1625,0.558,up,640,4,None,202,False,
2026-03-25,09:30:05.096,392.3568,390.1625,0.562,up,150,4,None,202,False,
2026-03-25,09:30:05.329,392.3451,390.1625,0.559,up,100,4,None,202,False,
2026-03-25,09:30:05.338,392.31,390.1625,0.55,up,120,4,None,202,False,
2026-03-25,09:30:05.339,392.31,390.1625,0.55,up,120,4,None,202,False,
2026-03-25,09:30:05.341,392.2101,390.1625,0.525,up,530,4,None,202,False,
2026-03-25,09:30:05.480,392.31,390.1625,0.55,up,100,4,None,202,False,
2026-03-25,09:30:05.506,392.265,390.1625,0.539,up,500,4,None,202,False,
2026-03-25,09:30:05.526,392.265,390.1625,0.539,up,160,4,None,202,False,
2026-03-25,10:52:28.695,390.7508,393.985,0.821,down,543,4,"[10, 22, 41]",202,True,1
2026-03-30,09:30:11.398,363,364.825,0.5,down,330,4,None,202,True,1
2026-03-30,09:31:55.282,367.22,365.365,0.508,up,400,4,None,202,True,1
2026-03-30,09:31:55.375,367.2091,365.365,0.505,up,200,4,None,202,True,1
2026-03-30,09:31:55.482,367.1951,365.365,0.501,up,100,4,None,202,True,1
2026-03-30,09:31:55.781,367.2,365.365,0.502,up,100,4,None,202,True,1
2026-03-30,09:31:55.899,367.2151,365.365,0.506,up,200,4,None,202,True,1
2026-03-30,09:31:56.254,367.2799,365.365,0.524,up,150,4,None,202,True,1
2026-03-30,09:31:56.356,367.225,365.365,0.509,up,175,4,None,202,True,1
2026-03-30,09:31:56.616,367.2,365.365,0.502,up,480,4,None,202,True,1
2026-03-30,09:31:56.609,367.2,365.365,0.502,up,120,4,None,202,True,1
2026-03-30,09:31:57.045,367.2,365.365,0.502,up,200,4,None,202,True,1
2026-03-30,09:31:57.071,367.2499,365.365,0.516,up,500,4,None,202,True,1
2026-03-30,09:31:57.232,367.215,365.365,0.506,up,200,4,None,202,True,1
2026-03-30,09:31:57.239,367.215,365.365,0.506,up,216,4,None,202,True,1
2026-03-30,09:31:57.261,367.215,365.365,0.506,up,150,4,None,202,True,1
2026-03-30,09:31:57.311,367.215,365.365,0.506,up,200,4,None,202,True,1
2026-03-30,09:31:57.132,367.215,365.365,0.506,up,200,4,None,202,True,1
2026-03-30,09:31:57.397,367.22,365.365,0.508,up,100,4,None,202,True,1
2026-03-30,09:31:57.429,367.22,365.365,0.508,up,100,4,None,202,True,1
2026-03-30,09:31:57.469,367.22,365.365,0.508,up,500,4,None,202,True,1
2026-03-30,09:32:20.830,364.9001,366.75,0.504,down,100,4,None,202,True,1
2026-03-30,09:32:20.853,364.9024,366.75,0.504,down,200,4,None,202,True,1
2026-03-30,09:32:21.476,364.9157,366.75,0.5,down,100,4,None,202,True,1
2026-03-30,09:32:21.639,364.9039,366.75,0.503,down,200,4,None,202,True,1
2026-04-02,09:30:38.329,367,365.1475,0.507,up,100,4,None,202,True,1
2026-04-02,09:30:38.507,367.05,365.1475,0.521,up,120,4,None,202,True,1
2026-04-02,09:30:38.507,367.05,365.1475,0.521,up,120,4,None,202,True,1
2026-04-02,09:30:38.507,367.05,365.1475,0.521,up,120,4,None,202,True,1
2026-04-02,09:30:38.508,367.05,365.1475,0.521,up,150,4,None,202,True,1
2026-04-02,09:30:38.509,367.05,365.1475,0.521,up,750,4,None,202,True,1
2026-04-02,09:30:38.509,367.05,365.1475,0.521,up,240,4,None,202,True,1
2026-04-02,09:30:38.552,367.03,365.1475,0.516,up,140,4,None,202,True,1
2026-04-02,09:30:38.747,367.01,365.1475,0.51,up,100,4,None,202,True,1
2026-04-02,09:30:38.724,367.065,365.1475,0.525,up,200,4,None,201,True,1
2026-04-02,09:30:38.870,367.1,365.1475,0.535,up,300,4,None,202,True,1
2026-04-02,09:30:38.920,367.12,365.1475,0.54,up,100,4,None,202,True,1
2026-04-02,09:30:38.997,367.11,365.1475,0.537,up,200,4,None,202,True,1
2026-04-02,09:30:39.080,367.06,365.1475,0.524,up,200,4,None,202,True,1
2026-04-02,09:30:39.080,367.0728,365.1475,0.527,up,130,4,None,202,True,1
2026-04-02,09:30:39.137,367.13,365.1475,0.543,up,100,4,None,202,True,1
2026-04-02,09:30:39.197,367.1896,365.1475,0.559,up,100,4,None,202,True,1
2026-04-02,09:30:39.203,367.2099,365.1475,0.565,up,100,4,None,202,True,1
2026-04-02,09:30:39.233,367.21,365.1475,0.565,up,100,4,None,202,True,1
2026-04-02,09:30:39.403,367.0545,365.1475,0.522,up,200,4,None,202,True,1
2026-04-02,09:30:39.406,367.0584,365.1475,0.523,up,150,4,None,202,True,1
2026-04-02,09:30:39.426,367.115,365.1475,0.539,up,100,4,None,202,True,1
2026-04-02,09:30:39.439,367.0975,365.1475,0.534,up,100,4,None,201,True,1
2026-04-02,09:30:39.484,367.13,365.1475,0.543,up,100,4,None,202,True,1
2026-04-02,09:30:39.549,367.16,365.1475,0.551,up,500,4,None,202,True,1
2026-04-02,09:30:39.661,366.99,365.1475,0.505,up,405,4,None,202,True,1
2026-04-02,09:30:39.678,367.1799,365.1475,0.557,up,100,4,None,202,True,1
2026-04-02,09:30:39.796,367.1294,365.1475,0.543,up,150,4,None,202,True,1
2026-04-02,09:30:39.825,367.08,365.1475,0.529,up,100,4,None,202,True,1
2026-04-02,09:30:39.864,367.08,365.1475,0.529,up,400,4,None,202,True,1
2026-04-02,09:30:39.889,367.08,365.1475,0.529,up,209,4,None,202,True,1
2026-04-02,09:30:39.992,367.08,365.1475,0.529,up,100,4,None,202,True,1
2026-04-02,09:30:40.019,367.08,365.1475,0.529,up,100,4,None,202,True,1
2026-04-02,09:30:40.077,367.08,365.1475,0.529,up,200,4,None,202,True,1
2026-04-02,09:30:40.089,367.17,365.1475,0.554,up,100,4,None,202,True,1
2026-04-02,09:30:40.131,367.1899,365.1475,0.559,up,300,4,None,202,True,1
2026-04-02,09:30:40.190,367.1134,365.1475,0.538,up,250,4,None,202,True,1
2026-04-02,09:30:40.208,367.1599,365.1475,0.551,up,100,4,None,202,True,1
2026-04-02,09:30:40.214,367.05,365.1475,0.521,up,100,4,None,202,True,1
2026-04-02,09:30:40.228,367.15,365.1475,0.548,up,200,4,None,202,True,1
2026-04-02,09:30:40.154,366.98,365.1475,0.502,up,100,4,None,202,True,1
2026-04-02,09:30:40.946,366.9999,365.1475,0.507,up,100,4,None,202,True,1
2026-04-02,09:30:41.115,366.99,365.1475,0.505,up,109,4,None,202,True,1
2026-04-02,09:30:41.115,366.99,365.1475,0.505,up,191,4,None,203,True,1
2026-04-02,09:30:41.212,367.0686,365.1475,0.526,up,200,4,None,202,True,1
2026-04-02,09:30:41.387,367.0276,365.1475,0.515,up,300,4,None,202,True,1
2026-04-02,09:30:41.602,367.29,365.1475,0.587,up,860,4,None,202,True,1
2026-04-02,09:30:41.630,367.18,365.1475,0.557,up,105,4,None,202,True,1
2026-04-02,09:30:41.740,367.02,365.1475,0.513,up,100,4,None,202,True,1
2026-04-02,09:30:41.790,366.9961,365.1475,0.506,up,100,4,None,202,True,1
2026-04-02,09:30:42.303,366.9741,365.1475,0.5,up,100,4,None,202,True,1
2026-04-02,09:30:43.021,367.005,365.1475,0.509,up,100,4,None,202,True,1
2026-04-02,09:30:43.993,366.99,365.1475,0.505,up,300,4,None,202,True,1
2026-04-02,09:30:47.120,367.005,365.1475,0.509,up,100,4,None,202,True,1
2026-04-02,09:30:47.120,367.005,365.1475,0.509,up,100,4,None,202,True,1
2026-04-02,09:30:47.120,367.005,365.1475,0.509,up,100,4,None,202,True,1
2026-04-02,09:30:47.120,367.005,365.1475,0.509,up,300,4,None,202,True,1
2026-04-02,09:30:47.120,367.005,365.1475,0.509,up,760,4,None,202,True,1
2026-04-02,09:30:47.151,367,365.1475,0.507,up,300,4,None,202,True,1
2026-04-02,09:30:47.151,367,365.1475,0.507,up,300,4,None,202,True,1
2026-04-02,09:30:47.151,367,365.1475,0.507,up,840,4,None,202,True,1
2026-04-02,09:30:47.120,367.005,365.1475,0.509,up,100,4,None,202,True,1
2026-04-02,09:30:47.370,367.066,365.1475,0.525,up,230,4,None,202,True,1
2026-04-02,09:30:47.379,367.0244,365.1475,0.514,up,500,4,None,202,True,1
2026-04-02,09:30:47.483,367.07,365.1475,0.526,up,118,4,None,202,True,1
2026-04-02,09:30:47.514,367.015,365.1475,0.511,up,100,4,None,202,True,1
2026-04-02,09:30:47.622,367.045,365.1475,0.52,up,100,4,None,202,True,1
2026-04-02,09:30:47.655,367.1,365.1475,0.535,up,100,4,None,202,True,1
2026-04-02,09:30:47.601,367.045,365.1475,0.52,up,500,4,None,201,True,1
2026-04-02,09:30:47.949,367.04,365.1475,0.518,up,500,4,None,202,True,1
2026-04-02,09:30:47.988,366.99,365.1475,0.505,up,500,4,None,202,True,1
2026-04-02,09:30:48.101,367.0649,365.1475,0.525,up,1777,4,None,202,True,1
2026-04-02,09:30:48.118,367.0481,365.1475,0.521,up,100,4,None,202,True,1
2026-04-02,09:30:48.165,367.09,365.1475,0.532,up,100,4,None,202,True,1
2026-04-02,09:30:49.032,367.0198,365.1475,0.513,up,500,4,None,202,True,1
2026-04-02,09:30:49.467,366.9999,365.1475,0.507,up,1000,4,None,202,True,1
2026-04-02,09:30:50.019,366.9812,365.1475,0.502,up,100,4,None,202,True,1
2026-04-02,09:30:50.491,367.06,365.1475,0.524,up,175,4,None,202,True,1
2026-04-02,09:30:50.520,367.01,365.1475,0.51,up,524,4,None,202,True,1
2026-04-02,09:30:50.744,367.06,365.1475,0.524,up,200,4,None,202,True,1
2026-04-02,09:30:50.909,367.03,365.1475,0.516,up,177,4,None,202,True,1
2026-04-02,09:30:51.121,367.06,365.1475,0.524,up,125,4,None,202,True,1
2026-04-02,09:30:51.189,367.0302,365.1475,0.516,up,120,4,None,202,True,1
2026-04-02,09:30:51.189,367.0302,365.1475,0.516,up,240,4,None,202,True,1
2026-04-02,09:30:51.190,367.0302,365.1475,0.516,up,161,4,None,202,True,1
2026-04-02,09:30:51.190,367.0302,365.1475,0.516,up,149,4,None,202,True,1
2026-04-02,09:30:51.194,367,365.1475,0.507,up,437,4,None,202,True,1
2026-04-02,09:30:51.200,367.025,365.1475,0.514,up,140,4,None,202,True,1
2026-04-02,09:30:51.205,367.09,365.1475,0.532,up,100,4,None,202,True,1
2026-04-02,09:30:51.255,367.09,365.1475,0.532,up,100,4,None,202,True,1
2026-04-02,09:30:51.255,367.08,365.1475,0.529,up,100,4,None,202,True,1
2026-04-02,09:30:51.364,367.03,365.1475,0.516,up,100,4,None,202,True,1
2026-04-02,09:30:51.473,367.03,365.1475,0.516,up,100,4,None,202,True,1
2026-04-02,09:30:51.486,367.0301,365.1475,0.516,up,250,4,None,202,True,1
2026-04-02,09:30:51.545,366.98,365.1475,0.502,up,100,4,None,202,True,1
2026-04-02,09:30:51.545,366.98,365.1475,0.502,up,100,4,None,202,True,1
2026-04-02,09:30:51.545,366.99,365.1475,0.505,up,100,4,None,202,True,1
2026-04-02,09:30:51.749,366.975,365.1475,0.5,up,200,4,None,202,True,1
2026-04-02,09:30:51.799,367.03,365.1475,0.516,up,102,4,None,202,True,1
2026-04-06,09:30:01.154,361.53,363.575,0.562,down,121,4,None,202,True,1
2026-04-06,09:30:01.155,361.51,363.575,0.568,down,175,4,None,202,True,1
2026-04-06,09:30:01.156,361.51,363.575,0.568,down,560,4,None,202,True,1
2026-04-06,09:30:01.156,361.51,363.575,0.568,down,160,4,None,202,True,1
2026-04-06,09:30:01.337,361.61,363.575,0.54,down,100,4,None,202,True,1
2026-04-06,09:30:01.338,361.625,363.575,0.536,down,300,4,None,202,True,1
2026-04-06,09:30:01.343,361.61,363.575,0.54,down,300,4,None,202,True,1
2026-04-06,09:30:01.427,361.6175,363.575,0.538,down,100,4,None,202,True,1
2026-04-06,09:30:01.428,361.62,363.575,0.538,down,200,4,None,202,True,1
2026-04-06,09:30:01.484,361.7075,363.575,0.514,down,300,4,None,202,True,1
2026-04-06,09:30:01.495,361.645,363.575,0.531,down,300,4,None,202,True,1
2026-04-06,09:30:01.497,361.645,363.575,0.531,down,300,4,None,202,True,1
2026-04-06,09:30:01.515,361.695,363.575,0.517,down,300,4,None,202,True,1
2026-04-06,09:30:01.517,361.695,363.575,0.517,down,250,4,None,202,True,1
2026-04-06,09:30:01.537,361.695,363.575,0.517,down,144,4,None,202,True,1
2026-04-06,09:30:01.487,361.625,363.575,0.536,down,300,4,None,202,True,1
2026-04-06,09:30:01.484,361.7075,363.575,0.514,down,300,4,None,202,True,1
2026-04-06,09:30:01.428,361.59,363.575,0.546,down,100,4,None,202,True,1
2026-04-06,09:30:01.780,361.7,363.575,0.516,down,300,4,None,202,True,1
2026-04-06,09:30:01.093,361.58,363.575,0.549,down,500,4,None,202,True,1
2026-04-06,09:30:09.689,361.75,363.575,0.502,down,100,4,None,202,True,1
2026-04-06,09:30:09.721,361.65,363.575,0.529,down,100,4,None,202,True,1
2026-04-06,09:30:01.517,361.7394,363.575,0.505,down,196,4,None,202,True,1
2026-04-06,09:30:01.472,361.7371,363.575,0.506,down,552,4,None,202,True,1
2026-04-06,09:30:01.479,361.7034,363.575,0.515,down,262,4,None,202,True,1
2026-04-06,09:30:01.335,361.755,363.575,0.501,down,138,4,None,202,True,1
2026-04-06,09:30:01.494,361.71,363.575,0.513,down,135,4,None,202,True,1
2026-04-06,09:30:01.757,361.7409,363.575,0.504,down,290,4,None,202,True,1
2026-04-06,09:30:01.339,361.61,363.575,0.54,down,320,4,[32],202,True,1
2026-04-06,09:30:01.499,361.645,363.575,0.531,down,400,4,None,202,True,1
2026-04-06,09:30:01.688,361.695,363.575,0.517,down,100,4,None,202,True,1
2026-04-06,09:30:01.781,361.7,363.575,0.516,down,260,4,None,202,True,1
2026-04-07,09:30:00.841,344.9336,346.91,0.57,down,200,4,None,202,True,1
2026-04-07,09:30:00.841,344.9348,346.91,0.569,down,150,4,None,202,True,1
2026-04-07,09:30:00.842,344.9336,346.91,0.57,down,200,4,None,202,True,1
2026-04-07,09:30:00.842,344.9325,346.91,0.57,down,290,4,None,202,True,1
2026-04-07,09:30:00.930,344.922,346.91,0.573,down,107,4,None,202,True,1
2026-04-07,09:30:00.974,344.912,346.91,0.576,down,200,4,None,202,True,1
2026-04-07,09:30:01.009,344.922,346.91,0.573,down,454,4,None,202,True,1
2026-04-07,09:30:01.120,345.16,346.91,0.504,down,120,4,None,202,True,1
2026-04-07,09:30:01.144,345.012,346.91,0.547,down,138,4,None,202,True,1
2026-04-07,09:30:01.016,345.15,346.91,0.507,down,100,4,None,202,True,1
2026-04-07,09:30:00.870,344.92,346.91,0.574,down,400,4,None,202,True,1
2026-04-07,09:30:01.197,345.17,346.91,0.502,down,250,4,None,202,True,1
2026-04-07,09:30:00.875,344.92,346.91,0.574,down,100,4,None,202,True,1
2026-04-07,09:30:01.236,345.002,346.91,0.55,down,100,4,None,202,True,1
2026-04-07,09:30:01.241,345.002,346.91,0.55,down,100,4,None,202,True,1
2026-04-07,09:30:01.242,345.002,346.91,0.55,down,110,4,None,202,True,1
2026-04-07,09:30:01.252,345.002,346.91,0.55,down,250,4,None,202,True,1
2026-04-07,09:30:01.258,345.1362,346.91,0.511,down,100,4,None,202,True,1
2026-04-07,09:30:01.271,345.0001,346.91,0.551,down,140,4,None,202,True,1
2026-04-07,09:30:01.314,345.1111,346.91,0.519,down,175,4,None,202,True,1
2026-04-07,09:30:01.369,345.01,346.91,0.548,down,280,4,None,202,True,1
2026-04-07,09:30:01.370,345.01,346.91,0.548,down,560,4,None,202,True,1
2026-04-07,09:30:01.370,345.01,346.91,0.548,down,160,4,None,202,True,1
2026-04-07,09:30:01.385,345.13,346.91,0.513,down,100,4,None,202,True,1
2026-04-07,09:30:01.405,345.12,346.91,0.516,down,100,4,None,202,True,1
2026-04-07,09:30:01.177,345.01,346.91,0.548,down,1000,4,None,202,True,1
2026-04-07,09:30:01.195,345.01,346.91,0.548,down,144,4,None,202,True,1
2026-04-07,09:30:01.358,344.94,346.91,0.568,down,100,4,None,202,True,1
2026-04-07,09:30:01.361,344.94,346.91,0.568,down,200,4,None,202,True,1
2026-04-07,09:30:01.364,344.94,346.91,0.568,down,450,4,None,202,True,1
2026-04-07,09:30:01.373,344.94,346.91,0.568,down,100,4,None,202,True,1
2026-04-07,09:30:01.359,344.94,346.91,0.568,down,500,4,None,202,True,1
2026-04-07,09:30:01.367,344.94,346.91,0.568,down,100,4,None,202,True,1
2026-04-07,09:30:00.862,344.91,346.91,0.577,down,265,4,None,202,True,1
2026-04-07,09:30:00.862,344.91,346.91,0.577,down,233,4,None,202,True,1
2026-04-07,09:30:00.863,344.91,346.91,0.577,down,115,4,None,202,True,1
2026-04-07,09:30:01.196,345.01,346.91,0.548,down,150,4,None,202,True,1
2026-04-07,09:30:01.274,345.0001,346.91,0.551,down,400,4,None,202,True,1
2026-04-07,09:30:01.294,345,346.91,0.551,down,100,4,None,202,True,1
2026-04-07,09:30:01.360,344.94,346.91,0.568,down,400,4,None,202,True,1
2026-04-07,09:30:01.016,345.16,346.91,0.504,down,100,4,None,202,True,1
2026-04-07,09:30:00.861,345,346.91,0.551,down,560,4,None,202,True,1
2026-04-07,09:30:00.842,345,346.91,0.551,down,280,4,None,202,True,1
2026-04-07,09:59:15.773,344.92,342.82,0.613,up,100,4,"[10, 22, 41]",202,True,1
2026-04-07,09:30:00.875,344.92,346.91,0.574,down,100,4,None,202,True,1
2026-04-07,10:00:11.791,345.4299,342.8125,0.763,up,100,4,"[10, 22, 41]",202,True,1
2026-04-07,13:50:02.452,339.63,342.9379,0.965,down,100,4,"[10, 22, 41]",202,True,2
2026-04-08,09:30:00.178,363.795,361.34,0.679,up,100,4,None,202,True,4
2026-04-08,09:30:00.208,363.876,361.34,0.702,up,100,4,None,202,True,4
2026-04-08,09:30:00.215,363.795,361.34,0.679,up,391,4,None,202,True,4
2026-04-08,09:30:00.232,363.795,361.34,0.679,up,108,4,None,202,True,4
2026-04-08,09:30:00.249,363.795,361.34,0.679,up,104,4,None,202,True,4
2026-04-08,09:30:00.341,363.924,361.34,0.715,up,100,4,None,202,True,4
2026-04-08,09:30:00.342,364.0914,361.34,0.761,up,100,4,None,202,True,4
2026-04-08,09:30:00.342,364.1,361.34,0.764,up,1000,4,None,202,True,4
2026-04-08,09:30:00.343,364.0914,361.34,0.761,up,100,4,None,202,True,4
2026-04-08,09:30:00.343,364.0957,361.34,0.763,up,200,4,None,202,True,4
2026-04-08,09:30:00.343,364.0914,361.34,0.761,up,100,4,None,202,True,4
2026-04-08,09:30:00.367,363.9578,361.34,0.724,up,109,4,None,203,True,4
2026-04-08,09:30:00.344,364.1,361.34,0.764,up,600,4,None,202,True,4
2026-04-08,09:30:00.344,364.0957,361.34,0.763,up,200,4,None,202,True,4
2026-04-08,09:30:00.344,363.92,361.34,0.714,up,660,4,None,202,True,4
2026-04-08,09:30:00.344,364.0957,361.34,0.763,up,200,4,None,202,True,4
2026-04-08,09:30:00.345,364.0983,361.34,0.763,up,500,4,None,202,True,4
2026-04-08,09:30:00.345,364.0914,361.34,0.761,up,100,4,None,202,True,4
2026-04-08,09:30:00.334,364,361.34,0.736,up,100,4,None,202,True,4
2026-04-08,09:30:00.348,364,361.34,0.736,up,277,4,None,202,True,4
2026-04-08,09:30:00.342,363.924,361.34,0.715,up,100,4,None,202,True,4
2026-04-08,09:30:00.334,364,361.34,0.736,up,123,4,None,202,True,4
2026-04-08,09:30:00.343,363.92,361.34,0.714,up,250,4,None,201,True,4
2026-04-08,09:30:00.557,363.755,361.34,0.668,up,387,4,None,202,True,4
2026-04-08,09:30:00.367,364,361.34,0.736,up,1442,4,"[10, 41]",202,True,4
2026-04-08,09:30:00.369,364,361.34,0.736,up,100,4,"[10, 41]",202,True,4
2026-04-08,09:30:00.374,364,361.34,0.736,up,300,4,"[10, 41]",202,True,4
2026-04-08,09:30:00.375,364,361.34,0.736,up,100,4,"[10, 41]",202,True,4
2026-04-08,09:30:00.380,364,361.34,0.736,up,363,4,"[10, 41]",202,True,4
2026-04-08,09:30:00.389,364,361.34,0.736,up,100,4,"[10, 41]",202,True,4
2026-04-08,09:30:00.390,364,361.34,0.736,up,290,4,"[10, 41]",202,True,4
2026-04-08,09:30:00.390,364,361.34,0.736,up,230,4,"[10, 41]",202,True,4
2026-04-08,09:30:00.402,364,361.34,0.736,up,100,4,"[10, 41]",202,True,4
2026-04-08,09:30:00.421,364,361.34,0.736,up,116,4,"[10, 41]",202,True,4
2026-04-08,09:30:00.705,363.93,361.34,0.717,up,120,4,None,202,True,4
2026-04-08,09:30:00.422,364,361.34,0.736,up,100,4,"[10, 41]",202,True,4
2026-04-08,09:30:00.438,364,361.34,0.736,up,101,4,"[10, 41]",202,True,4
2026-04-08,09:30:00.711,363.97,361.34,0.728,up,200,4,None,202,True,4
2026-04-08,09:30:00.825,363.775,361.34,0.674,up,127,4,None,202,True,4
2026-04-08,09:30:00.951,363.9547,361.34,0.724,up,200,4,None,202,True,4
2026-04-08,09:30:01.180,364,361.34,0.736,up,100,4,None,203,True,4
2026-04-08,09:30:00.967,364.17,361.34,0.783,up,274,4,None,202,True,4
2026-04-08,09:30:00.970,364.17,361.34,0.783,up,137,4,None,202,True,4
2026-04-08,09:30:00.970,364.17,361.34,0.783,up,106,4,None,202,True,4
2026-04-08,09:30:00.416,363.9479,361.34,0.722,up,109,4,None,202,True,4
2026-04-08,09:30:01.259,363.995,361.34,0.735,up,180,4,None,201,True,4
2026-04-08,09:30:00.714,363.89,361.34,0.706,up,100,4,None,202,True,4
2026-04-08,09:30:00.720,363.97,361.34,0.728,up,100,4,None,202,True,4
2026-04-08,09:30:00.367,364,361.34,0.736,up,238,4,"[10, 41]",202,True,4
2026-04-08,09:30:00.368,364,361.34,0.736,up,225,4,"[10, 41]",202,True,4
2026-04-08,09:30:00.368,364,361.34,0.736,up,100,4,"[10, 41]",202,True,4
2026-04-08,09:30:00.393,364,361.34,0.736,up,100,4,"[10, 41]",202,True,4
2026-04-08,09:30:00.401,364,361.34,0.736,up,256,4,"[10, 41]",202,True,4
2026-04-08,09:30:01.506,364.06,361.34,0.753,up,100,4,None,203,True,4
2026-04-08,09:30:01.577,364.08,361.34,0.758,up,120,4,None,203,True,4
2026-04-08,09:30:00.444,363.8526,361.34,0.695,up,114,4,None,202,True,4
2026-04-08,09:30:01.346,363.99,361.34,0.733,up,200,4,None,202,True,4
2026-04-08,09:30:00.445,363.8694,361.34,0.7,up,159,4,None,202,True,4
2026-04-08,09:30:01.399,364.055,361.34,0.751,up,180,4,None,202,True,4
2026-04-08,09:30:02.077,364.32,361.34,0.825,up,160,4,None,203,True,4
2026-04-08,09:30:01.636,364.35,361.34,0.833,up,280,4,None,202,True,4
2026-04-08,09:30:01.650,364.5,361.34,0.875,up,240,4,None,202,True,4
2026-04-08,09:30:01.619,364.15,361.34,0.778,up,100,4,None,202,True,4
2026-04-08,09:30:01.638,364.39,361.34,0.844,up,480,4,None,202,True,4
2026-04-08,09:30:01.619,364.1,361.34,0.764,up,1000,4,None,202,True,4
2026-04-08,09:30:01.340,363.99,361.34,0.733,up,100,4,None,202,True,4
2026-04-08,09:30:01.340,364,361.34,0.736,up,200,4,None,202,True,4
2026-04-08,09:30:01.763,364.2,361.34,0.791,up,192,4,None,202,True,4
2026-04-08,09:30:01.705,364.14,361.34,0.775,up,100,4,None,202,True,4
2026-04-08,09:30:02.074,364.3,361.34,0.819,up,207,4,None,202,True,4
2026-04-08,09:30:00.442,363.8895,361.34,0.706,up,497,4,None,202,True,4
2026-04-08,09:30:02.657,364.16,361.34,0.78,up,245,4,None,203,True,4
2026-04-08,09:30:00.433,363.8612,361.34,0.698,up,137,4,None,202,True,4
2026-04-08,09:30:02.311,364.2,361.34,0.791,up,177,4,None,202,True,4
2026-04-08,09:30:02.413,364.04,361.34,0.747,up,147,4,None,202,True,4
2026-04-08,09:30:03.098,363.6838,361.34,0.649,up,120,4,None,203,True,4
2026-04-08,09:30:03.112,363.65,361.34,0.639,up,300,4,None,201,True,4
2026-04-08,09:30:01.536,364,361.34,0.736,up,244,4,"[10, 41]",202,True,4
2026-04-08,09:30:01.553,364,361.34,0.736,up,100,4,"[10, 41]",202,True,4
2026-04-08,09:30:01.575,364,361.34,0.736,up,350,4,"[10, 41]",202,True,4
2026-04-08,09:30:02.750,364.1138,361.34,0.768,up,455,4,None,202,True,4
2026-04-08,09:30:01.616,364,361.34,0.736,up,466,4,"[10, 41]",202,True,4
2026-04-08,09:30:01.650,364,361.34,0.736,up,100,4,"[10, 41]",202,True,4
2026-04-08,09:30:01.654,364,361.34,0.736,up,100,4,"[10, 41]",202,True,4
2026-04-08,09:30:02.928,364.05,361.34,0.75,up,120,4,None,202,True,4
2026-04-08,09:30:02.928,364.155,361.34,0.779,up,280,4,None,202,True,4
2026-04-08,09:30:02.928,364.13,361.34,0.772,up,560,4,None,202,True,4
2026-04-08,09:30:02.931,364.02,361.34,0.742,up,530,4,None,202,True,4
2026-04-08,09:30:02.977,364,361.34,0.736,up,100,4,None,202,True,4
2026-04-08,09:30:01.619,364.18,361.34,0.786,up,350,4,None,202,True,4
2026-04-08,09:30:01.743,364,361.34,0.736,up,100,4,"[10, 41]",202,True,4
2026-04-08,09:30:01.753,364,361.34,0.736,up,835,4,"[10, 41]",202,True,4
2026-04-08,09:30:03.110,363.65,361.34,0.639,up,100,4,None,202,True,4
2026-04-08,09:30:03.114,363.65,361.34,0.639,up,186,4,None,202,True,4
2026-04-08,09:30:01.780,364.39,361.34,0.844,up,300,4,None,202,True,4
2026-04-08,09:30:01.780,364.39,361.34,0.844,up,603,4,None,202,True,4
2026-04-08,09:30:01.781,364.39,361.34,0.844,up,100,4,None,202,True,4
2026-04-08,09:30:03.211,363.63,361.34,0.634,up,150,4,None,202,True,4
2026-04-08,09:30:03.433,363.692,361.34,0.651,up,100,4,None,202,True,4
2026-04-08,09:30:03.481,363.7539,361.34,0.668,up,140,4,None,202,True,4
2026-04-08,09:30:00.338,364.0999,361.34,0.764,up,100,4,None,202,True,4
2026-04-08,09:30:00.341,364.0999,361.34,0.764,up,200,4,None,202,True,4
2026-04-08,09:30:00.342,364.0999,361.34,0.764,up,100,4,None,202,True,4
2026-04-08,09:30:00.342,364.0999,361.34,0.764,up,100,4,None,202,True,4
2026-04-08,09:30:00.345,363.9489,361.34,0.722,up,100,4,None,202,True,4
2026-04-08,09:30:03.601,363.655,361.34,0.641,up,250,4,None,202,True,4
2026-04-08,09:30:03.647,363.6465,361.34,0.638,up,1681,4,None,202,True,4
2026-04-08,09:30:00.437,363.8,361.34,0.681,up,320,4,None,202,True,4
2026-04-08,09:30:03.758,363.68,361.34,0.648,up,100,4,None,202,True,4
2026-04-08,09:30:03.861,363.75,361.34,0.667,up,100,4,None,202,True,4
2026-04-08,09:30:03.921,363.7601,361.34,0.67,up,173,4,None,202,True,4
2026-04-08,09:30:04.025,363.5807,361.34,0.62,up,270,4,None,202,True,4
2026-04-08,09:30:04.503,363.72,361.34,0.659,up,170,4,None,203,True,4
2026-04-08,09:30:03.967,363.635,361.34,0.635,up,200,4,None,202,True,4
2026-04-08,09:30:04.547,363.7525,361.34,0.668,up,120,4,None,203,True,4
2026-04-08,09:30:04.231,363.7299,361.34,0.661,up,100,4,None,202,True,4
2026-04-08,09:30:04.331,363.73,361.34,0.661,up,190,4,None,202,True,4
2026-04-08,09:30:04.357,363.6837,361.34,0.649,up,642,4,None,202,True,4
2026-04-08,09:30:02.958,364,361.34,0.736,up,120,4,"[10, 41]",202,True,4
2026-04-08,09:30:02.975,364,361.34,0.736,up,165,4,"[10, 41]",202,True,4
2026-04-08,09:30:02.996,364,361.34,0.736,up,129,4,"[10, 41]",202,True,4
2026-04-08,09:30:03.004,364,361.34,0.736,up,360,4,"[10, 41]",202,True,4
2026-04-08,09:30:03.004,364,361.34,0.736,up,600,4,"[10, 41]",202,True,4
2026-04-08,09:30:03.007,364,361.34,0.736,up,120,4,"[10, 41]",202,True,4
2026-04-08,09:30:03.017,364,361.34,0.736,up,270,4,"[10, 41]",202,True,4
2026-04-08,09:30:03.030,364,361.34,0.736,up,120,4,"[10, 41]",202,True,4
2026-04-08,09:30:03.093,364,361.34,0.736,up,221,4,"[10, 41]",202,True,4
2026-04-08,09:30:03.099,364,361.34,0.736,up,114,4,"[10, 41]",202,True,4
2026-04-08,09:30:03.104,364,361.34,0.736,up,120,4,"[10, 41]",202,True,4
2026-04-08,09:30:03.107,364,361.34,0.736,up,111,4,"[10, 41]",202,True,4
2026-04-08,09:30:03.119,364,361.34,0.736,up,141,4,"[10, 41]",202,True,4
2026-04-08,09:30:03.120,364,361.34,0.736,up,180,4,"[10, 41]",202,True,4
2026-04-08,09:30:03.122,364,361.34,0.736,up,120,4,"[10, 41]",202,True,4
2026-04-08,09:30:04.726,363.7899,361.34,0.678,up,117,4,None,202,True,4
2026-04-08,09:30:03.132,364,361.34,0.736,up,408,4,"[10, 41]",202,True,4
2026-04-08,09:30:03.398,364,361.34,0.736,up,150,4,"[10, 41]",202,True,4
2026-04-08,09:30:03.445,364,361.34,0.736,up,180,4,"[10, 41]",202,True,4
2026-04-08,09:30:03.448,364,361.34,0.736,up,375,4,"[10, 41]",202,True,4
2026-04-08,09:30:03.456,363.93,361.34,0.717,up,138,4,None,202,True,4
2026-04-08,09:30:03.511,363.87,361.34,0.7,up,166,4,None,202,True,4
2026-04-08,09:30:03.652,363.82,361.34,0.686,up,772,4,None,202,True,4
2026-04-08,09:30:04.877,363.79,361.34,0.678,up,100,4,None,202,True,4
2026-04-08,09:30:04.505,363.7688,361.34,0.672,up,100,4,None,202,True,4
2026-04-08,09:30:04.913,363.69,361.34,0.65,up,200,4,None,202,True,4
2026-04-08,09:30:04.949,363.78,361.34,0.675,up,103,4,None,202,True,4
2026-04-08,09:30:05.147,363.72,361.34,0.659,up,840,4,None,202,True,4
2026-04-08,09:30:05.169,363.6157,361.34,0.63,up,100,4,None,202,True,4
2026-04-08,09:30:05.257,363.585,361.34,0.621,up,100,4,None,202,True,4
2026-04-08,09:30:05.286,363.5851,361.34,0.621,up,100,4,None,202,True,4
2026-04-08,09:30:05.297,363.4,361.34,0.57,up,420,4,None,202,True,4
2026-04-08,09:30:04.216,363.7299,361.34,0.661,up,500,4,None,202,True,4
2026-04-08,09:30:05.779,363.25,361.34,0.529,up,1866,4,None,202,True,4
2026-04-08,09:30:06.287,363.1684,361.34,0.506,up,200,4,None,202,True,4
2026-04-08,09:30:06.302,363.355,361.34,0.558,up,143,4,None,202,True,4
2026-04-08,09:30:06.394,363.405,361.34,0.571,up,200,4,None,202,True,4
2026-04-08,09:30:06.423,363.2121,361.34,0.518,up,200,4,None,202,True,4
2026-04-08,09:30:06.448,363.445,361.34,0.583,up,100,4,None,202,True,4
2026-04-08,09:30:06.448,363.445,361.34,0.583,up,120,4,None,202,True,4
2026-04-08,09:30:06.526,363.41,361.34,0.573,up,300,4,None,202,True,4
2026-04-08,09:30:06.527,363.41,361.34,0.573,up,129,4,None,202,True,4
2026-04-08,09:30:06.533,363.41,361.34,0.573,up,120,4,None,202,True,4
2026-04-08,09:30:06.546,363.415,361.34,0.574,up,100,4,None,202,True,4
2026-04-08,09:30:06.570,363.47,361.34,0.589,up,200,4,None,202,True,4
2026-04-08,09:30:06.675,363.419,361.34,0.575,up,200,4,None,202,True,4
2026-04-08,09:30:06.735,363.24,361.34,0.526,up,250,4,None,202,True,4
2026-04-08,09:30:06.807,363.1838,361.34,0.51,up,200,4,None,202,True,4
2026-04-08,09:30:06.841,363.5452,361.34,0.61,up,100,4,None,203,True,4
2026-04-08,09:30:06.855,363.61,361.34,0.628,up,150,4,None,202,True,4
2026-04-08,09:30:06.857,363.24,361.34,0.526,up,1000,4,None,202,True,4
2026-04-08,09:30:06.973,363.4,361.34,0.57,up,100,4,None,202,True,4
2026-04-08,09:30:06.996,363.4001,361.34,0.57,up,167,4,None,202,True,4
2026-04-08,09:30:07.022,363.4,361.34,0.57,up,120,4,None,202,True,4
2026-04-08,09:30:07.200,363.5199,361.34,0.603,up,961,4,None,202,True,4
2026-04-08,09:30:03.438,363.81,361.34,0.684,up,150,4,None,202,True,4
2026-04-08,09:30:07.365,363.3385,361.34,0.553,up,221,4,None,202,True,4
2026-04-08,09:30:07.259,363.2795,361.34,0.537,up,186,4,None,202,True,4
2026-04-08,09:30:08.067,363.15,361.34,0.501,up,120,4,None,202,True,4
2026-04-08,09:30:08.099,363.15,361.34,0.501,up,200,4,None,202,True,4
2026-04-08,09:30:08.283,363.15,361.34,0.501,up,283,4,None,202,True,4
2026-04-08,09:30:08.464,363.15,361.34,0.501,up,120,4,None,202,True,4
2026-04-08,09:30:08.481,363.15,361.34,0.501,up,120,4,None,202,True,4
2026-04-08,09:30:08.483,363.15,361.34,0.501,up,100,4,None,201,True,4
2026-04-08,09:30:08.608,363.15,361.34,0.501,up,240,4,None,202,True,4
2026-04-08,09:30:08.644,363.2599,361.34,0.531,up,2077,4,None,201,True,4
2026-04-08,09:30:08.650,363.15,361.34,0.501,up,100,4,None,202,True,4
2026-04-08,09:30:08.650,363.15,361.34,0.501,up,240,4,None,202,True,4
2026-04-08,09:30:08.700,363.244,361.34,0.527,up,1000,4,None,202,True,4
2026-04-08,09:30:08.725,363.15,361.34,0.501,up,350,4,None,202,True,4
2026-04-08,09:30:08.737,363.2525,361.34,0.529,up,100,4,None,202,True,4
2026-04-08,09:30:08.721,363.15,361.34,0.501,up,446,4,None,201,True,4
2026-04-08,09:30:08.756,363.2596,361.34,0.531,up,250,4,None,202,True,4
2026-04-08,09:30:08.778,363.15,361.34,0.501,up,200,4,None,202,True,4
2026-04-08,09:30:06.449,363.68,361.34,0.648,up,100,4,None,202,True,4
2026-04-08,09:30:07.890,363.2599,361.34,0.531,up,1080,4,None,202,True,4
2026-04-08,09:30:07.961,363.15,361.34,0.501,up,264,4,None,202,True,4
2026-04-08,09:30:09.095,363.26,361.34,0.531,up,100,4,None,202,True,4
2026-04-08,09:30:09.243,363.2345,361.34,0.524,up,200,4,None,202,True,4
2026-04-08,09:30:09.252,363.26,361.34,0.531,up,100,4,None,202,True,4
2026-04-08,09:30:09.254,363.26,361.34,0.531,up,200,4,None,202,True,4
2026-04-08,09:30:09.427,363.31,361.34,0.545,up,150,4,None,202,True,4
2026-04-08,09:30:09.229,363.26,361.34,0.531,up,100,4,None,202,True,4
2026-04-08,09:30:09.668,363.2328,361.34,0.524,up,116,4,None,202,True,4
2026-04-08,09:30:09.257,363.26,361.34,0.531,up,400,4,None,202,True,4
2026-04-08,09:30:09.927,363.1899,361.34,0.512,up,200,4,None,202,True,4
2026-04-08,09:30:01.167,363.81,361.34,0.684,up,220,4,None,202,True,4
2026-04-08,09:30:01.180,364,361.34,0.736,up,140,4,None,202,True,4
2026-04-08,09:30:06.839,363.61,361.34,0.628,up,240,4,None,202,True,4
2026-04-08,09:30:13.195,363.2289,361.34,0.523,up,177,4,None,202,True,4
2026-04-08,09:30:17.665,364,361.34,0.736,up,121,4,"[10, 22, 41]",202,True,4
2026-04-08,09:30:22.561,359.5202,361.34,0.504,down,120,4,None,202,True,1
2026-04-08,09:30:22.562,359.5203,361.34,0.504,down,449,4,None,202,True,1
2026-04-08,09:30:22.561,359.5201,361.34,0.504,down,120,4,None,202,True,1
2026-04-08,09:30:22.673,359.43,361.34,0.529,down,100,4,None,202,True,1
2026-04-08,09:30:22.751,359.49,361.34,0.512,down,100,4,None,202,True,1
2026-04-08,09:30:22.780,359.405,361.34,0.536,down,100,4,None,202,True,1
2026-04-08,09:30:22.780,359.4,361.34,0.537,down,100,4,None,202,True,1
2026-04-08,09:30:22.798,359.33,361.34,0.556,down,100,4,None,202,True,1
2026-04-08,09:30:22.832,359.31,361.34,0.562,down,160,4,None,202,True,1
2026-04-08,09:30:22.853,359.32,361.34,0.559,down,100,4,None,202,True,1
2026-04-08,09:30:22.903,359.26,361.34,0.576,down,1467,4,None,202,True,1
2026-04-08,09:30:22.954,359.29,361.34,0.567,down,100,4,None,202,True,1
2026-04-08,09:30:23.044,359.295,361.34,0.566,down,100,4,None,202,True,1
2026-04-08,09:30:23.045,359.28,361.34,0.57,down,100,4,None,202,True,1
2026-04-08,09:30:23.110,359.25,361.34,0.578,down,200,4,None,202,True,1
2026-04-08,09:30:23.343,359.3857,361.34,0.541,down,100,4,None,202,True,1
2026-04-08,09:30:23.386,359.202,361.34,0.592,down,233,4,None,202,True,1
2026-04-08,09:30:23.446,359.11,361.34,0.617,down,100,4,None,202,True,1
2026-04-08,09:30:23.380,359.34,361.34,0.553,down,100,4,None,202,True,1
2026-04-08,09:30:23.638,359.42,361.34,0.531,down,400,4,None,202,True,1
2026-04-08,09:30:23.639,359.41,361.34,0.534,down,120,4,None,203,True,1
2026-04-08,09:30:23.673,359.265,361.34,0.574,down,350,4,None,202,True,1
2026-04-08,09:30:23.386,359.2,361.34,0.592,down,840,4,None,202,True,1
2026-04-08,09:30:23.758,359.25,361.34,0.578,down,100,4,None,202,True,1
2026-04-08,09:30:23.758,359.27,361.34,0.573,down,100,4,None,202,True,1
2026-04-08,09:30:23.758,359.245,361.34,0.58,down,100,4,None,202,True,1
2026-04-08,09:30:23.759,359.19,361.34,0.595,down,100,4,None,202,True,1
2026-04-08,09:30:23.776,359.414,361.34,0.533,down,320,4,None,202,True,1
2026-04-08,09:30:23.786,359.3015,361.34,0.564,down,520,4,None,202,True,1
2026-04-08,09:30:23.871,359.2528,361.34,0.578,down,295,4,None,201,True,1
2026-04-08,09:30:23.896,359.32,361.34,0.559,down,100,4,None,202,True,1
2026-04-08,09:30:23.929,359.32,361.34,0.559,down,100,4,None,202,True,1
2026-04-08,09:30:23.955,359.2699,361.34,0.573,down,800,4,None,202,True,1
2026-04-08,09:30:23.979,359.3201,361.34,0.559,down,100,4,None,202,True,1
2026-04-08,09:30:24.071,359.408,361.34,0.535,down,200,4,None,202,True,1
2026-04-08,09:30:24.082,359.32,361.34,0.559,down,100,4,None,202,True,1
2026-04-08,09:30:23.786,359.36,361.34,0.548,down,477,4,None,202,True,1
2026-04-08,09:30:23.786,359.272,361.34,0.572,down,292,4,None,202,True,1
2026-04-08,09:30:24.099,359.32,361.34,0.559,down,150,4,None,202,True,1
2026-04-08,09:30:24.115,359.4299,361.34,0.529,down,100,4,None,202,True,1
2026-04-08,09:30:24.221,359.2101,361.34,0.589,down,272,4,None,202,True,1
2026-04-08,09:30:24.260,359.2302,361.34,0.584,down,150,4,None,201,True,1
2026-04-08,09:30:24.268,359.295,361.34,0.566,down,500,4,None,202,True,1
2026-04-08,09:30:24.269,359.1601,361.34,0.603,down,600,4,None,202,True,1
2026-04-08,09:30:24.302,359.21,361.34,0.589,down,2149,4,None,202,True,1
2026-04-08,09:30:24.463,359.29,361.34,0.567,down,100,4,None,202,True,1
2026-04-08,09:30:24.492,359.29,361.34,0.567,down,100,4,None,202,True,1
2026-04-08,09:30:24.520,359.29,361.34,0.567,down,100,4,None,202,True,1
2026-04-08,09:30:24.573,359.346,361.34,0.552,down,100,4,None,202,True,1
2026-04-08,09:30:24.634,359.17,361.34,0.601,down,200,4,None,202,True,1
2026-04-08,09:30:24.633,359.295,361.34,0.566,down,280,4,None,202,True,1
2026-04-08,09:30:24.705,359.3397,361.34,0.554,down,100,4,None,202,True,1
2026-04-08,09:30:24.623,359.295,361.34,0.566,down,100,4,None,202,True,1
2026-04-08,09:30:24.787,359.1601,361.34,0.603,down,100,4,None,202,True,1
2026-04-08,09:30:24.860,359.1601,361.34,0.603,down,212,4,None,202,True,1
2026-04-08,09:30:24.891,359.295,361.34,0.566,down,240,4,None,202,True,1
2026-04-08,09:30:24.903,359.28,361.34,0.57,down,100,4,None,202,True,1
2026-04-08,09:30:24.917,359.36,361.34,0.548,down,340,4,None,202,True,1
2026-04-08,09:30:24.839,359.295,361.34,0.566,down,100,4,None,202,True,1
2026-04-08,09:30:25.058,359.1201,361.34,0.614,down,2000,4,None,202,True,1
2026-04-08,09:30:25.106,359.275,361.34,0.571,down,100,4,None,202,True,1
2026-04-08,09:30:25.193,359.2486,361.34,0.579,down,137,4,None,202,True,1
2026-04-08,09:30:25.199,359.3011,361.34,0.564,down,200,4,None,202,True,1
2026-04-08,09:30:25.294,359.1882,361.34,0.596,down,1192,4,None,202,True,1
2026-04-08,09:30:25.325,359.2,361.34,0.592,down,400,4,None,202,True,1
2026-04-08,09:30:25.503,359.25,361.34,0.578,down,100,4,None,202,True,1
2026-04-08,09:30:25.310,359.205,361.34,0.591,down,480,4,None,202,True,1
2026-04-08,09:30:25.615,359.16,361.34,0.603,down,100,4,None,202,True,1
2026-04-08,09:30:25.710,359.175,361.34,0.599,down,100,4,None,202,True,1
2026-04-08,09:30:25.730,359.175,361.34,0.599,down,100,4,None,202,True,1
2026-04-08,09:30:25.764,359.0001,361.34,0.648,down,449,4,None,202,True,1
2026-04-08,09:30:25.764,359.0001,361.34,0.648,down,541,4,None,202,True,1
2026-04-08,09:30:25.792,359.0193,361.34,0.642,down,300,4,None,202,True,1
2026-04-08,09:30:25.883,359.055,361.34,0.632,down,100,4,None,202,True,1
2026-04-08,09:30:25.909,359.02,361.34,0.642,down,555,4,None,202,True,1
2026-04-08,09:30:25.919,359.0485,361.34,0.634,down,485,4,None,202,True,1
2026-04-08,09:30:25.920,359.02,361.34,0.642,down,160,4,None,202,True,1
2026-04-08,09:30:26.052,358.95,361.34,0.661,down,100,4,None,202,True,1
2026-04-08,09:30:26.089,358.912,361.34,0.672,down,180,4,None,202,True,1
2026-04-08,09:30:26.135,358.945,361.34,0.663,down,240,4,None,202,True,1
2026-04-08,09:30:26.137,359,361.34,0.648,down,160,4,None,202,True,1
2026-04-08,09:30:26.149,358.9872,361.34,0.651,down,120,4,None,202,True,1
2026-04-08,09:30:26.149,358.9944,361.34,0.649,down,320,4,None,202,True,1
2026-04-08,09:30:26.153,358.882,361.34,0.68,down,300,4,None,202,True,1
2026-04-08,09:30:26.136,358.98,361.34,0.653,down,120,4,None,203,True,1
2026-04-08,09:30:26.157,358.9872,361.34,0.651,down,200,4,None,202,True,1
2026-04-08,09:30:26.348,358.875,361.34,0.682,down,280,4,None,202,True,1
2026-04-08,09:30:26.357,358.9237,361.34,0.669,down,120,4,None,202,True,1
2026-04-08,09:30:26.348,358.94,361.34,0.664,down,472,4,None,203,True,1
2026-04-08,09:30:26.412,358.875,361.34,0.682,down,100,4,None,202,True,1
2026-04-08,09:30:26.443,358.9094,361.34,0.673,down,100,4,None,202,True,1
2026-04-08,09:30:26.484,358.875,361.34,0.682,down,100,4,None,202,True,1
2026-04-08,09:30:26.495,358.8736,361.34,0.683,down,128,4,None,202,True,1
2026-04-08,09:30:26.517,358.875,361.34,0.682,down,100,4,None,202,True,1
2026-04-08,09:30:26.579,358.93,361.34,0.667,down,120,4,None,202,True,1
2026-04-08,09:30:26.581,358.89,361.34,0.678,down,270,4,None,202,True,1
2026-04-08,09:30:26.581,358.875,361.34,0.682,down,100,4,None,202,True,1
2026-04-08,09:30:26.581,358.875,361.34,0.682,down,100,4,None,202,True,1
2026-04-08,09:30:26.641,358.9999,361.34,0.648,down,100,4,None,202,True,1
2026-04-08,09:30:26.699,358.9995,361.34,0.648,down,485,4,None,202,True,1
2026-04-08,09:30:26.772,358.955,361.34,0.66,down,150,4,None,202,True,1
2026-04-08,09:30:26.989,358.955,361.34,0.66,down,100,4,None,202,True,1
2026-04-08,09:30:27.028,358.87,361.34,0.684,down,200,4,None,202,True,1
2026-04-08,09:30:27.060,359.01,361.34,0.645,down,460,4,None,202,True,1
2026-04-08,09:30:27.083,359.019,361.34,0.642,down,100,4,None,201,True,1
2026-04-08,09:30:27.299,358.895,361.34,0.677,down,100,4,None,202,True,1
2026-04-08,09:30:27.345,358.96,361.34,0.659,down,480,4,None,203,True,1
2026-04-08,09:30:27.373,358.968,361.34,0.656,down,120,4,None,202,True,1
2026-04-08,09:30:27.392,358.9389,361.34,0.664,down,400,4,None,202,True,1
2026-04-08,09:30:27.438,358.82,361.34,0.697,down,500,4,None,202,True,1
2026-04-08,09:30:27.449,358.895,361.34,0.677,down,100,4,None,202,True,1
2026-04-08,09:30:27.496,358.8951,361.34,0.677,down,485,4,None,202,True,1
2026-04-08,09:30:27.531,358.895,361.34,0.677,down,240,4,None,202,True,1
2026-04-08,09:30:27.584,359.1,361.34,0.62,down,100,4,None,202,True,1
2026-04-08,09:30:27.594,359.1,361.34,0.62,down,141,4,None,202,True,1
2026-04-08,09:30:27.596,359.1,361.34,0.62,down,700,4,None,202,True,1
2026-04-08,09:30:27.648,359.09,361.34,0.623,down,100,4,None,202,True,1
2026-04-08,09:30:27.649,359.09,361.34,0.623,down,100,4,None,202,True,1
2026-04-08,09:30:27.651,359.11,361.34,0.617,down,118,4,None,202,True,1
2026-04-08,09:30:27.680,359.14,361.34,0.609,down,200,4,None,201,True,1
2026-04-08,09:30:27.719,359.2188,361.34,0.587,down,413,4,None,202,True,1
2026-04-08,09:30:27.750,359.14,361.34,0.609,down,120,4,None,202,True,1
2026-04-08,09:30:27.772,359.1699,361.34,0.601,down,300,4,None,202,True,1
2026-04-08,09:30:27.995,359.075,361.34,0.627,down,100,4,None,202,True,1
2026-04-08,09:30:28.052,359.0751,361.34,0.627,down,200,4,None,202,True,1
2026-04-08,09:30:28.137,359.1508,361.34,0.606,down,500,4,None,202,True,1
2026-04-08,09:30:28.242,358.92,361.34,0.67,down,100,4,None,202,True,1
2026-04-08,09:30:28.242,358.92,361.34,0.67,down,100,4,None,202,True,1
2026-04-08,09:30:28.242,358.92,361.34,0.67,down,100,4,None,202,True,1
2026-04-08,09:30:28.262,359.01,361.34,0.645,down,280,4,None,203,True,1
2026-04-08,09:30:28.295,358.91,361.34,0.672,down,100,4,None,202,True,1
2026-04-08,09:30:28.322,358.8729,361.34,0.683,down,700,4,None,202,True,1
2026-04-08,09:30:28.346,358.9,361.34,0.675,down,173,4,None,201,True,1
2026-04-08,09:30:28.409,358.9477,361.34,0.662,down,425,4,None,202,True,1
2026-04-08,09:30:28.432,358.9899,361.34,0.65,down,100,4,None,202,True,1
2026-04-08,09:30:28.453,358.91,361.34,0.672,down,100,4,None,202,True,1
2026-04-08,09:30:28.522,358.8302,361.34,0.695,down,120,4,None,202,True,1
2026-04-08,09:30:28.522,358.8301,361.34,0.695,down,120,4,None,202,True,1
2026-04-08,09:30:28.523,358.8302,361.34,0.695,down,240,4,None,202,True,1
2026-04-08,09:30:28.523,358.8302,361.34,0.695,down,480,4,None,202,True,1
2026-04-08,09:30:28.523,358.8302,361.34,0.695,down,960,4,None,202,True,1
2026-04-08,09:30:28.523,358.83,361.34,0.695,down,1920,4,None,202,True,1
2026-04-08,09:30:28.524,358.82,361.34,0.697,down,5239,4,None,202,True,1
2026-04-08,09:30:28.525,358.83,361.34,0.695,down,1326,4,None,202,True,1
2026-04-08,09:30:28.544,358.96,361.34,0.659,down,380,4,None,203,True,1
2026-04-08,09:30:28.577,358.97,361.34,0.656,down,100,4,None,202,True,1
2026-04-08,09:30:28.593,359.03,361.34,0.639,down,130,4,None,202,True,1
2026-04-08,09:30:28.612,358.99,361.34,0.65,down,200,4,None,202,True,1
2026-04-08,09:30:28.668,359.115,361.34,0.616,down,700,4,None,202,True,1
2026-04-08,09:30:28.716,359.07,361.34,0.628,down,200,4,None,202,True,1
2026-04-08,09:30:28.721,359.1,361.34,0.62,down,200,4,None,202,True,1
2026-04-08,09:30:28.738,359.0702,361.34,0.628,down,120,4,None,202,True,1
2026-04-08,09:30:28.738,359.0701,361.34,0.628,down,120,4,None,202,True,1
2026-04-08,09:30:28.739,359.0716,361.34,0.628,down,751,4,None,202,True,1
2026-04-08,09:30:28.741,359.1772,361.34,0.599,down,229,4,None,202,True,1
2026-04-08,09:30:28.757,359.196,361.34,0.593,down,100,4,None,202,True,1
2026-04-08,09:30:28.801,359.135,361.34,0.61,down,167,4,None,202,True,1
2026-04-08,09:30:28.833,359.198,361.34,0.593,down,180,4,None,202,True,1
2026-04-08,09:30:28.834,359.1773,361.34,0.599,down,300,4,None,202,True,1
2026-04-08,09:30:28.866,359.0728,361.34,0.627,down,645,4,None,202,True,1
2026-04-08,09:30:28.904,359.2099,361.34,0.59,down,100,4,None,202,True,1
2026-04-08,09:30:29.022,359.2049,361.34,0.591,down,100,4,None,202,True,1
2026-04-08,09:30:29.053,359.206,361.34,0.591,down,200,4,None,202,True,1
2026-04-08,09:30:29.121,359.14,361.34,0.609,down,100,4,None,202,True,1
2026-04-08,09:30:29.157,359.205,361.34,0.591,down,100,4,None,202,True,1
2026-04-08,09:30:29.172,359.26,361.34,0.576,down,200,4,None,202,True,1
2026-04-08,09:30:29.275,359.3099,361.34,0.562,down,600,4,None,202,True,1
2026-04-08,09:30:29.354,359.16,361.34,0.603,down,100,4,None,202,True,1
2026-04-08,09:30:29.354,359.15,361.34,0.606,down,100,4,None,202,True,1
2026-04-08,09:30:29.365,359.23,361.34,0.584,down,100,4,None,202,True,1
2026-04-08,09:30:29.371,359.23,361.34,0.584,down,100,4,None,202,True,1
2026-04-08,09:30:29.388,359.3,361.34,0.565,down,160,4,None,202,True,1
2026-04-08,09:30:29.419,359.2201,361.34,0.587,down,180,4,None,202,True,1
2026-04-08,09:30:29.512,359.1654,361.34,0.602,down,210,4,"[7, 41]",202,True,1
2026-04-08,09:30:29.566,359.2962,361.34,0.566,down,100,4,None,202,True,1
2026-04-08,09:30:29.687,359.177,361.34,0.599,down,850,4,None,202,True,1
2026-04-08,09:30:29.698,359.24,361.34,0.581,down,100,4,None,202,True,1
2026-04-08,09:30:29.707,359.32,361.34,0.559,down,240,4,None,202,True,1
2026-04-08,09:30:29.708,359.32,361.34,0.559,down,1215,4,None,202,True,1
2026-04-08,09:30:29.846,359.14,361.34,0.609,down,1271,4,None,202,True,1
2026-04-08,09:30:29.885,359.31,361.34,0.562,down,200,4,None,202,True,1
2026-04-08,09:30:29.885,359.32,361.34,0.559,down,240,4,None,202,True,1
2026-04-08,09:30:29.888,359.32,361.34,0.559,down,240,4,None,202,True,1
2026-04-08,09:30:29.895,359.3,361.34,0.565,down,200,4,None,202,True,1
2026-04-08,09:30:30.058,359.2601,361.34,0.576,down,100,4,None,202,True,1
2026-04-08,09:30:30.140,359.2637,361.34,0.575,down,3000,4,None,202,True,1
2026-04-08,09:30:30.231,359.3071,361.34,0.563,down,200,4,None,202,True,1
2026-04-08,09:30:30.289,359.328,361.34,0.557,down,160,4,None,202,True,1
2026-04-08,09:30:30.289,359.3055,361.34,0.563,down,190,4,None,202,True,1
2026-04-08,09:30:30.300,359.328,361.34,0.557,down,340,4,None,202,True,1
2026-04-08,09:30:30.301,359.31,361.34,0.562,down,200,4,None,202,True,1
2026-04-08,09:30:30.289,359.31,361.34,0.562,down,200,4,None,203,True,1
2026-04-08,09:30:30.312,359.328,361.34,0.557,down,100,4,None,202,True,1
2026-04-08,09:30:30.318,359.328,361.34,0.557,down,180,4,None,202,True,1
2026-04-08,09:30:30.399,359.08,361.34,0.625,down,320,4,None,202,True,1
2026-04-08,09:30:30.417,359.19,361.34,0.595,down,100,4,None,202,True,1
2026-04-08,09:30:30.549,359.2321,361.34,0.583,down,150,4,None,202,True,1
2026-04-08,09:30:30.553,359.1791,361.34,0.598,down,135,4,None,202,True,1
2026-04-08,09:30:30.620,359.3299,361.34,0.556,down,200,4,None,202,True,1
2026-04-08,09:30:30.621,359.3299,361.34,0.556,down,270,4,None,202,True,1
2026-04-08,09:30:30.622,359.3299,361.34,0.556,down,360,4,None,202,True,1
2026-04-08,09:30:30.663,359.329,361.34,0.557,down,100,4,None,202,True,1
2026-04-08,09:30:30.703,359.32,361.34,0.559,down,284,4,None,202,True,1
2026-04-08,09:30:30.737,359.32,361.34,0.559,down,280,4,None,202,True,1
2026-04-08,09:30:30.737,359.32,361.34,0.559,down,630,4,None,202,True,1
2026-04-08,09:30:30.737,359.32,361.34,0.559,down,160,4,None,202,True,1
2026-04-08,09:30:30.740,359.3299,361.34,0.556,down,3240,4,None,202,True,1
2026-04-08,09:30:30.749,359.32,361.34,0.559,down,1160,4,None,202,True,1
2026-04-08,09:30:30.749,359.32,361.34,0.559,down,322,4,None,202,True,1
2026-04-08,09:30:30.755,359.32,361.34,0.559,down,1160,4,None,202,True,1
2026-04-08,09:30:30.775,359.3299,361.34,0.556,down,100,4,None,202,True,1
2026-04-08,09:30:30.314,359.26,361.34,0.576,down,280,4,None,202,True,1
2026-04-08,09:30:30.829,359.33,361.34,0.556,down,100,4,None,202,True,1
2026-04-08,09:30:30.849,359.32,361.34,0.559,down,560,4,None,202,True,1
2026-04-08,09:30:30.850,359.32,361.34,0.559,down,160,4,None,202,True,1
2026-04-08,09:30:30.850,359.32,361.34,0.559,down,120,4,None,202,True,1
2026-04-08,09:30:30.836,359.33,361.34,0.556,down,590,4,None,203,True,1
2026-04-08,09:30:30.856,359.295,361.34,0.566,down,200,4,None,202,True,1
2026-04-08,09:30:30.902,359.275,361.34,0.571,down,100,4,None,202,True,1
2026-04-08,09:30:30.902,359.26,361.34,0.576,down,118,4,None,202,True,1
2026-04-08,09:30:30.902,359.29,361.34,0.567,down,100,4,None,202,True,1
2026-04-08,09:30:31.072,359.26,361.34,0.576,down,100,4,None,202,True,1
2026-04-08,09:30:30.828,359.33,361.34,0.556,down,490,4,None,202,True,1
2026-04-08,09:30:31.242,359.23,361.34,0.584,down,120,4,None,202,True,1
2026-04-08,09:30:31.248,359.26,361.34,0.576,down,120,4,None,202,True,1
2026-04-08,09:30:31.235,359.23,361.34,0.584,down,160,4,None,203,True,1
2026-04-08,09:30:31.298,359.29,361.34,0.567,down,100,4,None,202,True,1
2026-04-08,09:30:31.322,359.247,361.34,0.579,down,100,4,None,202,True,1
2026-04-08,09:30:31.356,359.1401,361.34,0.609,down,117,4,None,202,True,1
2026-04-08,09:30:31.479,359.215,361.34,0.588,down,100,4,None,202,True,1
2026-04-08,09:30:31.545,359.215,361.34,0.588,down,100,4,None,202,True,1
2026-04-08,09:30:31.553,359.215,361.34,0.588,down,100,4,None,202,True,1
2026-04-08,09:30:31.594,359.215,361.34,0.588,down,100,4,None,202,True,1
2026-04-08,09:30:31.622,359.195,361.34,0.594,down,100,4,None,202,True,1
2026-04-08,09:30:31.633,359.1725,361.34,0.6,down,100,4,None,202,True,1
2026-04-08,09:30:31.633,359.185,361.34,0.596,down,100,4,None,202,True,1
2026-04-08,09:30:31.635,359.19,361.34,0.595,down,100,4,None,202,True,1
2026-04-08,09:30:31.674,359.2,361.34,0.592,down,100,4,None,202,True,1
2026-04-08,09:30:31.702,359.31,361.34,0.562,down,200,4,None,202,True,1
2026-04-08,09:30:31.702,359.2665,361.34,0.574,down,200,4,None,202,True,1
2026-04-08,09:30:31.736,359.2001,361.34,0.592,down,382,4,None,202,True,1
2026-04-08,09:30:31.770,359.33,361.34,0.556,down,100,4,None,202,True,1
2026-04-08,09:30:31.786,359.275,361.34,0.571,down,100,4,None,202,True,1
2026-04-08,09:30:31.870,359.44,361.34,0.526,down,100,4,None,202,True,1
2026-04-08,09:30:31.884,359.44,361.34,0.526,down,500,4,None,202,True,1
2026-04-08,09:30:31.900,359.46,361.34,0.52,down,400,4,None,202,True,1
2026-04-08,09:30:31.939,359.4732,361.34,0.517,down,150,4,None,202,True,1
2026-04-08,09:30:31.993,359.4201,361.34,0.531,down,250,4,None,202,True,1
2026-04-08,09:30:32.023,359.4799,361.34,0.515,down,100,4,None,202,True,1
2026-04-08,09:30:32.090,359.45,361.34,0.523,down,110,4,None,202,True,1
2026-04-08,09:30:32.907,359.5201,361.34,0.504,down,400,4,None,202,True,1
2026-04-08,09:30:32.934,359.3308,361.34,0.556,down,700,4,None,202,True,1
2026-04-08,09:30:32.990,359.52,361.34,0.504,down,200,4,None,202,True,1
2026-04-08,09:30:33.018,359.52,361.34,0.504,down,100,4,None,202,True,1
2026-04-08,09:30:33.040,359.52,361.34,0.504,down,500,4,None,202,True,1
2026-04-08,09:30:33.319,359.5,361.34,0.509,down,120,4,None,202,True,1
2026-04-08,09:30:33.362,359.485,361.34,0.513,down,100,4,None,202,True,1
2026-04-08,09:30:33.397,359.4301,361.34,0.529,down,385,4,None,202,True,1
2026-04-08,09:30:33.433,359.5,361.34,0.509,down,300,4,None,203,True,1
2026-04-08,09:30:33.517,359.435,361.34,0.527,down,100,4,None,203,True,1
2026-04-08,09:30:33.588,359.435,361.34,0.527,down,100,4,None,202,True,1
2026-04-08,09:30:33.640,359.435,361.34,0.527,down,100,4,None,202,True,1
2026-04-08,09:30:33.640,359.435,361.34,0.527,down,100,4,None,202,True,1
2026-04-08,09:30:33.680,359.52,361.34,0.504,down,485,4,None,202,True,1
2026-04-08,09:30:33.701,359.435,361.34,0.527,down,276,4,None,202,True,1
2026-04-08,09:30:33.724,359.435,361.34,0.527,down,160,4,None,202,True,1
2026-04-08,09:30:33.734,359.5033,361.34,0.508,down,160,4,None,202,True,1
2026-04-08,09:30:33.738,359.4213,361.34,0.531,down,350,4,None,202,True,1
2026-04-08,09:30:33.846,359.4001,361.34,0.537,down,1000,4,None,202,True,1
2026-04-08,09:30:33.945,359.3301,361.34,0.556,down,100,4,None,202,True,1
2026-04-08,09:30:34.062,359.4918,361.34,0.511,down,300,4,None,202,True,1
2026-04-08,09:30:34.115,359.53,361.34,0.501,down,200,4,None,202,True,1
2026-04-08,09:30:34.125,359.435,361.34,0.527,down,360,4,None,202,True,1
2026-04-08,09:30:34.125,359.53,361.34,0.501,down,200,4,None,202,True,1
2026-04-08,09:30:34.284,359.4842,361.34,0.514,down,100,4,None,202,True,1
2026-04-08,09:30:34.331,359.4847,361.34,0.513,down,100,4,None,202,True,1
2026-04-08,09:30:34.385,359.435,361.34,0.527,down,100,4,None,202,True,1
2026-04-08,09:30:34.475,359.435,361.34,0.527,down,100,4,None,202,True,1
2026-04-08,09:30:34.520,359.5155,361.34,0.505,down,420,4,None,202,True,1
2026-04-08,09:30:34.520,359.512,361.34,0.506,down,140,4,None,202,True,1
2026-04-08,09:30:34.607,359.4201,361.34,0.531,down,100,4,None,202,True,1
2026-04-08,09:30:34.636,359.455,361.34,0.522,down,100,4,None,202,True,1
2026-04-08,09:30:34.922,359.485,361.34,0.513,down,200,4,None,202,True,1
2026-04-08,09:30:34.927,359.485,361.34,0.513,down,160,4,None,202,True,1
2026-04-08,09:30:34.927,359.4775,361.34,0.515,down,160,4,None,202,True,1
2026-04-08,09:30:34.927,359.47,361.34,0.518,down,100,4,None,202,True,1
2026-04-08,09:30:34.950,359.47,361.34,0.518,down,174,4,None,202,True,1
2026-04-08,09:30:35.184,359.5089,361.34,0.507,down,105,4,None,202,True,1
2026-04-08,09:30:35.201,359.5085,361.34,0.507,down,100,4,None,202,True,1
2026-04-08,09:30:35.244,359.5162,361.34,0.505,down,150,4,None,202,True,1
2026-04-08,09:30:35.287,359.52,361.34,0.504,down,100,4,None,202,True,1
2026-04-08,09:30:35.287,359.52,361.34,0.504,down,100,4,None,202,True,1
2026-04-08,09:30:35.524,359.49,361.34,0.512,down,200,4,None,202,True,1
2026-04-08,09:30:35.543,359.43,361.34,0.529,down,339,4,None,202,True,1
2026-04-08,09:30:35.504,359.49,361.34,0.512,down,200,4,None,202,True,1
2026-04-08,09:30:35.807,359.33,361.34,0.556,down,100,4,None,202,True,1
2026-04-08,09:30:35.931,359.3885,361.34,0.54,down,200,4,None,202,True,1
2026-04-08,09:30:35.931,359.418,361.34,0.532,down,160,4,None,202,True,1
2026-04-08,09:30:35.932,359.42,361.34,0.531,down,130,4,None,202,True,1
2026-04-08,09:30:36.014,359.3,361.34,0.565,down,150,4,None,202,True,1
2026-04-08,09:30:36.293,359.3001,361.34,0.565,down,375,4,None,202,True,1
2026-04-08,09:30:36.374,359.42,361.34,0.531,down,500,4,None,202,True,1
2026-04-08,09:30:36.433,359.35,361.34,0.551,down,100,4,None,202,True,1
2026-04-08,09:30:36.459,359.355,361.34,0.549,down,100,4,None,202,True,1
2026-04-08,09:30:36.478,359.4499,361.34,0.523,down,100,4,None,202,True,1
2026-04-08,09:30:36.649,359.2467,361.34,0.579,down,100,4,None,202,True,1
2026-04-08,09:30:36.675,359.37,361.34,0.545,down,100,4,None,202,True,1
2026-04-08,09:30:36.831,359.377,361.34,0.543,down,100,4,None,202,True,1
2026-04-08,09:30:36.897,359.4539,361.34,0.522,down,400,4,None,202,True,1
2026-04-08,09:30:36.954,359.375,361.34,0.544,down,100,4,None,202,True,1
2026-04-08,09:30:37.069,359.26,361.34,0.576,down,120,4,None,202,True,1
2026-04-08,09:30:37.072,359.26,361.34,0.576,down,160,4,None,202,True,1
2026-04-08,09:30:37.094,359.28,361.34,0.57,down,240,4,None,202,True,1
2026-04-08,09:30:37.224,359.295,361.34,0.566,down,560,4,None,202,True,1
2026-04-08,09:30:37.224,359.295,361.34,0.566,down,160,4,None,202,True,1
2026-04-08,09:30:37.258,359.295,361.34,0.566,down,100,4,None,202,True,1
2026-04-08,09:30:37.287,359.44,361.34,0.526,down,100,4,None,202,True,1
2026-04-08,09:30:37.520,359.4734,361.34,0.517,down,100,4,None,202,True,1
2026-04-08,09:30:37.574,359.4734,361.34,0.517,down,100,4,None,202,True,1
2026-04-08,09:30:37.730,359.2401,361.34,0.581,down,100,4,None,202,True,1
2026-04-08,09:30:37.800,359.33,361.34,0.556,down,100,4,None,202,True,1
2026-04-08,09:30:38.012,359.34,361.34,0.553,down,100,4,None,202,True,1
2026-04-08,09:30:38.058,359.4199,361.34,0.531,down,100,4,None,202,True,1
2026-04-08,09:30:38.258,359.33,361.34,0.556,down,460,4,None,202,True,1
2026-04-08,09:30:38.265,359.3743,361.34,0.544,down,136,4,None,202,True,1
2026-04-08,09:30:38.325,359.46,361.34,0.52,down,140,4,None,202,True,1
2026-04-08,09:30:38.325,359.43,361.34,0.529,down,360,4,None,203,True,1
2026-04-08,09:30:38.649,359.42,361.34,0.531,down,100,4,None,202,True,1
2026-04-08,09:30:39.033,359.5201,361.34,0.504,down,600,4,None,202,True,1
2026-04-08,09:30:39.701,359.51,361.34,0.506,down,100,4,None,202,True,1
2026-04-08,09:30:40.538,359.5275,361.34,0.502,down,142,4,None,202,True,1
2026-04-08,09:30:40.961,359.4638,361.34,0.519,down,120,4,None,202,True,1
2026-04-08,09:30:40.997,359.4637,361.34,0.519,down,200,4,None,202,True,1
2026-04-08,09:30:41.064,359.415,361.34,0.533,down,400,4,None,202,True,1
2026-04-08,09:30:41.174,359.415,361.34,0.533,down,100,4,None,202,True,1
2026-04-08,09:30:41.334,359.33,361.34,0.556,down,1000,4,None,202,True,1
2026-04-08,09:30:41.363,359.4599,361.34,0.52,down,250,4,None,202,True,1
2026-04-08,09:30:41.482,359.4355,361.34,0.527,down,100,4,None,202,True,1
2026-04-08,09:30:41.559,359.5291,361.34,0.501,down,100,4,None,202,True,1
2026-04-08,09:30:41.597,359.43,361.34,0.529,down,100,4,None,202,True,1
2026-04-08,09:30:41.630,359.435,361.34,0.527,down,100,4,None,202,True,1
2026-04-08,09:30:42.390,359.4259,361.34,0.53,down,100,4,None,202,True,1
2026-04-08,09:30:42.392,359.3401,361.34,0.553,down,200,4,None,202,True,1
2026-04-08,09:30:42.605,359.355,361.34,0.549,down,127,4,None,201,True,1
2026-04-08,09:30:42.605,359.45,361.34,0.523,down,160,4,None,201,True,1
2026-04-08,09:30:42.679,359.35,361.34,0.551,down,100,4,None,202,True,1
2026-04-08,09:30:42.690,359.359,361.34,0.548,down,100,4,None,202,True,1
2026-04-08,09:30:42.701,359.35,361.34,0.551,down,135,4,None,202,True,1
2026-04-08,09:30:42.702,359.4399,361.34,0.526,down,100,4,None,202,True,1
2026-04-08,09:30:42.751,359.448,361.34,0.524,down,160,4,None,202,True,1
2026-04-08,09:30:42.752,359.44,361.34,0.526,down,100,4,None,202,True,1
2026-04-08,09:30:42.757,359.44,361.34,0.526,down,150,4,None,202,True,1
2026-04-08,09:30:42.760,359.44,361.34,0.526,down,140,4,None,202,True,1
2026-04-08,09:30:42.766,359.4085,361.34,0.535,down,100,4,None,202,True,1
2026-04-08,09:30:42.839,359.52,361.34,0.504,down,100,4,None,202,True,1
2026-04-08,09:30:42.883,359.48,361.34,0.515,down,100,4,None,202,True,1
2026-04-08,09:30:42.889,359.52,361.34,0.504,down,500,4,None,202,True,1
2026-04-08,09:30:43.096,359.4654,361.34,0.519,down,615,4,None,202,True,1
2026-04-08,09:30:43.237,359.47,361.34,0.518,down,300,4,None,201,True,1
2026-04-08,09:30:43.264,359.4501,361.34,0.523,down,300,4,None,202,True,1
2026-04-08,09:30:43.269,359.47,361.34,0.518,down,100,4,None,202,True,1
2026-04-08,09:30:43.271,359.4501,361.34,0.523,down,100,4,None,202,True,1
2026-04-08,09:30:43.278,359.4523,361.34,0.522,down,100,4,None,202,True,1
2026-04-08,09:30:43.353,359.4506,361.34,0.523,down,500,4,None,202,True,1
2026-04-08,09:30:45.425,359.5,361.34,0.509,down,100,4,None,202,True,1
2026-04-08,09:30:45.552,359.44,361.34,0.526,down,160,4,None,202,True,1
2026-04-08,09:30:46.066,359.4701,361.34,0.517,down,300,4,None,202,True,1
2026-04-08,09:30:46.259,359.5235,361.34,0.503,down,100,4,None,202,True,1
2026-04-08,09:30:46.338,359.47,361.34,0.518,down,300,4,None,202,True,1
2026-04-08,09:30:47.008,359.53,361.34,0.501,down,200,4,None,202,True,1
2026-04-08,09:30:47.291,359.53,361.34,0.501,down,100,4,None,202,True,1
2026-04-08,09:30:47.340,359.53,361.34,0.501,down,280,4,None,202,True,1
2026-04-08,09:30:47.587,359.5296,361.34,0.501,down,300,4,None,202,True,1
2026-04-08,09:30:47.775,359.4202,361.34,0.531,down,100,4,None,202,True,1
2026-04-08,09:30:47.899,359.45,361.34,0.523,down,110,4,None,202,True,1
2026-04-08,09:30:47.904,359.45,361.34,0.523,down,120,4,None,202,True,1
2026-04-08,09:30:48.096,359.34,361.34,0.553,down,100,4,None,202,True,1
2026-04-08,09:30:48.091,359.43,361.34,0.529,down,194,4,None,203,True,1
2026-04-08,09:30:48.130,359.28,361.34,0.57,down,1000,4,None,202,True,1
2026-04-08,09:30:48.139,359.3,361.34,0.565,down,288,4,None,202,True,1
2026-04-08,09:30:48.139,359.3,361.34,0.565,down,134,4,None,202,True,1
2026-04-08,09:30:48.138,359.33,361.34,0.556,down,164,4,None,202,True,1
2026-04-08,09:30:48.353,359.44,361.34,0.526,down,120,4,None,202,True,1
2026-04-08,09:30:48.351,359.44,361.34,0.526,down,120,4,None,203,True,1
2026-04-08,09:30:48.487,359.4299,361.34,0.529,down,450,4,None,202,True,1
2026-04-08,09:30:48.623,359.365,361.34,0.547,down,192,4,None,202,True,1
2026-04-08,09:30:48.671,359.365,361.34,0.547,down,200,4,None,202,True,1
2026-04-08,09:30:48.732,359.2801,361.34,0.57,down,100,4,None,202,True,1
2026-04-08,09:30:48.748,359.365,361.34,0.547,down,100,4,None,202,True,1
2026-04-08,09:30:48.750,359.4486,361.34,0.523,down,500,4,None,202,True,1
2026-04-08,09:30:48.751,359.41,361.34,0.534,down,120,4,None,203,True,1
2026-04-08,09:30:48.779,359.4499,361.34,0.523,down,200,4,None,202,True,1
2026-04-08,09:30:48.782,359.42,361.34,0.531,down,100,4,None,203,True,1
2026-04-08,09:30:48.787,359.43,361.34,0.529,down,100,4,None,203,True,1
2026-04-08,09:30:48.885,359.2801,361.34,0.57,down,300,4,None,202,True,1
2026-04-08,09:30:49.101,359.4,361.34,0.537,down,100,4,None,202,True,1
2026-04-08,09:30:49.167,359.51,361.34,0.506,down,666,4,None,202,True,1
2026-04-08,09:30:49.178,359.3,361.34,0.565,down,175,4,None,202,True,1
2026-04-08,09:30:49.292,359.479,361.34,0.515,down,100,4,None,202,True,1
2026-04-08,09:30:49.302,359.48,361.34,0.515,down,300,4,None,202,True,1
2026-04-08,09:30:49.338,359.385,361.34,0.541,down,385,4,None,202,True,1
2026-04-08,09:30:49.375,359.3951,361.34,0.538,down,100,4,None,202,True,1
2026-04-08,09:30:49.413,359.4319,361.34,0.528,down,200,4,None,202,True,1
2026-04-08,09:30:49.579,359.44,361.34,0.526,down,280,4,None,202,True,1
2026-04-08,09:30:49.589,359.43,361.34,0.529,down,200,4,None,202,True,1
2026-04-08,09:30:49.579,359.43,361.34,0.529,down,200,4,None,203,True,1
2026-04-08,09:30:49.706,359.375,361.34,0.544,down,280,4,None,201,True,1
2026-04-08,09:30:49.732,359.4699,361.34,0.518,down,350,4,None,202,True,1
2026-04-08,09:30:49.983,359.46,361.34,0.52,down,200,4,None,202,True,1
2026-04-08,09:30:50.002,359.47,361.34,0.518,down,306,4,None,202,True,1
2026-04-08,09:30:50.164,359.375,361.34,0.544,down,100,4,None,202,True,1
2026-04-08,09:30:50.183,359.375,361.34,0.544,down,200,4,None,202,True,1
2026-04-08,09:30:50.185,359.375,361.34,0.544,down,200,4,None,202,True,1
2026-04-08,09:30:50.537,359.38,361.34,0.542,down,100,4,None,202,True,1
2026-04-08,09:30:50.582,359.38,361.34,0.542,down,111,4,None,202,True,1
2026-04-08,09:30:50.793,359.3976,361.34,0.538,down,160,4,None,202,True,1
2026-04-08,09:30:50.823,359.42,361.34,0.531,down,600,4,None,203,True,1
2026-04-08,09:30:50.918,359.38,361.34,0.542,down,200,4,None,202,True,1
2026-04-08,09:30:50.924,359.37,361.34,0.545,down,200,4,None,202,True,1
2026-04-08,09:30:51.052,359.33,361.34,0.556,down,100,4,None,202,True,1
2026-04-08,09:30:51.056,359.33,361.34,0.556,down,100,4,None,202,True,1
2026-04-08,09:30:51.206,359.3625,361.34,0.547,down,120,4,None,202,True,1
2026-04-08,09:30:51.219,359.3625,361.34,0.547,down,120,4,None,202,True,1
2026-04-08,09:30:51.366,359.29,361.34,0.567,down,100,4,None,202,True,1
2026-04-08,09:30:51.436,359.3783,361.34,0.543,down,150,4,None,202,True,1
2026-04-08,09:30:51.606,359.31,361.34,0.562,down,100,4,None,202,True,1
2026-04-08,09:30:51.629,359.305,361.34,0.563,down,186,4,None,202,True,1
2026-04-08,09:30:51.683,359.3243,361.34,0.558,down,100,4,None,202,True,1
2026-04-08,09:30:51.694,359.24,361.34,0.581,down,700,4,"[14, 41]",202,True,1
2026-04-08,09:30:51.773,359.32,361.34,0.559,down,100,4,None,202,True,1
2026-04-08,09:30:51.780,359.305,361.34,0.563,down,100,4,None,202,True,1
2026-04-08,09:30:51.838,359.305,361.34,0.563,down,200,4,None,202,True,1
2026-04-08,09:30:51.979,359.3499,361.34,0.551,down,200,4,None,202,True,1
2026-04-08,09:30:52.006,359.3342,361.34,0.555,down,120,4,None,202,True,1
2026-04-08,09:30:52.147,359.305,361.34,0.563,down,300,4,None,202,True,1
2026-04-08,09:30:52.143,359.305,361.34,0.563,down,200,4,None,202,True,1
2026-04-08,09:30:52.150,359.27,361.34,0.573,down,200,4,None,202,True,1
2026-04-08,09:30:52.150,359.26,361.34,0.576,down,360,4,None,202,True,1
2026-04-08,09:30:52.363,359.3,361.34,0.565,down,100,4,None,202,True,1
2026-04-08,09:30:52.636,359.305,361.34,0.563,down,957,4,None,202,True,1
2026-04-08,09:30:52.696,359.305,361.34,0.563,down,300,4,None,202,True,1
2026-04-08,09:30:52.915,359.305,361.34,0.563,down,375,4,None,202,True,1
2026-04-08,09:30:53.040,359.33,361.34,0.556,down,100,4,None,201,True,1
2026-04-08,09:30:53.080,359.36,361.34,0.548,down,200,4,None,202,True,1
2026-04-08,09:30:53.110,359.4,361.34,0.537,down,840,4,None,202,True,1
2026-04-08,09:30:53.113,359.4,361.34,0.537,down,100,4,None,202,True,1
2026-04-08,09:30:53.116,359.42,361.34,0.531,down,400,4,None,202,True,1
2026-04-08,09:30:53.116,359.42,361.34,0.531,down,660,4,None,202,True,1
2026-04-08,09:30:53.187,359.36,361.34,0.548,down,200,4,None,202,True,1
2026-04-08,09:30:53.195,359.3828,361.34,0.542,down,100,4,None,202,True,1
2026-04-08,09:30:53.227,359.42,361.34,0.531,down,200,4,None,202,True,1
2026-04-08,09:30:53.288,359.3906,361.34,0.539,down,500,4,None,202,True,1
2026-04-08,09:30:53.304,359.355,361.34,0.549,down,100,4,None,202,True,1
2026-04-08,09:30:53.378,359.3843,361.34,0.541,down,200,4,None,202,True,1
2026-04-08,09:30:53.526,359.3358,361.34,0.555,down,200,4,None,202,True,1
2026-04-08,09:30:53.529,359.42,361.34,0.531,down,100,4,None,202,True,1
2026-04-08,09:30:53.529,359.42,361.34,0.531,down,100,4,None,202,True,1
2026-04-08,09:30:53.529,359.42,361.34,0.531,down,100,4,None,202,True,1
2026-04-08,09:30:53.651,359.49,361.34,0.512,down,100,4,None,202,True,1
2026-04-08,09:30:53.756,359.4278,361.34,0.529,down,100,4,None,202,True,1
2026-04-08,09:30:53.757,359.44,361.34,0.526,down,150,4,None,202,True,1
2026-04-08,09:30:53.764,359.4155,361.34,0.533,down,140,4,None,202,True,1
2026-04-08,09:30:53.966,359.37,361.34,0.545,down,200,4,None,202,True,1
2026-04-08,09:30:54.006,359.4899,361.34,0.512,down,100,4,None,202,True,1
2026-04-08,09:30:54.091,359.4,361.34,0.537,down,100,4,None,202,True,1
2026-04-08,09:30:54.109,359.355,361.34,0.549,down,100,4,None,202,True,1
2026-04-08,09:30:54.164,359.41,361.34,0.534,down,100,4,None,202,True,1
2026-04-08,09:30:54.163,359.41,361.34,0.534,down,110,4,None,202,True,1
2026-04-08,09:30:54.163,359.4,361.34,0.537,down,100,4,None,202,True,1
2026-04-08,09:30:54.163,359.3908,361.34,0.539,down,200,4,None,203,True,1
2026-04-08,09:30:54.385,359.3401,361.34,0.553,down,1000,4,None,202,True,1
2026-04-08,09:30:54.570,359.395,361.34,0.538,down,100,4,None,202,True,1
2026-04-08,09:30:54.745,359.485,361.34,0.513,down,200,4,None,202,True,1
2026-04-08,09:30:54.832,359.4101,361.34,0.534,down,100,4,None,202,True,1
2026-04-08,09:30:54.885,359.405,361.34,0.536,down,100,4,None,202,True,1
2026-04-08,09:30:55.081,359.41,361.34,0.534,down,159,4,None,202,True,1
2026-04-08,09:30:55.272,359.47,361.34,0.518,down,200,4,None,202,True,1
2026-04-08,09:30:55.273,359.47,361.34,0.518,down,100,4,None,202,True,1
2026-04-08,09:30:55.273,359.4699,361.34,0.518,down,400,4,None,202,True,1
2026-04-08,09:30:55.273,359.4699,361.34,0.518,down,6267,4,None,202,True,1
2026-04-08,09:30:55.273,359.46,361.34,0.52,down,3033,4,None,202,True,1
2026-04-08,09:30:55.274,359.46,361.34,0.52,down,100,4,None,202,True,1
2026-04-08,09:30:55.274,359.46,361.34,0.52,down,100,4,None,202,True,1
2026-04-08,09:30:55.274,359.46,361.34,0.52,down,100,4,None,202,True,1
2026-04-08,09:30:55.367,359.335,361.34,0.555,down,100,4,None,202,True,1
2026-04-08,09:30:55.450,359.32,361.34,0.559,down,100,4,None,202,True,1
2026-04-08,09:30:55.637,359.35,361.34,0.551,down,120,4,None,202,True,1
2026-04-08,09:30:55.795,359.335,361.34,0.555,down,458,4,None,202,True,1
2026-04-08,09:30:55.820,359.3173,361.34,0.56,down,400,4,None,202,True,1
2026-04-08,09:30:56.003,359.3401,361.34,0.553,down,500,4,None,202,True,1
2026-04-08,09:30:56.092,359.402,361.34,0.536,down,1000,4,None,202,True,1
2026-04-08,09:30:56.211,359.34,361.34,0.553,down,143,4,None,202,True,1
2026-04-08,09:30:56.230,359.4399,361.34,0.526,down,2000,4,None,202,True,1
2026-04-08,09:30:56.276,359.34,361.34,0.553,down,200,4,None,202,True,1
2026-04-08,09:30:56.517,359.275,361.34,0.571,down,100,4,None,202,True,1
2026-04-08,09:30:56.673,359.3273,361.34,0.557,down,100,4,None,202,True,1
2026-04-08,09:30:56.674,359.35,361.34,0.551,down,150,4,None,202,True,1
2026-04-08,09:30:56.683,359.35,361.34,0.551,down,100,4,None,202,True,1
2026-04-08,09:30:55.879,359.2898,361.34,0.567,down,100,4,None,202,True,1
2026-04-08,09:30:56.505,359.22,361.34,0.587,down,100,4,None,202,True,1
2026-04-08,09:30:56.804,359.3,361.34,0.565,down,100,4,None,202,True,1
2026-04-08,09:30:56.813,359.3,361.34,0.565,down,100,4,None,202,True,1
2026-04-08,09:30:57.139,359.3,361.34,0.565,down,100,4,None,202,True,1
2026-04-08,09:30:57.162,359.3,361.34,0.565,down,400,4,None,202,True,1
2026-04-08,09:30:57.222,359.3,361.34,0.565,down,300,4,None,202,True,1
2026-04-08,09:30:57.291,359.33,361.34,0.556,down,100,4,None,202,True,1
2026-04-08,09:30:57.339,359.14,361.34,0.609,down,150,4,None,202,True,1
2026-04-08,09:30:57.357,359.14,361.34,0.609,down,129,4,None,202,True,1
2026-04-08,09:30:57.357,359.26,361.34,0.576,down,800,4,None,202,True,1
2026-04-08,09:30:57.358,359.2435,361.34,0.58,down,1200,4,None,202,True,1
2026-04-08,09:30:57.357,359.25,361.34,0.578,down,200,4,None,203,True,1
2026-04-08,09:30:57.425,359.1301,361.34,0.612,down,2000,4,None,202,True,1
2026-04-08,09:30:57.524,359.32,361.34,0.559,down,200,4,None,202,True,1
2026-04-08,09:30:57.547,359.173,361.34,0.6,down,100,4,None,202,True,1
2026-04-08,09:30:57.722,359.11,361.34,0.617,down,200,4,None,202,True,1
2026-04-08,09:30:57.908,359.1764,361.34,0.599,down,100,4,None,202,True,1
2026-04-08,09:30:57.930,359.2432,361.34,0.58,down,100,4,None,202,True,1
2026-04-08,09:30:58.057,359.23,361.34,0.584,down,199,4,None,203,True,1
2026-04-08,09:30:58.168,359.27,361.34,0.573,down,100,4,None,202,True,1
2026-04-08,09:30:58.368,359.24,361.34,0.581,down,100,4,None,202,True,1
2026-04-08,09:30:58.371,359.24,361.34,0.581,down,100,4,None,202,True,1
2026-04-08,09:30:58.393,359.17,361.34,0.601,down,600,4,None,202,True,1
2026-04-08,09:30:58.393,359.17,361.34,0.601,down,280,4,None,202,True,1
2026-04-08,09:30:58.487,359.04,361.34,0.637,down,200,4,None,202,True,1
2026-04-08,09:30:58.490,358.98,361.34,0.653,down,340,4,None,202,True,1
2026-04-08,09:30:58.540,358.94,361.34,0.664,down,100,4,None,202,True,1
2026-04-08,09:30:58.630,358.92,361.34,0.67,down,100,4,None,202,True,1
2026-04-08,09:30:58.635,358.9449,361.34,0.663,down,140,4,None,202,True,1
2026-04-08,09:30:58.688,358.86,361.34,0.686,down,400,4,None,202,True,1
2026-04-08,09:30:58.696,358.86,361.34,0.686,down,100,4,None,202,True,1
2026-04-08,09:30:58.800,358.92,361.34,0.67,down,300,4,None,202,True,1
2026-04-08,09:30:58.841,358.92,361.34,0.67,down,520,4,None,202,True,1
2026-04-08,09:30:58.842,358.92,361.34,0.67,down,150,4,None,202,True,1
2026-04-08,09:30:58.843,358.92,361.34,0.67,down,240,4,None,202,True,1
2026-04-08,09:30:58.854,358.86,361.34,0.686,down,100,4,None,202,True,1
2026-04-08,09:30:58.866,358.8425,361.34,0.691,down,100,4,None,202,True,1
2026-04-08,09:30:58.883,358.7868,361.34,0.707,down,100,4,None,202,True,1
2026-04-08,09:30:58.949,358.83,361.34,0.695,down,100,4,None,202,True,1
2026-04-08,09:30:59.074,358.8999,361.34,0.675,down,100,4,None,202,True,1
2026-04-08,09:30:59.089,358.83,361.34,0.695,down,231,4,None,202,True,1
2026-04-08,09:30:59.115,358.83,361.34,0.695,down,100,4,None,202,True,1
2026-04-08,09:30:59.149,358.8301,361.34,0.695,down,200,4,None,202,True,1
2026-04-08,09:30:59.223,358.83,361.34,0.695,down,100,4,None,202,True,1
2026-04-08,09:30:59.309,358.8451,361.34,0.69,down,200,4,None,202,True,1
2026-04-08,09:30:59.031,358.83,361.34,0.695,down,200,4,None,202,True,1
2026-04-08,09:30:59.391,358.965,361.34,0.657,down,120,4,None,202,True,1
2026-04-08,09:30:59.384,359.07,361.34,0.628,down,800,4,None,203,True,1
2026-04-08,09:30:59.551,358.93,361.34,0.667,down,200,4,None,202,True,1
2026-04-08,09:30:59.610,358.846,361.34,0.69,down,103,4,None,202,True,1
2026-04-08,09:30:59.628,358.93,361.34,0.667,down,100,4,None,202,True,1
2026-04-08,09:30:59.664,359.021,361.34,0.642,down,120,4,None,202,True,1
2026-04-08,09:30:59.675,359.0438,361.34,0.635,down,200,4,None,202,True,1
2026-04-08,09:30:59.755,358.78,361.34,0.708,down,1840,4,None,202,True,1
2026-04-08,09:30:59.810,358.925,361.34,0.668,down,100,4,None,202,True,1
2026-04-08,09:30:59.871,358.925,361.34,0.668,down,100,4,None,202,True,1
2026-04-08,09:31:00.054,359.0699,356.895,0.609,up,150,4,None,202,True,4
2026-04-08,09:31:00.200,359.015,356.895,0.594,up,200,4,None,202,True,4
2026-04-08,09:31:00.270,359.11,356.895,0.621,up,100,4,None,202,True,4
2026-04-08,09:31:00.337,358.9865,356.895,0.586,up,1000,4,None,202,True,4
2026-04-08,09:31:00.341,358.98,356.895,0.584,up,240,4,None,202,True,4
2026-04-08,09:31:00.378,358.85,356.895,0.548,up,500,4,None,202,True,4
2026-04-08,09:31:00.474,358.83,356.895,0.542,up,350,4,None,202,True,4
2026-04-08,09:31:00.483,358.88,356.895,0.556,up,200,4,None,202,True,4
2026-04-08,09:31:00.515,358.83,356.895,0.542,up,420,4,None,202,True,4
2026-04-08,09:31:00.512,358.8962,356.895,0.561,up,100,4,None,203,True,4
2026-04-08,09:31:00.674,358.83,356.895,0.542,up,120,4,None,202,True,4
2026-04-08,09:31:00.674,358.83,356.895,0.542,up,180,4,None,202,True,4
2026-04-08,09:31:00.675,358.825,356.895,0.541,up,100,4,None,202,True,4
2026-04-08,09:31:00.676,358.7601,356.895,0.523,up,100,4,None,202,True,4
2026-04-08,09:31:00.695,358.83,356.895,0.542,up,1200,4,None,202,True,4
2026-04-08,09:31:00.715,358.8299,356.895,0.542,up,625,4,None,202,True,4
2026-04-08,09:31:00.738,358.89,356.895,0.559,up,200,4,None,202,True,4
2026-04-08,09:31:00.763,358.7965,356.895,0.533,up,650,4,None,202,True,4
2026-04-08,09:31:00.868,358.7601,356.895,0.523,up,100,4,None,202,True,4
2026-04-08,09:31:00.950,358.86,356.895,0.551,up,120,4,None,203,True,4
2026-04-08,09:31:00.948,358.8955,356.895,0.561,up,200,4,None,203,True,4
2026-04-08,09:31:00.986,358.8981,356.895,0.561,up,260,4,None,202,True,4
2026-04-08,09:31:01.078,358.82,356.895,0.539,up,100,4,None,202,True,4
2026-04-08,09:31:01.445,359.123,356.895,0.624,up,100,4,None,202,True,4
2026-04-08,09:31:01.508,359.23,356.895,0.654,up,160,4,None,202,True,4
2026-04-08,09:31:01.332,359.11,356.895,0.621,up,120,4,None,202,True,4
2026-04-08,09:31:01.702,359.05,356.895,0.604,up,320,4,None,202,True,4
2026-04-08,09:31:01.702,359.05,356.895,0.604,up,120,4,None,202,True,4
2026-04-08,09:31:01.709,359.05,356.895,0.604,up,260,4,None,202,True,4
2026-04-08,09:31:01.724,359.2056,356.895,0.647,up,357,4,None,202,True,4
2026-04-08,09:31:01.809,359.16,356.895,0.635,up,100,4,None,202,True,4
2026-04-08,09:31:01.958,359,356.895,0.59,up,100,4,None,202,True,4
2026-04-08,09:31:02.008,359.19,356.895,0.643,up,100,4,None,202,True,4
2026-04-08,09:31:02.046,359.1555,356.895,0.633,up,100,4,None,202,True,4
2026-04-08,09:31:02.184,359,356.895,0.59,up,200,4,None,202,True,4
2026-04-08,09:31:02.219,359.0899,356.895,0.615,up,1000,4,None,202,True,4
2026-04-08,09:31:02.271,358.9482,356.895,0.575,up,400,4,None,202,True,4
2026-04-08,09:31:02.288,358.9,356.895,0.562,up,200,4,None,202,True,4
2026-04-08,09:31:02.289,358.9518,356.895,0.576,up,100,4,None,202,True,4
2026-04-08,09:31:02.507,358.9442,356.895,0.574,up,100,4,None,202,True,4
2026-04-08,09:31:02.592,358.925,356.895,0.569,up,100,4,None,202,True,4
2026-04-08,09:31:02.669,358.95,356.895,0.576,up,100,4,None,202,True,4
2026-04-08,09:31:02.122,358.9665,356.895,0.58,up,200,4,None,202,True,4
2026-04-08,09:31:02.780,358.965,356.895,0.58,up,1148,4,None,202,True,4
2026-04-08,09:31:02.781,358.965,356.895,0.58,up,960,4,None,202,True,4
2026-04-08,09:31:02.881,359.03,356.895,0.598,up,100,4,None,202,True,4
2026-04-08,09:31:02.943,359.0299,356.895,0.598,up,500,4,None,202,True,4
2026-04-08,09:31:02.969,359.02,356.895,0.595,up,100,4,None,202,True,4
2026-04-08,09:31:03.144,358.9937,356.895,0.588,up,100,4,None,202,True,4
2026-04-08,09:31:03.179,358.87,356.895,0.553,up,100,4,None,202,True,4
2026-04-08,09:31:03.196,358.95,356.895,0.576,up,200,4,None,202,True,4
2026-04-08,09:31:03.394,358.79,356.895,0.531,up,300,4,None,202,True,4
2026-04-08,09:31:03.467,358.855,356.895,0.549,up,100,4,None,202,True,4
2026-04-08,09:31:03.487,358.855,356.895,0.549,up,200,4,None,202,True,4
2026-04-08,09:31:03.670,358.855,356.895,0.549,up,150,4,None,201,True,4
2026-04-08,09:31:03.839,358.794,356.895,0.532,up,200,4,None,202,True,4
2026-04-08,09:31:03.862,358.9299,356.895,0.57,up,100,4,None,202,True,4
2026-04-08,09:31:03.889,358.855,356.895,0.549,up,100,4,None,202,True,4
2026-04-08,09:31:03.920,358.9299,356.895,0.57,up,853,4,None,202,True,4
2026-04-08,09:31:03.979,358.9059,356.895,0.563,up,300,4,None,202,True,4
2026-04-08,09:31:03.977,358.906,356.895,0.563,up,100,4,None,203,True,4
2026-04-08,09:31:03.998,358.78,356.895,0.528,up,837,4,None,202,True,4
2026-04-08,09:31:03.998,358.84,356.895,0.545,up,100,4,None,202,True,4
2026-04-08,09:31:03.998,358.83,356.895,0.542,up,100,4,None,202,True,4
2026-04-08,09:31:04.029,358.8,356.895,0.534,up,100,4,None,202,True,4
2026-04-08,09:31:03.923,358.855,356.895,0.549,up,1000,4,None,202,True,4
2026-04-08,09:31:04.086,358.895,356.895,0.56,up,200,4,None,202,True,4
2026-04-08,09:31:04.177,358.915,356.895,0.566,up,154,4,None,202,True,4
2026-04-08,09:31:04.222,358.945,356.895,0.574,up,100,4,None,202,True,4
2026-04-08,09:31:04.273,358.98,356.895,0.584,up,140,4,None,202,True,4
2026-04-08,09:31:04.275,358.98,356.895,0.584,up,174,4,None,202,True,4
2026-04-08,09:31:04.274,358.9351,356.895,0.572,up,1040,4,None,202,True,4
2026-04-08,09:31:04.415,358.945,356.895,0.574,up,100,4,None,202,True,4
2026-04-08,09:31:04.707,359,356.895,0.59,up,100,4,None,202,True,4
2026-04-08,09:31:04.800,358.9055,356.895,0.563,up,240,4,None,202,True,4
2026-04-08,09:31:04.860,358.86,356.895,0.551,up,100,4,None,202,True,4
2026-04-08,09:31:04.926,358.87,356.895,0.553,up,100,4,None,202,True,4
2026-04-08,09:31:04.926,358.87,356.895,0.553,up,100,4,None,202,True,4
2026-04-08,09:31:04.926,358.87,356.895,0.553,up,100,4,None,202,True,4
2026-04-08,09:31:04.926,358.875,356.895,0.555,up,100,4,None,202,True,4
2026-04-08,09:31:04.926,358.87,356.895,0.553,up,100,4,None,202,True,4
2026-04-08,09:31:04.926,358.87,356.895,0.553,up,100,4,None,202,True,4
2026-04-08,09:31:04.926,358.88,356.895,0.556,up,100,4,None,202,True,4
2026-04-08,09:31:04.926,358.87,356.895,0.553,up,100,4,None,202,True,4
2026-04-08,09:31:04.932,358.81,356.895,0.537,up,2739,4,None,202,True,4
2026-04-08,09:31:04.936,358.73,356.895,0.514,up,100,4,None,202,True,4
2026-04-08,09:31:04.943,358.745,356.895,0.518,up,100,4,None,202,True,4
2026-04-08,09:31:04.937,358.75,356.895,0.52,up,120,4,None,202,True,4
2026-04-08,09:31:04.943,358.74,356.895,0.517,up,100,4,None,202,True,4
2026-04-08,09:31:04.943,358.74,356.895,0.517,up,100,4,None,202,True,4
2026-04-08,09:31:04.952,358.82,356.895,0.539,up,100,4,None,202,True,4
2026-04-08,09:31:04.952,358.74,356.895,0.517,up,100,4,None,202,True,4
2026-04-08,09:31:05.004,358.81,356.895,0.537,up,200,4,None,202,True,4
2026-04-08,09:31:05.011,358.8,356.895,0.534,up,1720,4,None,203,True,4
2026-04-08,09:31:05.054,358.765,356.895,0.524,up,100,4,None,202,True,4
2026-04-08,09:31:05.061,358.72,356.895,0.511,up,600,4,None,202,True,4
2026-04-08,09:31:08.271,358.83,356.895,0.542,up,100,4,None,202,True,4
2026-04-08,09:31:08.368,358.8145,356.895,0.538,up,600,4,None,202,True,4
2026-04-08,09:31:08.534,358.78,356.895,0.528,up,100,4,None,202,True,4
2026-04-08,09:31:08.541,358.79,356.895,0.531,up,100,4,None,202,True,4
2026-04-08,09:31:08.552,358.715,356.895,0.51,up,399,4,None,202,True,4
2026-04-08,09:31:08.574,358.79,356.895,0.531,up,100,4,None,203,True,4
2026-04-08,09:31:08.576,358.7857,356.895,0.53,up,660,4,None,203,True,4
2026-04-08,09:31:08.748,358.75,356.895,0.52,up,100,4,None,202,True,4
2026-04-08,09:31:09.033,358.7499,356.895,0.52,up,100,4,None,202,True,4
2026-04-08,09:31:09.123,358.75,356.895,0.52,up,100,4,None,202,True,4
2026-04-08,09:31:09.180,358.75,356.895,0.52,up,100,4,None,202,True,4
2026-04-08,09:31:09.274,358.69,356.895,0.503,up,100,4,None,202,True,4
2026-04-08,09:31:51.136,355.1105,356.895,0.5,down,100,4,None,202,True,1
2026-04-08,09:31:51.237,355.1,356.895,0.503,down,100,4,None,202,True,1
2026-04-08,09:31:51.352,355.07,356.895,0.511,down,160,4,None,202,True,1
2026-04-08,09:31:51.353,355.07,356.895,0.511,down,160,4,None,202,True,1
2026-04-08,09:31:51.450,355.0501,356.895,0.517,down,1000,4,None,202,True,1
2026-04-08,09:31:51.455,355.0535,356.895,0.516,down,100,4,None,203,True,1
2026-04-08,09:31:51.487,355.09,356.895,0.506,down,100,4,None,202,True,1
2026-04-08,09:31:51.516,355.11,356.895,0.5,down,240,4,None,202,True,1
2026-04-08,09:31:51.239,355.104,356.895,0.502,down,604,4,None,202,True,1
2026-04-08,09:31:51.597,355.105,356.895,0.502,down,200,4,None,202,True,1
2026-04-08,09:31:51.723,355.1,356.895,0.503,down,100,4,None,202,True,1
2026-04-08,09:31:51.749,355.065,356.895,0.513,down,100,4,None,202,True,1
2026-04-08,09:31:51.843,355.0836,356.895,0.508,down,500,4,None,202,True,1
2026-04-08,09:31:51.862,355.065,356.895,0.513,down,151,4,None,202,True,1
2026-04-08,09:31:51.917,355.042,356.895,0.519,down,100,4,None,201,True,1
2026-04-08,09:31:51.945,355.09,356.895,0.506,down,100,4,None,202,True,1
2026-04-08,09:31:51.959,355.09,356.895,0.506,down,100,4,None,202,True,1
2026-04-08,09:31:52.070,355.0935,356.895,0.505,down,221,4,None,202,True,1
2026-04-08,09:31:52.112,355.1,356.895,0.503,down,250,4,None,202,True,1
2026-04-08,09:31:52.113,355.1,356.895,0.503,down,200,4,None,202,True,1
2026-04-08,09:31:52.414,355.1,356.895,0.503,down,175,4,None,202,True,1
2026-04-08,09:31:52.413,355.1,356.895,0.503,down,200,4,None,202,True,1
2026-04-08,09:31:52.416,355.1,356.895,0.503,down,100,4,None,202,True,1
2026-04-08,09:31:52.580,355.1,356.895,0.503,down,100,4,None,202,True,1
2026-04-08,09:31:52.796,355.105,356.895,0.502,down,100,4,None,202,True,1
2026-04-08,09:31:56.117,355.11,356.895,0.5,down,200,4,None,202,True,1
2026-04-08,09:31:56.123,355.08,356.895,0.509,down,100,4,None,202,True,1
2026-04-08,09:31:56.249,355.1,356.895,0.503,down,100,4,None,202,True,1
2026-04-08,09:31:56.272,355.11,356.895,0.5,down,150,4,None,202,True,1
2026-04-08,09:31:56.303,355.11,356.895,0.5,down,104,4,None,202,True,1
2026-04-08,09:31:56.428,355.08,356.895,0.509,down,105,4,None,202,True,1
2026-04-08,09:31:56.555,355,356.895,0.531,down,560,4,None,202,True,1
2026-04-08,09:31:56.555,355,356.895,0.531,down,520,4,None,202,True,1
2026-04-08,09:31:56.593,355.05,356.895,0.517,down,100,4,None,202,True,1
2026-04-08,09:31:56.598,354.95,356.895,0.545,down,100,4,None,202,True,1
2026-04-08,09:31:56.598,355.05,356.895,0.517,down,100,4,None,202,True,1
2026-04-08,09:31:56.618,354.92,356.895,0.553,down,150,4,None,202,True,1
2026-04-08,09:31:56.621,354.99,356.895,0.534,down,240,4,None,202,True,1
2026-04-08,09:31:56.626,354.96,356.895,0.542,down,1000,4,None,202,True,1
2026-04-08,09:31:56.681,354.9201,356.895,0.553,down,119,4,None,202,True,1
2026-04-08,09:31:56.684,354.92,356.895,0.553,down,120,4,None,202,True,1
2026-04-08,09:31:56.694,354.95,356.895,0.545,down,500,4,None,202,True,1
2026-04-08,09:31:56.705,354.95,356.895,0.545,down,900,4,None,202,True,1
2026-04-08,09:31:56.713,354.9999,356.895,0.531,down,100,4,None,202,True,1
2026-04-08,09:31:56.732,354.91,356.895,0.556,down,200,4,None,202,True,1
2026-04-08,09:31:56.794,354.97,356.895,0.539,down,100,4,None,202,True,1
2026-04-08,09:31:56.423,355.104,356.895,0.502,down,840,4,None,202,True,1
2026-04-08,09:31:56.833,355.0388,356.895,0.52,down,300,4,None,202,True,1
2026-04-08,09:31:56.870,354.91,356.895,0.556,down,100,4,None,202,True,1
2026-04-08,09:31:57.079,354.96,356.895,0.542,down,100,4,None,202,True,1
2026-04-08,09:31:57.238,355.0205,356.895,0.525,down,100,4,None,202,True,1
2026-04-08,09:31:57.275,354.9655,356.895,0.541,down,310,4,None,202,True,1
2026-04-08,09:31:57.295,354.9101,356.895,0.556,down,900,4,None,202,True,1
2026-04-08,09:31:57.416,355.005,356.895,0.53,down,400,4,None,202,True,1
2026-04-08,09:31:57.416,355,356.895,0.531,down,358,4,None,202,True,1
2026-04-08,09:31:57.451,354.9441,356.895,0.547,down,100,4,None,202,True,1
2026-04-08,09:31:57.615,355.0017,356.895,0.53,down,100,4,None,202,True,1
2026-04-08,09:31:57.900,354.94,356.895,0.548,down,450,4,None,202,True,1
2026-04-08,09:31:57.926,354.99,356.895,0.534,down,300,4,None,202,True,1
2026-04-08,09:31:57.978,354.94,356.895,0.548,down,489,4,None,202,True,1
2026-04-08,09:31:58.166,354.9301,356.895,0.551,down,125,4,None,202,True,1
2026-04-08,09:31:58.206,354.9535,356.895,0.544,down,300,4,None,202,True,1
2026-04-08,09:31:58.413,354.985,356.895,0.535,down,530,4,None,202,True,1
2026-04-08,09:31:58.430,355.04,356.895,0.52,down,100,4,None,202,True,1
2026-04-08,09:31:58.696,354.85,356.895,0.573,down,230,4,None,202,True,1
2026-04-08,09:31:58.696,354.955,356.895,0.544,down,100,4,None,202,True,1
2026-04-08,09:31:58.742,354.88,356.895,0.565,down,200,4,None,202,True,1
2026-04-08,09:31:58.742,354.89,356.895,0.562,down,200,4,None,203,True,1
2026-04-08,09:31:58.778,354.8124,356.895,0.584,down,160,4,None,202,True,1
2026-04-08,09:31:58.808,354.8768,356.895,0.565,down,120,4,None,202,True,1
2026-04-08,09:31:58.925,354.85,356.895,0.573,down,100,4,None,202,True,1
2026-04-08,09:31:58.957,354.8899,356.895,0.562,down,555,4,None,202,True,1
2026-04-08,09:31:59.000,354.81,356.895,0.584,down,160,4,None,202,True,1
2026-04-08,09:31:59.000,354.81,356.895,0.584,down,160,4,None,202,True,1
2026-04-08,09:31:59.000,354.81,356.895,0.584,down,120,4,None,202,True,1
2026-04-08,09:31:59.000,354.81,356.895,0.584,down,160,4,None,202,True,1
2026-04-08,09:31:59.124,354.81,356.895,0.584,down,160,4,None,202,True,1
2026-04-08,09:31:59.128,354.85,356.895,0.573,down,100,4,None,202,True,1
2026-04-08,09:31:59.283,354.8094,356.895,0.584,down,276,4,None,201,True,1
2026-04-08,09:31:59.385,354.8101,356.895,0.584,down,200,4,None,202,True,1
2026-04-08,09:31:59.445,354.85,356.895,0.573,down,200,4,None,202,True,1
2026-04-08,09:31:59.456,354.85,356.895,0.573,down,200,4,None,202,True,1
2026-04-08,09:31:59.473,354.85,356.895,0.573,down,200,4,None,202,True,1
2026-04-08,09:31:59.549,354.8134,356.895,0.583,down,200,4,None,202,True,1
2026-04-08,09:31:59.707,354.84,356.895,0.576,down,200,4,None,202,True,1
2026-04-08,09:31:59.744,354.7901,356.895,0.59,down,100,4,None,202,True,1
2026-04-08,09:31:59.755,354.86,356.895,0.57,down,100,4,None,202,True,1
2026-04-08,09:31:58.915,354.8157,356.895,0.583,down,100,4,None,202,True,1
2026-04-08,09:31:59.898,354.88,356.895,0.565,down,100,4,None,202,True,1
2026-04-08,09:31:59.905,354.84,356.895,0.576,down,200,4,None,202,True,1
2026-04-08,09:31:59.929,354.86,356.895,0.57,down,200,4,None,201,True,1
2026-04-08,09:31:59.947,354.8599,356.895,0.57,down,300,4,None,202,True,1
2026-04-08,15:01:34.604,348.279,340.2025,2.374,up,360,4,"[10, 22, 41]",202,True,1
2026-04-09,12:35:22.247,340.0696,346.605,1.886,down,1200,4,"[10, 22, 41]",202,False,
2026-04-10,09:30:01.764,345,346.8025,0.52,down,395,4,None,202,False,
2026-04-10,09:30:02.000,345.04,346.8025,0.508,down,250,4,None,202,False,
2026-04-10,09:30:02.379,345.06,346.8025,0.502,down,415,4,None,202,False,
2026-04-10,09:30:03.070,345.0208,346.8025,0.514,down,200,4,None,202,False,
2026-04-10,09:30:03.399,345.065,346.8025,0.501,down,760,4,None,202,False,
2026-04-10,09:30:03.515,344.97,346.8025,0.528,down,150,4,None,202,False,
2026-04-10,09:30:03.519,344.97,346.8025,0.528,down,2000,4,None,202,False,
2026-04-10,09:30:03.569,345,346.8025,0.52,down,245,4,None,202,False,
2026-04-10,09:30:03.607,345.0382,346.8025,0.509,down,100,4,None,202,False,
2026-04-10,09:30:03.643,345.0484,346.8025,0.506,down,200,4,None,202,False,
2026-04-10,09:30:03.879,344.97,346.8025,0.528,down,109,4,None,202,False,
2026-04-10,09:31:25.782,350.19,348.4385,0.503,up,250,4,None,202,True,1
2026-04-10,09:31:25.796,350.19,348.4385,0.503,up,238,4,None,202,True,1
2026-04-10,09:31:25.872,350.1885,348.4385,0.502,up,260,4,None,202,True,1
2026-04-10,09:31:25.910,350.2445,348.4385,0.518,up,160,4,None,201,True,1
2026-04-10,09:31:25.969,350.23,348.4385,0.514,up,777,4,None,202,True,1
2026-04-10,09:31:26.008,350.23,348.4385,0.514,up,100,4,None,202,True,1
2026-04-10,09:31:26.013,350.27,348.4385,0.526,up,121,4,None,202,True,1
2026-04-10,09:31:26.062,350.285,348.4385,0.53,up,100,4,None,202,True,1
2026-04-10,09:31:26.227,350.3499,348.4385,0.549,up,1000,4,None,202,True,1
2026-04-10,09:31:26.293,350.31,348.4385,0.537,up,100,4,None,202,True,1
2026-04-10,09:31:26.302,350.36,348.4385,0.551,up,200,4,None,202,True,1
2026-04-10,09:31:26.440,350.29,348.4385,0.531,up,100,4,None,202,True,1
2026-04-10,09:31:26.440,350.29,348.4385,0.531,up,100,4,None,202,True,1
2026-04-10,09:31:26.440,350.29,348.4385,0.531,up,100,4,None,202,True,1
2026-04-10,09:31:26.440,350.195,348.4385,0.504,up,100,4,None,202,True,1
2026-04-10,09:31:26.440,350.29,348.4385,0.531,up,100,4,None,202,True,1
2026-04-10,09:31:26.519,350.22,348.4385,0.511,up,100,4,None,202,True,1
2026-04-10,09:31:26.519,350.23,348.4385,0.514,up,100,4,None,202,True,1
2026-04-10,09:31:25.933,350.27,348.4385,0.526,up,200,4,None,202,True,1
2026-04-14,09:30:02.777,355.601,357.815,0.619,down,100,4,None,201,False,
2026-04-14,09:30:02.569,355.906,357.815,0.534,down,100,4,None,202,False,
2026-04-14,09:30:02.760,355.77,357.815,0.572,down,140,4,None,202,False,
2026-04-14,09:30:02.927,355.51,357.815,0.644,down,145,4,None,202,False,
2026-04-14,09:30:03.032,355.3838,357.815,0.679,down,752,4,None,202,False,
2026-04-14,09:30:02.999,355.36,357.815,0.686,down,100,4,None,202,False,
2026-04-14,09:30:03.403,355.075,357.815,0.766,down,520,4,None,201,False,
2026-04-14,09:30:03.106,355.2975,357.815,0.704,down,100,4,None,202,False,
2026-04-14,09:30:03.163,355.2377,357.815,0.72,down,100,4,None,202,False,
2026-04-14,09:30:03.175,355.255,357.815,0.715,down,100,4,None,202,False,
2026-04-14,09:30:03.175,355.255,357.815,0.715,down,180,4,None,202,False,
2026-04-14,09:30:03.174,355.31,357.815,0.7,down,100,4,None,202,False,
2026-04-14,09:30:03.175,355.29,357.815,0.706,down,100,4,None,202,False,
2026-04-14,09:30:03.240,355.105,357.815,0.757,down,100,4,None,202,False,
2026-04-14,09:30:03.240,355.11,357.815,0.756,down,200,4,None,202,False,
2026-04-14,09:30:03.240,355.11,357.815,0.756,down,200,4,None,202,False,
2026-04-14,09:30:03.240,355.11,357.815,0.756,down,100,4,None,202,False,
2026-04-14,09:30:03.240,355.105,357.815,0.757,down,100,4,None,202,False,
2026-04-14,09:30:03.175,355.31,357.815,0.7,down,100,4,None,202,False,
2026-04-14,09:30:03.338,355.1,357.815,0.759,down,200,4,None,202,False,
2026-04-14,09:30:03.337,355.1,357.815,0.759,down,200,4,None,202,False,
2026-04-14,09:30:03.337,355.05,357.815,0.773,down,200,4,None,202,False,
2026-04-14,09:30:03.341,355.06,357.815,0.77,down,100,4,None,202,False,
2026-04-14,09:30:03.174,355.31,357.815,0.7,down,100,4,None,202,False,
2026-04-14,09:30:03.435,355.1095,357.815,0.756,down,375,4,None,202,False,
2026-04-14,09:30:03.488,355.12,357.815,0.753,down,394,4,None,202,False,
2026-04-14,09:30:03.942,355.3229,357.815,0.696,down,300,4,None,201,False,
2026-04-14,09:30:03.631,354.9,357.815,0.815,down,200,4,None,202,False,
2026-04-14,09:30:03.647,354.9,357.815,0.815,down,175,4,None,202,False,
2026-04-14,09:30:03.650,354.9,357.815,0.815,down,200,4,None,202,False,
2026-04-14,09:30:03.651,354.885,357.815,0.819,down,200,4,None,202,False,
2026-04-14,09:30:03.733,355.03,357.815,0.778,down,230,4,None,202,False,
2026-04-14,09:30:03.733,355.1,357.815,0.759,down,164,4,None,202,False,
2026-04-14,09:30:03.815,355.105,357.815,0.757,down,300,4,None,202,False,
2026-04-14,09:30:03.816,355.13,357.815,0.75,down,300,4,None,202,False,
2026-04-14,09:30:03.826,355.235,357.815,0.721,down,400,4,None,202,False,
2026-04-14,09:30:03.829,355.235,357.815,0.721,down,240,4,None,202,False,
2026-04-14,09:30:03.950,355.36,357.815,0.686,down,100,4,None,202,False,
2026-04-14,09:30:03.968,355.315,357.815,0.699,down,100,4,None,202,False,
2026-04-14,09:30:03.996,355.372,357.815,0.683,down,389,4,None,202,False,
2026-04-14,09:30:04.002,355.33,357.815,0.694,down,200,4,None,202,False,
2026-04-14,09:30:04.048,355.3251,357.815,0.696,down,200,4,None,202,False,
2026-04-14,09:30:04.053,355.33,357.815,0.694,down,100,4,None,202,False,
2026-04-14,09:30:04.064,355.465,357.815,0.657,down,360,4,None,202,False,
2026-04-14,09:30:02.572,355.86,357.815,0.546,down,131,4,None,202,False,
2026-04-14,09:30:02.893,355.5,357.815,0.647,down,380,4,None,202,False,
2026-04-14,09:30:03.068,355.31,357.815,0.7,down,550,4,None,202,False,
2026-04-14,09:30:04.125,355.4625,357.815,0.657,down,100,4,None,202,False,
2026-04-14,09:30:04.053,355.295,357.815,0.704,down,100,4,None,202,False,
2026-04-14,09:30:04.218,355.3527,357.815,0.688,down,500,4,None,202,False,
2026-04-14,09:30:04.224,355.425,357.815,0.668,down,314,4,None,202,False,
2026-04-14,09:30:04.268,355.1101,357.815,0.756,down,100,4,None,202,False,
2026-04-14,09:30:04.292,355.12,357.815,0.753,down,300,4,None,202,False,
2026-04-14,09:30:04.295,355.12,357.815,0.753,down,150,4,None,202,False,
2026-04-14,09:30:04.319,355.1975,357.815,0.732,down,300,4,None,202,False,
2026-04-14,09:30:04.320,355.1,357.815,0.759,down,200,4,None,202,False,
2026-04-14,09:30:04.320,355.1,357.815,0.759,down,102,4,None,202,False,
2026-04-14,09:30:04.321,355.1,357.815,0.759,down,300,4,None,202,False,
2026-04-14,09:30:04.331,354.98,357.815,0.792,down,200,4,None,202,False,
2026-04-14,09:30:04.331,354.98,357.815,0.792,down,100,4,None,202,False,
2026-04-14,09:30:04.375,355.23,357.815,0.722,down,300,4,None,202,False,
2026-04-14,09:30:04.375,355.23,357.815,0.722,down,300,4,None,202,False,
2026-04-14,09:30:04.477,355.23,357.815,0.722,down,266,4,None,202,False,
2026-04-14,09:30:04.562,355.02,357.815,0.781,down,450,4,None,202,False,
2026-04-14,09:30:04.610,355.02,357.815,0.781,down,2541,4,None,202,False,
2026-04-14,09:30:04.706,355.1,357.815,0.759,down,100,4,None,202,False,
2026-04-14,09:30:04.716,355.23,357.815,0.722,down,100,4,None,202,False,
2026-04-14,09:30:04.744,355.13,357.815,0.75,down,146,4,None,202,False,
2026-04-14,09:30:04.831,355.3285,357.815,0.695,down,200,4,None,202,False,
2026-04-14,09:30:04.862,355.1378,357.815,0.748,down,250,4,None,202,False,
2026-04-14,09:30:04.865,355.41,357.815,0.672,down,200,4,None,202,False,
2026-04-14,09:30:04.873,355.235,357.815,0.721,down,404,4,None,202,False,
2026-04-14,09:30:04.899,355.495,357.815,0.648,down,300,4,None,202,False,
2026-04-14,09:30:04.903,355.795,357.815,0.565,down,300,4,None,202,False,
2026-04-14,09:30:04.905,355.77,357.815,0.572,down,300,4,None,202,False,
2026-04-14,09:30:04.910,355.77,357.815,0.572,down,300,4,None,202,False,
2026-04-14,09:30:04.911,355.745,357.815,0.579,down,300,4,None,202,False,
2026-04-14,09:30:04.916,355.745,357.815,0.579,down,300,4,None,202,False,
2026-04-14,09:30:04.917,355.745,357.815,0.579,down,300,4,None,202,False,
2026-04-14,09:30:04.974,355.9399,357.815,0.524,down,300,4,None,202,False,
2026-04-14,09:30:05.068,355.7675,357.815,0.572,down,100,4,None,202,False,
2026-04-14,09:30:03.890,355.11,357.815,0.756,down,450,4,None,202,False,
2026-04-14,09:30:05.158,355.94,357.815,0.524,down,200,4,None,202,False,
2026-04-14,09:30:04.307,355.32,357.815,0.697,down,100,4,None,202,False,
2026-04-14,09:30:05.146,355.1,357.815,0.759,down,720,4,"[14, 41]",202,False,
2026-04-14,09:30:02.602,355.885,357.815,0.539,down,500,4,None,202,False,
2026-04-14,09:30:02.628,355.905,357.815,0.534,down,240,4,None,202,False,
2026-04-14,09:30:02.650,355.8,357.815,0.563,down,500,4,None,202,False,
2026-04-14,09:30:02.654,355.8,357.815,0.563,down,500,4,None,202,False,
2026-04-14,09:30:02.682,355.77,357.815,0.572,down,500,4,None,202,False,
2026-04-14,09:30:02.723,355.77,357.815,0.572,down,500,4,None,202,False,
2026-04-14,09:30:02.729,355.77,357.815,0.572,down,500,4,None,202,False,
2026-04-14,09:30:02.446,355.98,357.815,0.513,down,300,4,None,202,False,
2026-04-14,09:30:06.828,356,357.815,0.507,down,160,4,None,202,False,
2026-04-14,09:30:06.850,356.01,357.815,0.504,down,135,4,None,202,False,
2026-04-14,09:30:04.723,355.25,357.815,0.717,down,150,4,None,202,False,
2026-04-14,09:30:02.452,355.94,357.815,0.524,down,523,4,None,202,False,
2026-04-14,09:30:02.992,355.44,357.815,0.664,down,394,4,None,202,False,
2026-04-14,09:30:04.946,355.745,357.815,0.579,down,100,4,None,202,False,
2026-04-14,09:30:04.376,355.23,357.815,0.722,down,500,4,None,202,False,
2026-04-14,09:31:41.209,361.2327,359.4349,0.5,up,290,4,None,202,True,1
2026-04-14,09:31:41.428,361.255,359.4349,0.506,up,100,4,None,202,True,1
2026-04-14,09:31:41.434,361.255,359.4349,0.506,up,300,4,None,202,True,1
2026-04-14,09:31:41.442,361.255,359.4349,0.506,up,300,4,None,202,True,1
2026-04-14,09:31:41.452,361.25,359.4349,0.505,up,200,4,None,202,True,1
2026-04-14,09:31:41.473,361.25,359.4349,0.505,up,500,4,None,202,True,1
2026-04-14,09:31:41.483,361.3,359.4349,0.519,up,300,4,None,202,True,1
2026-04-14,09:31:53.771,361.29,359.4349,0.516,up,100,4,None,202,True,1
2026-04-14,09:31:53.779,361.25,359.4349,0.505,up,100,4,None,202,True,1
2026-04-14,09:31:53.831,361.24,359.4349,0.502,up,400,4,None,202,True,1
2026-04-14,09:31:53.912,361.235,359.4349,0.501,up,100,4,None,202,True,1
2026-04-14,09:31:53.998,361.24,359.4349,0.502,up,100,4,None,202,True,1
2026-04-14,09:31:54.083,361.24,359.4349,0.502,up,1000,4,None,202,True,1
2026-04-14,09:31:54.116,361.24,359.4349,0.502,up,110,4,None,202,True,1
2026-04-14,09:31:54.154,361.24,359.4349,0.502,up,100,4,None,202,True,1
2026-04-14,09:31:54.283,361.24,359.4349,0.502,up,200,4,None,202,True,1
2026-04-14,09:31:54.414,361.24,359.4349,0.502,up,500,4,None,202,True,1
2026-04-14,09:31:54.414,361.24,359.4349,0.502,up,100,4,None,202,True,1
2026-04-14,09:31:54.996,361.25,359.4349,0.505,up,100,4,None,202,True,1
2026-04-14,09:31:55.075,361.2999,359.4349,0.519,up,580,4,None,202,True,1
2026-04-14,09:31:55.099,361.29,359.4349,0.516,up,100,4,None,202,True,1
2026-04-14,09:31:55.124,361.24,359.4349,0.502,up,400,4,None,202,True,1
2026-04-15,09:30:03.299,363.565,365.6,0.557,down,232,4,None,201,False,
2026-04-15,09:30:03.132,363.662,365.6,0.53,down,300,4,None,202,False,
2026-04-15,09:30:03.280,363.5301,365.6,0.566,down,100,4,None,202,False,
2026-04-15,09:30:03.294,363.58,365.6,0.553,down,280,4,None,202,False,
2026-04-15,09:30:03.333,363.54,365.6,0.563,down,100,4,None,202,False,
2026-04-15,09:30:03.333,363.55,365.6,0.561,down,100,4,None,202,False,
2026-04-15,09:30:03.333,363.54,365.6,0.563,down,200,4,None,202,False,
2026-04-15,09:30:03.337,363.61,365.6,0.544,down,120,4,None,202,False,
2026-04-15,09:30:03.338,363.59,365.6,0.55,down,120,4,None,202,False,
2026-04-15,09:30:03.338,363.63,365.6,0.539,down,120,4,None,202,False,
2026-04-15,09:30:03.338,363.59,365.6,0.55,down,120,4,None,202,False,
2026-04-15,09:30:03.338,363.63,365.6,0.539,down,120,4,None,202,False,
2026-04-15,09:30:03.830,363.2262,365.6,0.649,down,244,4,None,203,False,
2026-04-15,09:30:03.559,363.41,365.6,0.599,down,320,4,None,202,False,
2026-04-15,09:30:03.570,363.44,365.6,0.591,down,240,4,None,202,False,
2026-04-15,09:30:03.814,363.305,365.6,0.628,down,498,4,None,202,False,
2026-04-15,09:30:04.217,363.4443,365.6,0.59,down,100,4,None,201,False,
2026-04-15,09:30:03.928,363.24,365.6,0.646,down,298,4,None,202,False,
2026-04-15,09:30:03.945,363.26,365.6,0.64,down,100,4,None,202,False,
2026-04-15,09:30:03.955,363.215,365.6,0.652,down,100,4,None,202,False,
2026-04-15,09:30:03.980,363.265,365.6,0.639,down,300,4,None,202,False,
2026-04-15,09:30:03.985,363.27,365.6,0.637,down,100,4,None,202,False,
2026-04-15,09:30:03.991,363.34,365.6,0.618,down,100,4,None,202,False,
2026-04-15,09:30:03.991,363.34,365.6,0.618,down,100,4,None,202,False,
2026-04-15,09:30:03.991,363.34,365.6,0.618,down,200,4,None,202,False,
2026-04-15,09:30:04.002,363.41,365.6,0.599,down,100,4,None,202,False,
2026-04-15,09:30:04.002,363.39,365.6,0.604,down,200,4,None,202,False,
2026-04-15,09:30:04.003,363.37,365.6,0.61,down,100,4,None,202,False,
2026-04-15,09:30:04.114,363.435,365.6,0.592,down,200,4,None,202,False,
2026-04-15,09:30:03.393,363.49,365.6,0.577,down,100,4,None,202,False,
2026-04-15,09:30:04.126,363.38,365.6,0.607,down,1350,4,None,202,False,
2026-04-15,09:30:04.156,363.38,365.6,0.607,down,320,4,None,202,False,
2026-04-15,09:30:04.249,363.38,365.6,0.607,down,120,4,None,202,False,
2026-04-15,09:30:04.325,363.3,365.6,0.629,down,1625,4,None,202,False,
2026-04-15,09:30:04.325,363.3,365.6,0.629,down,100,4,None,202,False,
2026-04-15,09:30:04.328,363.3,365.6,0.629,down,220,4,None,202,False,
2026-04-15,09:30:04.452,363.21,365.6,0.654,down,100,4,None,202,False,
2026-04-15,09:30:04.476,363.12,365.6,0.678,down,100,4,None,202,False,
2026-04-15,09:30:04.776,362.995,365.6,0.713,down,130,4,None,203,False,
2026-04-15,09:30:04.833,363.11,365.6,0.681,down,300,4,None,202,False,
2026-04-15,09:30:04.833,363.125,365.6,0.677,down,280,4,None,202,False,
2026-04-15,09:30:04.833,363.135,365.6,0.674,down,300,4,None,202,False,
2026-04-15,09:30:03.985,363.33,365.6,0.621,down,277,4,None,202,False,
2026-04-15,09:30:05.048,362.8701,365.6,0.747,down,200,4,None,202,False,
2026-04-15,09:30:05.068,363.01,365.6,0.708,down,275,4,None,202,False,
2026-04-15,09:30:04.987,363.03,365.6,0.703,down,132,4,None,202,False,
2026-04-15,09:30:05.202,363.1052,365.6,0.682,down,100,4,None,202,False,
2026-04-15,09:30:05.209,363.2099,365.6,0.654,down,655,4,None,202,False,
2026-04-15,09:30:05.289,362.87,365.6,0.747,down,139,4,None,202,False,
2026-04-15,09:30:05.289,362.87,365.6,0.747,down,251,4,None,202,False,
2026-04-15,09:30:05.289,362.87,365.6,0.747,down,251,4,None,202,False,
2026-04-15,09:30:05.290,362.85,365.6,0.752,down,309,4,None,202,False,
2026-04-15,09:30:05.339,362.8,365.6,0.766,down,201,4,None,202,False,
2026-04-15,09:30:05.362,362.795,365.6,0.767,down,100,4,None,202,False,
2026-04-15,09:30:05.362,362.8075,365.6,0.764,down,100,4,None,202,False,
2026-04-15,09:30:05.359,362.75,365.6,0.78,down,560,4,None,202,False,
2026-04-15,09:30:05.439,362.76,365.6,0.777,down,100,4,None,202,False,
2026-04-15,09:30:05.470,362.835,365.6,0.756,down,300,4,None,202,False,
2026-04-15,09:30:05.471,362.835,365.6,0.756,down,300,4,None,202,False,
2026-04-15,09:30:05.491,362.7501,365.6,0.78,down,2500,4,None,202,False,
2026-04-15,09:30:05.522,362.7699,365.6,0.774,down,100,4,None,202,False,
2026-04-15,09:30:05.538,362.62,365.6,0.815,down,100,4,None,202,False,
2026-04-15,09:30:05.544,362.7022,365.6,0.793,down,500,4,None,202,False,
2026-04-15,09:30:05.472,362.835,365.6,0.756,down,170,4,None,202,False,
2026-04-15,09:30:05.622,362.58,365.6,0.826,down,120,4,None,202,False,
2026-04-15,09:30:05.624,362.53,365.6,0.84,down,385,4,None,202,False,
2026-04-15,09:30:05.652,362.5101,365.6,0.845,down,200,4,None,202,False,
2026-04-15,09:30:05.660,362.58,365.6,0.826,down,100,4,None,202,False,
2026-04-15,09:30:05.764,362.515,365.6,0.844,down,100,4,None,202,False,
2026-04-15,09:30:05.796,362.58,365.6,0.826,down,100,4,None,202,False,
2026-04-15,09:30:05.899,362.575,365.6,0.827,down,100,4,None,202,False,
2026-04-15,09:30:05.931,362.5751,365.6,0.827,down,180,4,None,202,False,
2026-04-15,09:30:05.953,362.575,365.6,0.827,down,100,4,None,202,False,
2026-04-15,09:30:05.781,362.605,365.6,0.819,down,160,4,None,202,False,
2026-04-15,09:30:06.009,362.5,365.6,0.848,down,100,4,None,202,False,
2026-04-15,09:30:06.012,362.601,365.6,0.82,down,200,4,None,202,False,
2026-04-15,09:30:06.130,362.59,365.6,0.823,down,100,4,None,203,False,
2026-04-15,09:30:06.152,362.5301,365.6,0.84,down,530,4,None,202,False,
2026-04-15,09:30:06.159,362.5516,365.6,0.834,down,120,4,None,202,False,
2026-04-15,09:30:06.520,362.7179,365.6,0.788,down,100,4,None,201,False,
2026-04-15,09:30:06.527,362.7179,365.6,0.788,down,100,4,None,201,False,
2026-04-15,09:30:06.682,362.57,365.6,0.829,down,112,4,None,202,False,
2026-04-15,09:30:06.957,362.585,365.6,0.825,down,100,4,None,202,False,
2026-04-15,09:30:07.023,362.58,365.6,0.826,down,225,4,None,202,False,
2026-04-15,09:30:05.012,363.1899,365.6,0.659,down,200,4,None,202,False,
2026-04-15,09:30:07.067,362.625,365.6,0.814,down,300,4,None,202,False,
2026-04-15,09:30:04.233,363.46,365.6,0.585,down,200,4,None,202,False,
2026-04-15,09:30:07.205,362.7299,365.6,0.785,down,100,4,None,202,False,
2026-04-15,09:30:05.583,362.55,365.6,0.834,down,320,4,None,202,False,
2026-04-15,09:30:03.195,363.72,365.6,0.514,down,104,4,None,202,False,
2026-04-15,09:30:04.581,363,365.6,0.711,down,720,4,None,202,False,
2026-04-15,09:30:07.354,362.74,365.6,0.782,down,100,4,None,202,False,
2026-04-15,09:30:07.574,362.6921,365.6,0.795,down,100,4,None,202,False,
2026-04-15,09:30:07.598,362.85,365.6,0.752,down,500,4,None,202,False,
2026-04-15,09:30:07.599,362.8595,365.6,0.75,down,500,4,None,202,False,
2026-04-15,09:30:07.602,362.6201,365.6,0.815,down,2500,4,None,202,False,
2026-04-15,09:30:04.956,363.38,365.6,0.607,down,100,4,None,202,False,
2026-04-15,09:30:07.616,362.74,365.6,0.782,down,100,4,None,202,False,
2026-04-15,09:30:07.617,362.74,365.6,0.782,down,300,4,None,202,False,
2026-04-15,09:30:07.683,362.74,365.6,0.782,down,100,4,None,202,False,
2026-04-15,09:30:03.894,363.24,365.6,0.646,down,234,4,None,202,False,
2026-04-15,09:30:03.998,363.445,365.6,0.589,down,100,4,None,202,False,
2026-04-15,09:30:04.630,363.02,365.6,0.706,down,234,4,None,202,False,
2026-04-15,09:30:07.752,362.62,365.6,0.815,down,500,4,None,202,False,
2026-04-15,09:30:07.315,362.65,365.6,0.807,down,100,4,None,202,False,
2026-04-15,09:30:07.844,362.8599,365.6,0.749,down,400,4,None,202,False,
2026-04-15,09:30:07.885,362.74,365.6,0.782,down,100,4,None,202,False,
2026-04-15,09:30:07.731,362.74,365.6,0.782,down,100,4,None,202,False,
2026-04-15,09:30:07.968,362.74,365.6,0.782,down,120,4,None,202,False,
2026-04-15,09:30:08.089,362.71,365.6,0.79,down,100,4,None,202,False,
2026-04-15,09:30:08.097,362.625,365.6,0.814,down,118,4,None,202,False,
2026-04-15,09:30:08.230,362.715,365.6,0.789,down,200,4,None,202,False,
2026-04-15,09:30:08.238,362.79,365.6,0.769,down,500,4,None,202,False,
2026-04-15,09:30:08.239,362.7995,365.6,0.766,down,500,4,None,202,False,
2026-04-15,09:30:08.337,362.8,365.6,0.766,down,123,4,None,202,False,
2026-04-15,09:30:08.383,362.67,365.6,0.801,down,100,4,None,202,False,
2026-04-15,09:30:08.399,362.745,365.6,0.781,down,120,4,None,202,False,
2026-04-15,09:30:08.384,362.66,365.6,0.804,down,140,4,None,203,False,
2026-04-15,09:30:08.520,362.815,365.6,0.762,down,120,4,None,202,False,
2026-04-15,09:30:08.594,362.755,365.6,0.778,down,100,4,None,202,False,
2026-04-15,09:30:08.594,362.755,365.6,0.778,down,100,4,None,202,False,
2026-04-15,09:30:08.594,362.7575,365.6,0.777,down,100,4,None,202,False,
2026-04-15,09:30:08.623,362.88,365.6,0.744,down,350,4,None,202,False,
2026-04-15,09:30:07.557,362.78,365.6,0.771,down,500,4,None,202,False,
2026-04-15,09:30:08.674,362.8847,365.6,0.743,down,200,4,None,202,False,
2026-04-15,09:30:08.777,363.02,365.6,0.706,down,100,4,None,202,False,
2026-04-15,09:30:07.557,362.7,365.6,0.793,down,200,4,None,202,False,
2026-04-15,09:30:08.952,362.93,365.6,0.73,down,160,4,None,202,False,
2026-04-15,09:30:08.952,362.93,365.6,0.73,down,340,4,None,202,False,
2026-04-15,09:30:09.049,363.03,365.6,0.703,down,300,4,None,202,False,
2026-04-15,09:30:09.106,363.03,365.6,0.703,down,100,4,None,202,False,
2026-04-15,09:30:09.138,362.94,365.6,0.728,down,130,4,None,202,False,
2026-04-15,09:30:09.171,362.9301,365.6,0.73,down,275,4,None,202,False,
2026-04-15,09:30:09.184,362.94,365.6,0.728,down,500,4,None,202,False,
2026-04-15,09:30:09.255,363.03,365.6,0.703,down,100,4,None,202,False,
2026-04-15,09:30:09.262,363.065,365.6,0.693,down,200,4,None,202,False,
2026-04-15,09:30:09.308,363.45,365.6,0.588,down,100,4,None,202,False,
2026-04-15,09:30:07.603,362.7,365.6,0.793,down,137,4,None,202,False,
2026-04-15,09:30:09.342,363.22,365.6,0.651,down,150,4,None,202,False,
2026-04-15,09:30:09.388,363.34,365.6,0.618,down,100,4,None,202,False,
2026-04-15,09:30:09.429,363.34,365.6,0.618,down,100,4,None,202,False,
2026-04-15,09:30:09.610,363.33,365.6,0.621,down,400,4,None,202,False,
2026-04-15,09:30:09.670,363.33,365.6,0.621,down,100,4,None,202,False,
2026-04-15,09:30:09.691,363.4299,365.6,0.594,down,300,4,None,202,False,
2026-04-15,09:30:09.805,363.43,365.6,0.594,down,281,4,None,202,False,
2026-04-15,09:30:09.813,363.34,365.6,0.618,down,300,4,None,202,False,
2026-04-15,09:30:09.813,363.3775,365.6,0.608,down,250,4,None,202,False,
2026-04-15,09:30:09.813,363.37,365.6,0.61,down,100,4,None,202,False,
2026-04-15,09:30:09.814,363.34,365.6,0.618,down,200,4,None,202,False,
2026-04-15,09:30:09.816,363.7378,365.6,0.509,down,878,4,None,202,False,
2026-04-15,09:30:09.816,363.7378,365.6,0.509,down,122,4,None,202,False,
2026-04-15,09:30:09.584,363.22,365.6,0.651,down,100,4,None,202,False,
2026-04-15,09:30:09.829,363.5,365.6,0.574,down,254,4,"[14, 41]",202,False,
2026-04-15,09:30:09.888,363.3,365.6,0.629,down,100,4,None,202,False,
2026-04-15,09:30:09.961,363.58,365.6,0.553,down,200,4,None,202,False,
2026-04-15,09:30:09.961,363.64,365.6,0.536,down,200,4,None,202,False,
2026-04-15,09:30:10.004,363.31,365.6,0.626,down,100,4,None,202,False,
2026-04-15,09:30:10.021,363.51,365.6,0.572,down,100,4,None,202,False,
2026-04-15,09:30:10.073,363.51,365.6,0.572,down,100,4,None,202,False,
2026-04-15,09:30:10.094,363.51,365.6,0.572,down,100,4,None,202,False,
2026-04-15,09:30:10.162,363.505,365.6,0.573,down,200,4,None,202,False,
2026-04-15,09:30:10.234,363.31,365.6,0.626,down,100,4,None,202,False,
2026-04-15,09:30:10.332,363.61,365.6,0.544,down,200,4,None,202,False,
2026-04-15,09:30:10.919,363.61,365.6,0.544,down,500,4,None,203,False,
2026-04-15,09:30:11.139,363.61,365.6,0.544,down,235,4,None,202,False,
2026-04-15,09:30:11.990,363.7599,365.6,0.503,down,100,4,None,202,False,
2026-04-15,09:30:12.006,363.7199,365.6,0.514,down,300,4,None,202,False,
2026-04-15,09:30:12.048,363.6794,365.6,0.525,down,125,4,None,202,False,
2026-04-15,09:30:12.107,363.6825,365.6,0.524,down,331,4,None,202,False,
2026-04-15,09:30:12.288,363.76,365.6,0.503,down,200,4,None,202,False,
2026-04-15,09:30:12.106,363.65,365.6,0.533,down,169,4,None,202,False,
2026-04-15,09:30:12.567,363.7,365.6,0.52,down,100,4,None,202,False,
2026-04-15,09:30:12.567,363.66,365.6,0.531,down,100,4,None,202,False,
2026-04-15,09:30:12.567,363.66,365.6,0.531,down,100,4,None,202,False,
2026-04-15,09:30:12.957,363.77,365.6,0.501,down,100,4,None,202,False,
2026-04-15,09:30:13.171,363.7101,365.6,0.517,down,100,4,None,202,False,
2026-04-15,09:30:13.568,363.71,365.6,0.517,down,120,4,None,202,False,
2026-04-15,09:30:13.568,363.71,365.6,0.517,down,120,4,None,202,False,
2026-04-15,09:30:13.567,363.73,365.6,0.511,down,100,4,None,202,False,
2026-04-15,09:30:13.566,363.72,365.6,0.514,down,100,4,None,202,False,
2026-04-15,09:30:13.567,363.72,365.6,0.514,down,108,4,None,202,False,
2026-04-15,09:30:13.566,363.72,365.6,0.514,down,145,4,None,202,False,
2026-04-15,09:30:13.567,363.72,365.6,0.514,down,100,4,None,202,False,
2026-04-15,09:30:13.567,363.72,365.6,0.514,down,100,4,None,202,False,
2026-04-15,09:30:13.626,363.66,365.6,0.531,down,246,4,None,202,False,
2026-04-15,09:30:13.697,363.59,365.6,0.55,down,110,4,None,202,False,
2026-04-15,09:30:13.700,363.515,365.6,0.57,down,100,4,None,202,False,
2026-04-15,09:30:13.722,363.48,365.6,0.58,down,100,4,None,202,False,
2026-04-15,09:30:13.722,363.48,365.6,0.58,down,100,4,None,202,False,
2026-04-15,09:30:13.734,363.515,365.6,0.57,down,100,4,None,202,False,
2026-04-15,09:30:13.958,363.62,365.6,0.542,down,100,4,None,202,False,
2026-04-15,09:30:13.958,363.56,365.6,0.558,down,100,4,None,202,False,
2026-04-15,09:30:13.861,363.715,365.6,0.516,down,100,4,None,202,False,
2026-04-15,09:30:14.104,363.71,365.6,0.517,down,100,4,None,202,False,
2026-04-15,09:30:14.138,363.64,365.6,0.536,down,100,4,None,202,False,
2026-04-15,09:30:14.144,363.71,365.6,0.517,down,100,4,None,202,False,
2026-04-15,09:30:14.094,363.71,365.6,0.517,down,200,4,None,202,False,
2026-04-15,09:30:14.177,363.7454,365.6,0.507,down,100,4,None,202,False,
2026-04-15,09:30:14.266,363.715,365.6,0.516,down,300,4,None,202,False,
2026-04-15,09:30:14.297,363.715,365.6,0.516,down,500,4,None,202,False,
2026-04-15,09:30:14.356,363.71,365.6,0.517,down,198,4,None,202,False,
2026-04-15,09:30:14.359,363.7,365.6,0.52,down,200,4,None,202,False,
2026-04-15,09:30:14.397,363.715,365.6,0.516,down,300,4,None,202,False,
2026-04-15,09:30:14.406,363.715,365.6,0.516,down,150,4,None,202,False,
2026-04-15,09:30:14.407,363.715,365.6,0.516,down,100,4,None,202,False,
2026-04-15,09:30:14.384,363.715,365.6,0.516,down,500,4,None,202,False,
2026-04-15,09:30:14.565,363.66,365.6,0.531,down,130,4,None,202,False,
2026-04-15,09:30:14.774,363.69,365.6,0.522,down,100,4,None,202,False,
2026-04-15,09:30:14.959,363.61,365.6,0.544,down,100,4,None,202,False,
2026-04-15,09:30:15.170,363.64,365.6,0.536,down,100,4,None,202,False,
2026-04-15,09:30:15.480,363.7499,365.6,0.506,down,600,4,None,202,False,
2026-04-15,09:30:15.480,363.625,365.6,0.54,down,100,4,None,202,False,
2026-04-15,09:30:15.505,363.6271,365.6,0.54,down,100,4,None,202,False,
2026-04-15,09:30:15.552,363.72,365.6,0.514,down,240,4,None,202,False,
2026-04-15,09:30:15.565,363.66,365.6,0.531,down,100,4,None,202,False,
2026-04-15,09:30:15.565,363.58,365.6,0.553,down,100,4,None,202,False,
2026-04-15,09:30:15.840,363.53,365.6,0.566,down,100,4,None,202,False,
2026-04-15,09:30:15.949,363.51,365.6,0.572,down,100,4,None,202,False,
2026-04-15,09:30:15.955,363.35,365.6,0.615,down,160,4,None,202,False,
2026-04-15,09:30:15.955,363.35,365.6,0.615,down,340,4,None,202,False,
2026-04-15,09:30:15.965,363.6699,365.6,0.528,down,500,4,None,202,False,
2026-04-15,09:30:16.002,363.66,365.6,0.531,down,100,4,None,202,False,
2026-04-15,09:30:16.034,363.574,365.6,0.554,down,100,4,None,202,False,
2026-04-15,09:30:16.165,363.55,365.6,0.561,down,100,4,None,202,False,
2026-04-15,09:30:16.172,363.515,365.6,0.57,down,100,4,None,202,False,
2026-04-15,09:30:16.172,363.49,365.6,0.577,down,100,4,None,202,False,
2026-04-15,09:30:16.172,363.51,365.6,0.572,down,100,4,None,202,False,
2026-04-15,09:30:16.172,363.48,365.6,0.58,down,100,4,None,202,False,
2026-04-15,09:30:16.175,363.41,365.6,0.599,down,126,4,None,202,False,
2026-04-15,09:30:16.202,363.492,365.6,0.577,down,100,4,None,202,False,
2026-04-15,09:30:16.357,363.43,365.6,0.594,down,100,4,None,202,False,
2026-04-15,09:30:16.424,363.46,365.6,0.585,down,120,4,None,202,False,
2026-04-15,09:30:16.408,363.43,365.6,0.594,down,100,4,None,202,False,
2026-04-15,09:30:16.472,363.5999,365.6,0.547,down,100,4,None,202,False,
2026-04-15,09:30:16.549,363.455,365.6,0.587,down,250,4,None,202,False,
2026-04-15,09:30:16.557,363.56,365.6,0.558,down,100,4,None,202,False,
2026-04-15,09:30:16.561,363.6,365.6,0.547,down,100,4,None,202,False,
2026-04-15,09:30:16.582,363.46,365.6,0.585,down,100,4,None,202,False,
2026-04-15,09:30:16.739,363.6,365.6,0.547,down,100,4,None,202,False,
2026-04-15,09:30:16.953,363.43,365.6,0.594,down,160,4,None,202,False,
2026-04-15,09:30:16.953,363.43,365.6,0.594,down,340,4,None,202,False,
2026-04-15,09:30:16.981,363.43,365.6,0.594,down,100,4,None,202,False,
2026-04-15,09:30:17.054,363.575,365.6,0.554,down,100,4,None,202,False,
2026-04-15,09:30:17.395,363.7175,365.6,0.515,down,100,4,None,202,False,
2026-04-15,09:30:17.412,363.61,365.6,0.544,down,275,4,None,201,False,
2026-04-15,09:30:17.557,363.71,365.6,0.517,down,100,4,None,202,False,
2026-04-15,09:30:17.557,363.72,365.6,0.514,down,100,4,None,202,False,
2026-04-15,09:30:17.590,363.76,365.6,0.503,down,390,4,None,202,False,
2026-04-15,09:30:17.599,363.68,365.6,0.525,down,200,4,None,202,False,
2026-04-15,09:30:17.720,363.68,365.6,0.525,down,300,4,None,202,False,
2026-04-15,09:30:17.779,363.685,365.6,0.524,down,100,4,None,202,False,
2026-04-15,09:30:17.781,363.685,365.6,0.524,down,318,4,None,202,False,
2026-04-15,09:30:17.781,363.685,365.6,0.524,down,100,4,None,202,False,
2026-04-15,09:30:17.786,363.695,365.6,0.521,down,100,4,None,202,False,
2026-04-15,09:30:17.803,363.61,365.6,0.544,down,143,4,None,202,False,
2026-04-15,09:30:17.804,363.61,365.6,0.544,down,165,4,None,202,False,
2026-04-15,09:30:17.828,363.555,365.6,0.559,down,100,4,None,202,False,
2026-04-15,09:30:17.869,363.555,365.6,0.559,down,100,4,None,202,False,
2026-04-15,09:30:17.958,363.48,365.6,0.58,down,180,4,None,202,False,
2026-04-15,09:30:18.128,363.5936,365.6,0.549,down,200,4,None,202,False,
2026-04-15,09:30:18.166,363.56,365.6,0.558,down,248,4,None,202,False,
2026-04-15,09:30:18.254,363.56,365.6,0.558,down,100,4,None,202,False,
2026-04-15,09:30:18.309,363.58,365.6,0.553,down,100,4,None,202,False,
2026-04-15,09:30:18.310,363.56,365.6,0.558,down,100,4,None,202,False,
2026-04-15,09:30:18.309,363.56,365.6,0.558,down,100,4,None,202,False,
2026-04-15,09:30:18.310,363.56,365.6,0.558,down,190,4,None,202,False,
2026-04-15,09:30:18.309,363.56,365.6,0.558,down,400,4,None,202,False,
2026-04-15,09:30:18.310,363.61,365.6,0.544,down,100,4,None,202,False,
2026-04-15,09:30:18.309,363.56,365.6,0.558,down,796,4,None,202,False,
2026-04-15,09:30:18.310,363.56,365.6,0.558,down,100,4,None,202,False,
2026-04-15,09:30:18.310,363.56,365.6,0.558,down,100,4,None,202,False,
2026-04-15,09:30:18.310,363.56,365.6,0.558,down,100,4,None,202,False,
2026-04-15,09:30:18.311,363.5,365.6,0.574,down,100,4,None,202,False,
2026-04-15,09:30:18.313,363.51,365.6,0.572,down,100,4,None,202,False,
2026-04-15,09:30:18.310,363.57,365.6,0.555,down,240,4,None,202,False,
2026-04-15,09:30:18.338,363.455,365.6,0.587,down,120,4,None,202,False,
2026-04-15,09:30:18.354,363.42,365.6,0.596,down,280,4,None,202,False,
2026-04-15,09:30:18.360,363.39,365.6,0.604,down,374,4,None,202,False,
2026-04-15,09:30:18.362,363.37,365.6,0.61,down,100,4,None,202,False,
2026-04-15,09:30:18.403,363.535,365.6,0.565,down,200,4,None,202,False,
2026-04-15,09:30:18.406,363.64,365.6,0.536,down,420,4,None,202,False,
2026-04-15,09:30:18.423,363.535,365.6,0.565,down,120,4,None,202,False,
2026-04-15,09:30:18.435,363.535,365.6,0.565,down,100,4,None,202,False,
2026-04-15,09:30:18.435,363.5425,365.6,0.563,down,100,4,None,202,False,
2026-04-15,09:30:18.435,363.5425,365.6,0.563,down,100,4,None,202,False,
2026-04-15,09:30:18.436,363.42,365.6,0.596,down,115,4,None,202,False,
2026-04-15,09:30:18.310,363.6325,365.6,0.538,down,100,4,None,202,False,
2026-04-15,09:30:18.509,363.6899,365.6,0.522,down,100,4,None,202,False,
2026-04-15,09:30:18.512,363.555,365.6,0.559,down,100,4,None,202,False,
2026-04-15,09:30:18.551,363.555,365.6,0.559,down,200,4,None,202,False,
2026-04-15,09:30:18.557,363.64,365.6,0.536,down,100,4,None,202,False,
2026-04-15,09:30:18.565,363.49,365.6,0.577,down,100,4,None,202,False,
2026-04-15,09:30:18.565,363.435,365.6,0.592,down,100,4,None,202,False,
2026-04-15,09:30:18.694,363.66,365.6,0.531,down,100,4,None,202,False,
2026-04-15,09:30:18.880,363.57,365.6,0.555,down,100,4,None,202,False,
2026-04-15,09:30:18.924,363.58,365.6,0.553,down,100,4,None,202,False,
2026-04-15,09:30:18.952,363.46,365.6,0.585,down,200,4,None,202,False,
2026-04-15,09:30:18.953,363.46,365.6,0.585,down,300,4,None,202,False,
2026-04-15,09:30:19.087,363.61,365.6,0.544,down,100,4,None,202,False,
2026-04-15,09:30:19.204,363.61,365.6,0.544,down,100,4,None,202,False,
2026-04-15,09:30:19.235,363.61,365.6,0.544,down,100,4,None,202,False,
2026-04-15,09:30:19.354,363.6596,365.6,0.531,down,100,4,None,202,False,
2026-04-15,09:30:19.400,363.57,365.6,0.555,down,100,4,None,202,False,
2026-04-15,09:30:19.482,363.6,365.6,0.547,down,100,4,None,202,False,
2026-04-15,09:30:19.499,363.6,365.6,0.547,down,400,4,None,202,False,
2026-04-15,09:30:19.518,363.6,365.6,0.547,down,400,4,None,202,False,
2026-04-15,09:30:19.520,363.68,365.6,0.525,down,100,4,None,202,False,
2026-04-15,09:30:19.952,363.58,365.6,0.553,down,200,4,None,202,False,
2026-04-15,09:30:19.952,363.58,365.6,0.553,down,300,4,None,202,False,
2026-04-15,09:30:20.003,363.735,365.6,0.51,down,120,4,None,202,False,
2026-04-15,09:30:20.003,363.735,365.6,0.51,down,120,4,None,203,False,
2026-04-15,09:30:20.565,363.75,365.6,0.506,down,168,4,None,202,False,
2026-04-15,09:30:20.565,363.73,365.6,0.511,down,100,4,None,202,False,
2026-04-15,09:30:20.566,363.72,365.6,0.514,down,274,4,None,202,False,
2026-04-15,09:30:20.567,363.72,365.6,0.514,down,165,4,None,202,False,
2026-04-15,09:30:20.584,363.66,365.6,0.531,down,123,4,None,202,False,
2026-04-15,09:30:20.625,363.66,365.6,0.531,down,100,4,None,202,False,
2026-04-15,09:30:20.858,363.69,365.6,0.522,down,250,4,None,202,False,
2026-04-15,09:30:20.858,363.72,365.6,0.514,down,100,4,None,202,False,
2026-04-15,09:30:20.955,363.66,365.6,0.531,down,200,4,None,202,False,
2026-04-15,09:30:20.955,363.66,365.6,0.531,down,300,4,None,202,False,
2026-04-16,09:30:11.917,390.56,392.585,0.516,down,200,4,None,202,True,2
2026-04-16,09:30:12.104,390.5527,392.585,0.518,down,300,4,None,202,True,2
2026-04-16,09:30:12.112,390.58,392.585,0.511,down,160,4,None,202,True,2
2026-04-16,09:30:12.112,390.58,392.585,0.511,down,160,4,None,202,True,2
2026-04-16,09:30:12.125,390.55,392.585,0.518,down,100,4,None,202,True,2
2026-04-16,09:30:12.127,390.53,392.585,0.523,down,100,4,None,202,True,2
2026-04-16,09:30:12.165,390.56,392.585,0.516,down,120,4,None,202,True,2
2026-04-16,09:30:12.197,390.585,392.585,0.509,down,100,4,None,202,True,2
2026-04-16,09:30:12.231,390.5201,392.585,0.526,down,150,4,None,202,True,2
2026-04-16,09:30:12.285,390.5201,392.585,0.526,down,100,4,None,202,True,2
2026-04-16,09:30:12.465,390.5201,392.585,0.526,down,100,4,None,202,True,2
2026-04-16,09:30:12.593,390.53,392.585,0.523,down,100,4,None,202,True,2
2026-04-16,09:30:12.603,390.525,392.585,0.525,down,100,4,None,202,True,2
2026-04-16,09:30:12.604,390.54,392.585,0.521,down,144,4,None,202,True,2
2026-04-16,09:30:12.605,390.5,392.585,0.531,down,160,4,None,202,True,2
2026-04-16,09:30:12.606,390.5,392.585,0.531,down,160,4,None,202,True,2
2026-04-16,09:30:12.637,390.465,392.585,0.54,down,120,4,None,202,True,2
2026-04-16,09:30:12.650,390.465,392.585,0.54,down,100,4,None,202,True,2
2026-04-16,09:30:12.650,390.465,392.585,0.54,down,120,4,None,202,True,2
2026-04-16,09:30:12.678,390.465,392.585,0.54,down,279,4,None,202,True,2
2026-04-16,09:30:12.678,390.465,392.585,0.54,down,160,4,None,202,True,2
2026-04-16,09:30:12.713,390.4679,392.585,0.539,down,256,4,None,202,True,2
2026-04-16,09:30:12.732,390.465,392.585,0.54,down,160,4,None,202,True,2
2026-04-16,09:30:12.734,390.465,392.585,0.54,down,549,4,None,202,True,2
2026-04-16,09:30:12.747,390.465,392.585,0.54,down,160,4,None,202,True,2
2026-04-16,09:30:12.747,390.465,392.585,0.54,down,160,4,None,202,True,2
2026-04-16,09:30:12.799,390.465,392.585,0.54,down,126,4,None,202,True,2
2026-04-16,09:30:12.800,390.465,392.585,0.54,down,120,4,None,202,True,2
2026-04-16,09:30:12.800,390.465,392.585,0.54,down,120,4,None,202,True,2
2026-04-16,09:30:12.803,390.56,392.585,0.516,down,532,4,None,202,True,2
2026-04-16,09:30:12.826,390.55,392.585,0.518,down,100,4,None,202,True,2
2026-04-16,09:30:12.812,390.545,392.585,0.52,down,160,4,None,203,True,2
2026-04-16,09:30:12.847,390.4601,392.585,0.541,down,100,4,None,202,True,2
2026-04-16,09:30:12.887,390.47,392.585,0.539,down,200,4,None,202,True,2
2026-04-16,09:30:12.936,390.47,392.585,0.539,down,250,4,None,202,True,2
2026-04-16,09:30:13.011,390.47,392.585,0.539,down,100,4,None,202,True,2
2026-04-16,09:30:13.036,390.44,392.585,0.546,down,160,4,None,202,True,2
2026-04-16,09:30:13.065,390.4336,392.585,0.548,down,100,4,None,202,True,2
2026-04-16,09:30:13.110,390.48,392.585,0.536,down,140,4,None,202,True,2
2026-04-16,09:30:13.112,390.4999,392.585,0.531,down,200,4,None,202,True,2
2026-04-16,09:30:13.211,390.45,392.585,0.544,down,160,4,None,202,True,2
2026-04-16,09:30:13.211,390.45,392.585,0.544,down,160,4,None,202,True,2
2026-04-16,09:30:13.319,390.4,392.585,0.557,down,100,4,None,202,True,2
2026-04-16,09:30:13.385,390.35,392.585,0.569,down,200,4,None,202,True,2
2026-04-16,09:30:13.388,390.3,392.585,0.582,down,400,4,None,202,True,2
2026-04-16,09:30:13.395,390.39,392.585,0.559,down,200,4,None,202,True,2
2026-04-16,09:30:13.445,390.36,392.585,0.567,down,100,4,None,202,True,2
2026-04-16,09:30:13.455,390.3,392.585,0.582,down,450,4,None,202,True,2
2026-04-16,09:30:13.464,390.385,392.585,0.56,down,160,4,None,202,True,2
2026-04-16,09:30:13.464,390.385,392.585,0.56,down,160,4,None,202,True,2
2026-04-16,09:30:13.531,390.2915,392.585,0.584,down,100,4,None,202,True,2
2026-04-16,09:30:13.539,390.29,392.585,0.585,down,200,4,None,202,True,2
2026-04-16,09:30:13.613,390.25,392.585,0.595,down,1132,4,None,202,True,2
2026-04-16,09:30:13.617,390.3008,392.585,0.582,down,100,4,None,202,True,2
2026-04-16,09:30:13.654,390.25,392.585,0.595,down,626,4,None,202,True,2
2026-04-16,09:30:13.725,390.315,392.585,0.578,down,300,4,None,202,True,2
2026-04-16,09:30:13.733,390.29,392.585,0.585,down,160,4,None,202,True,2
2026-04-16,09:30:13.733,390.29,392.585,0.585,down,160,4,None,202,True,2
2026-04-16,09:30:13.733,390.29,392.585,0.585,down,160,4,None,202,True,2
2026-04-16,09:30:13.759,390.23,392.585,0.6,down,120,4,None,202,True,2
2026-04-16,09:30:13.826,390.19,392.585,0.61,down,143,4,None,202,True,2
2026-04-16,09:30:13.828,390.12,392.585,0.628,down,100,4,None,202,True,2
2026-04-16,09:30:13.733,390.29,392.585,0.585,down,160,4,None,202,True,2
2026-04-16,09:30:13.872,390.1,392.585,0.633,down,120,4,None,202,True,2
2026-04-16,09:30:13.877,390.15,392.585,0.62,down,789,4,None,202,True,2
2026-04-16,09:30:13.880,390.15,392.585,0.62,down,560,4,None,202,True,2
2026-04-16,09:30:13.912,390.11,392.585,0.63,down,185,4,None,202,True,2
2026-04-16,09:30:13.996,390.1792,392.585,0.613,down,300,4,None,202,True,2
2026-04-16,09:30:14.123,390.1,392.585,0.633,down,120,4,None,202,True,2
2026-04-16,09:30:13.824,390.19,392.585,0.61,down,179,4,None,202,True,2
2026-04-16,09:30:14.139,390.15,392.585,0.62,down,100,4,None,202,True,2
2026-04-16,09:30:13.998,390.1,392.585,0.633,down,124,4,None,202,True,2
2026-04-16,09:30:14.206,390.13,392.585,0.625,down,120,4,None,202,True,2
2026-04-16,09:30:14.206,390.13,392.585,0.625,down,120,4,None,202,True,2
2026-04-16,09:30:14.208,390.0501,392.585,0.646,down,245,4,None,202,True,2
2026-04-16,09:30:14.215,390.11,392.585,0.63,down,300,4,None,202,True,2
2026-04-16,09:30:14.252,390.14,392.585,0.623,down,160,4,None,202,True,2
2026-04-16,09:30:14.252,390.14,392.585,0.623,down,160,4,None,202,True,2
2026-04-16,09:30:14.389,390.1,392.585,0.633,down,1200,4,None,202,True,2
2026-04-16,09:30:14.438,390.11,392.585,0.63,down,512,4,None,202,True,2
2026-04-16,09:30:14.478,390.125,392.585,0.627,down,158,4,None,202,True,2
2026-04-16,09:30:14.485,390.05,392.585,0.646,down,196,4,None,202,True,2
2026-04-16,09:30:14.508,390.09,392.585,0.636,down,126,4,None,202,True,2
2026-04-16,09:30:14.480,390.125,392.585,0.627,down,142,4,None,203,True,2
2026-04-16,09:30:14.522,390.12,392.585,0.628,down,268,4,None,202,True,2
2026-04-16,09:30:14.523,390.12,392.585,0.628,down,160,4,None,202,True,2
2026-04-16,09:30:14.540,390.11,392.585,0.63,down,563,4,None,202,True,2
2026-04-16,09:30:14.558,390.05,392.585,0.646,down,100,4,None,202,True,2
2026-04-16,09:30:14.561,390.05,392.585,0.646,down,100,4,None,203,True,2
2026-04-16,09:30:14.641,390.06,392.585,0.643,down,160,4,None,202,True,2
2026-04-16,09:30:14.675,390.11,392.585,0.63,down,100,4,None,202,True,2
2026-04-16,09:30:14.690,390.042,392.585,0.648,down,120,4,None,202,True,2
2026-04-16,09:30:14.694,390.12,392.585,0.628,down,149,4,None,202,True,2
2026-04-16,09:30:14.698,390.05,392.585,0.646,down,200,4,None,202,True,2
2026-04-16,09:30:14.702,390.05,392.585,0.646,down,348,4,None,202,True,2
2026-04-16,09:30:14.704,390.06,392.585,0.643,down,330,4,None,202,True,2
2026-04-16,09:30:14.711,390.042,392.585,0.648,down,232,4,None,202,True,2
2026-04-16,09:30:14.734,390.042,392.585,0.648,down,104,4,None,202,True,2
2026-04-16,09:30:14.774,390.115,392.585,0.629,down,157,4,None,202,True,2
2026-04-16,09:30:14.777,390.12,392.585,0.628,down,587,4,None,202,True,2
2026-04-16,09:30:14.639,390.045,392.585,0.647,down,120,4,None,202,True,2
2026-04-16,09:30:14.830,390.21,392.585,0.605,down,131,4,None,202,True,2
2026-04-16,09:30:14.860,390.2185,392.585,0.603,down,200,4,None,202,True,2
2026-04-16,09:30:14.860,390.23,392.585,0.6,down,150,4,None,202,True,2
2026-04-16,09:30:14.691,390.041,392.585,0.648,down,120,4,None,202,True,2
2026-04-16,09:30:14.948,390.2801,392.585,0.587,down,770,4,None,202,True,2
2026-04-16,09:30:14.976,390.52,392.585,0.526,down,100,4,None,202,True,2
2026-04-16,09:30:14.739,390.041,392.585,0.648,down,240,4,None,202,True,2
2026-04-16,09:30:15.106,390.59,392.585,0.508,down,200,4,None,202,True,2
2026-04-16,09:30:15.198,390.59,392.585,0.508,down,300,4,None,201,True,2
2026-04-16,09:30:15.016,390.535,392.585,0.522,down,100,4,None,202,True,2
2026-04-16,09:30:15.382,390.5,392.585,0.531,down,400,4,None,202,True,2
2026-04-16,09:30:15.442,390.59,392.585,0.508,down,100,4,None,202,True,2
2026-04-16,09:30:15.445,390.59,392.585,0.508,down,100,4,None,202,True,2
2026-04-16,09:30:15.475,390.59,392.585,0.508,down,100,4,None,202,True,2
2026-04-16,09:30:15.519,390.5284,392.585,0.524,down,100,4,None,202,True,2
2026-04-16,09:30:15.668,390.595,392.585,0.507,down,200,4,None,202,True,2
2026-04-16,09:30:15.770,390.595,392.585,0.507,down,125,4,None,202,True,2
2026-04-16,09:30:15.789,390.4401,392.585,0.546,down,140,4,None,202,True,2
2026-04-16,09:30:15.790,390.43,392.585,0.549,down,120,4,"[14, 41]",202,True,2
2026-04-16,09:30:15.790,390.2701,392.585,0.59,down,700,4,"[14, 41]",202,True,2
2026-04-16,09:30:15.794,390.42,392.585,0.551,down,200,4,None,202,True,2
2026-04-16,09:30:15.841,390.5399,392.585,0.521,down,100,4,None,202,True,2
2026-04-16,09:30:15.870,390.41,392.585,0.554,down,161,4,None,202,True,2
2026-04-16,09:30:15.970,390.48,392.585,0.536,down,125,4,None,202,True,2
2026-04-16,09:30:15.999,390.48,392.585,0.536,down,100,4,None,202,True,2
2026-04-16,09:30:16.263,390.4975,392.585,0.532,down,190,4,None,202,True,2
2026-04-16,09:30:16.264,390.55,392.585,0.518,down,362,4,None,202,True,2
2026-04-16,09:30:16.354,390.55,392.585,0.518,down,100,4,None,202,True,2
2026-04-16,09:30:16.620,390.5951,392.585,0.507,down,100,4,None,202,True,2
2026-04-16,09:30:17.420,390.5601,392.585,0.516,down,100,4,None,202,True,2
2026-04-16,09:30:18.213,390.5801,392.585,0.511,down,100,4,None,202,True,2
2026-04-16,09:30:13.827,390.11,392.585,0.63,down,100,4,None,202,True,2
2026-04-16,09:30:15.741,390.5485,392.585,0.519,down,100,4,None,202,True,2
2026-04-16,09:30:20.040,390.5901,392.585,0.508,down,500,4,None,202,True,2
2026-04-16,09:30:20.225,390.59,392.585,0.508,down,133,4,None,202,True,2
2026-04-16,09:30:20.629,390.6,392.585,0.506,down,160,4,None,202,True,2
2026-04-16,09:30:20.666,390.59,392.585,0.508,down,348,4,None,201,True,2
2026-04-16,09:30:20.753,390.62,392.585,0.501,down,102,4,None,202,True,2
2026-04-16,09:30:20.805,390.535,392.585,0.522,down,239,4,None,202,True,2
2026-04-16,09:30:20.807,390.535,392.585,0.522,down,240,4,None,202,True,2
2026-04-16,09:30:20.875,390.501,392.585,0.531,down,102,4,None,202,True,2
2026-04-16,09:30:20.909,390.435,392.585,0.548,down,100,4,None,202,True,2
2026-04-16,09:30:20.912,390.435,392.585,0.548,down,100,4,None,202,True,2
2026-04-16,09:30:20.919,390.435,392.585,0.548,down,160,4,None,202,True,2
2026-04-16,09:30:20.927,390.435,392.585,0.548,down,160,4,None,202,True,2
2026-04-16,09:30:20.935,390.435,392.585,0.548,down,178,4,None,202,True,2
2026-04-16,09:30:20.943,390.435,392.585,0.548,down,100,4,None,202,True,2
2026-04-16,09:30:20.950,390.435,392.585,0.548,down,122,4,None,202,True,2
2026-04-16,09:30:21.007,390.6089,392.585,0.503,down,140,4,None,202,True,2
2026-04-16,09:30:21.058,390.575,392.585,0.512,down,200,4,None,202,True,2
2026-04-16,09:30:20.790,390.54,392.585,0.521,down,1150,4,None,201,True,2
2026-04-16,09:30:21.282,390.6,392.585,0.506,down,100,4,None,202,True,2
2026-04-16,09:30:27.883,390.6,392.585,0.506,down,125,4,None,202,True,2
2026-04-16,09:30:28.732,390.6,392.585,0.506,down,240,4,None,202,True,2
2026-04-16,09:30:28.772,390.45,392.585,0.544,down,100,4,None,202,True,2
2026-04-16,09:30:28.913,390.45,392.585,0.544,down,1460,4,None,202,True,2
2026-04-16,09:30:28.964,390.51,392.585,0.529,down,200,4,None,202,True,2
2026-04-16,09:30:28.997,390.5799,392.585,0.511,down,220,4,None,202,True,2
2026-04-16,09:30:29.000,390.58,392.585,0.511,down,180,4,None,202,True,2
2026-04-16,09:30:29.022,390.4836,392.585,0.535,down,200,4,None,202,True,2
2026-04-16,09:30:29.089,390.579,392.585,0.511,down,100,4,None,202,True,2
2026-04-16,09:30:29.134,390.58,392.585,0.511,down,100,4,None,202,True,2
2026-04-16,09:30:29.215,390.44,392.585,0.546,down,150,4,None,202,True,2
2026-04-16,09:30:29.220,390.52,392.585,0.526,down,375,4,None,202,True,2
2026-04-16,09:30:29.268,390.5119,392.585,0.528,down,140,4,None,202,True,2
2026-04-16,09:30:29.367,390.515,392.585,0.527,down,300,4,None,202,True,2
2026-04-16,09:30:29.422,390.6199,392.585,0.501,down,100,4,None,202,True,2
2026-04-16,09:30:29.597,390.5,392.585,0.531,down,595,4,None,202,True,2
2026-04-16,09:30:29.719,390.495,392.585,0.532,down,100,4,None,202,True,2
2026-04-16,09:30:29.719,390.49,392.585,0.534,down,100,4,None,202,True,2
2026-04-16,09:30:29.784,390.58,392.585,0.511,down,100,4,None,202,True,2
2026-04-16,09:30:29.784,390.58,392.585,0.511,down,100,4,None,202,True,2
2026-04-16,09:30:29.784,390.58,392.585,0.511,down,200,4,None,202,True,2
2026-04-16,09:30:29.827,390.5952,392.585,0.507,down,100,4,None,202,True,2
2026-04-16,09:30:29.839,390.4901,392.585,0.534,down,100,4,None,202,True,2
2026-04-16,09:30:29.869,390.59,392.585,0.508,down,100,4,None,202,True,2
2026-04-16,09:30:30.142,390.5072,392.585,0.529,down,100,4,None,202,True,2
2026-04-16,09:30:30.260,390.61,392.585,0.503,down,113,4,None,202,True,2
2026-04-16,09:30:31.356,390.56,392.585,0.516,down,190,4,None,202,True,2
2026-04-16,09:30:31.356,390.51,392.585,0.529,down,100,4,None,202,True,2
2026-04-16,09:30:31.356,390.51,392.585,0.529,down,200,4,None,202,True,2
2026-04-16,09:30:31.358,390.53,392.585,0.523,down,200,4,None,202,True,2
2026-04-16,09:30:31.360,390.51,392.585,0.529,down,1744,4,None,202,True,2
2026-04-16,09:30:31.777,390.62,392.585,0.501,down,100,4,None,202,True,2
2026-04-16,09:30:31.779,390.62,392.585,0.501,down,120,4,None,202,True,2
2026-04-16,09:30:31.778,390.62,392.585,0.501,down,100,4,None,203,True,2
2026-04-16,09:30:31.911,390.51,392.585,0.529,down,500,4,None,202,True,2
2026-04-16,09:30:32.422,390.57,392.585,0.513,down,100,4,None,202,True,2
2026-04-16,09:30:32.607,390.61,392.585,0.503,down,1000,4,None,202,True,2
2026-04-16,09:30:32.930,390.59,392.585,0.508,down,420,4,None,202,True,2
2026-04-16,09:30:32.931,390.59,392.585,0.508,down,124,4,None,202,True,2
2026-04-16,09:30:32.931,390.59,392.585,0.508,down,541,4,None,202,True,2
2026-04-16,09:30:32.978,390.5957,392.585,0.507,down,300,4,None,202,True,2
2026-04-17,09:30:04.269,393.2001,395.28,0.526,down,100,4,None,202,True,1
2026-04-17,09:30:04.373,393.22,395.28,0.521,down,100,4,None,202,True,1
2026-04-17,09:30:04.678,392.98,395.28,0.582,down,175,4,None,202,True,1
2026-04-17,09:30:04.678,392.985,395.28,0.581,down,131,4,None,202,True,1
2026-04-17,09:30:04.698,392.97,395.28,0.584,down,200,4,None,202,True,1
2026-04-17,09:30:04.712,393.0043,395.28,0.576,down,100,4,None,202,True,1
2026-04-17,09:30:04.757,393.08,395.28,0.557,down,125,4,None,202,True,1
2026-04-17,09:30:04.885,392.88,395.28,0.607,down,100,4,None,202,True,1
2026-04-17,09:30:04.953,392.681,395.28,0.658,down,999,4,None,202,True,1
2026-04-17,09:30:04.946,392.78,395.28,0.632,down,100,4,None,202,True,1
2026-04-17,09:30:04.975,392.72,395.28,0.648,down,175,4,None,202,True,1
2026-04-17,09:30:04.975,392.72,395.28,0.648,down,117,4,None,202,True,1
2026-04-17,09:30:04.975,392.72,395.28,0.648,down,100,4,None,202,True,1
2026-04-17,09:30:05.059,392.545,395.28,0.692,down,175,4,None,202,True,1
2026-04-17,09:30:05.059,392.55,395.28,0.691,down,175,4,None,202,True,1
2026-04-17,09:30:05.268,392.51,395.28,0.701,down,500,4,None,202,True,1
2026-04-17,09:30:05.363,392.57,395.28,0.686,down,200,4,None,202,True,1
2026-04-17,09:30:05.485,392.69,395.28,0.655,down,300,4,None,202,True,1
2026-04-17,09:30:05.628,392.79,395.28,0.63,down,200,4,None,202,True,1
2026-04-17,09:30:05.638,392.8,395.28,0.627,down,281,4,None,202,True,1
2026-04-17,09:30:05.638,392.8,395.28,0.627,down,200,4,None,202,True,1
2026-04-17,09:30:05.638,392.8,395.28,0.627,down,200,4,None,202,True,1
2026-04-17,09:30:05.638,392.8,395.28,0.627,down,100,4,None,202,True,1
2026-04-17,09:30:05.667,392.805,395.28,0.626,down,260,4,None,202,True,1
2026-04-17,09:30:05.715,392.95,395.28,0.589,down,272,4,None,202,True,1
2026-04-17,09:30:05.763,392.6601,395.28,0.663,down,110,4,None,202,True,1
2026-04-17,09:30:05.945,392.98,395.28,0.582,down,100,4,None,202,True,1
2026-04-17,09:30:06.159,392.8671,395.28,0.61,down,100,4,None,202,True,1
2026-04-17,09:30:06.247,392.85,395.28,0.615,down,200,4,None,202,True,1
2026-04-17,09:30:06.304,393.0899,395.28,0.554,down,2000,4,None,202,True,1
2026-04-17,09:30:06.510,393.09,395.28,0.554,down,1000,4,None,202,True,1
2026-04-17,09:30:06.495,393.08,395.28,0.557,down,600,4,None,203,True,1
2026-04-17,09:30:06.496,393.09,395.28,0.554,down,1402,4,None,203,True,1
2026-04-17,09:30:05.465,392.5701,395.28,0.686,down,100,4,None,202,True,1
2026-04-17,09:30:06.584,393.1,395.28,0.552,down,200,4,None,202,True,1
2026-04-17,09:30:06.746,392.88,395.28,0.607,down,250,4,None,202,True,1
2026-04-17,09:30:06.810,393.1,395.28,0.552,down,100,4,None,202,True,1
2026-04-17,09:30:04.655,393,395.28,0.577,down,400,4,None,202,True,1
2026-04-17,09:30:07.016,392.9172,395.28,0.598,down,120,4,None,202,True,1
2026-04-17,09:30:07.019,392.9173,395.28,0.598,down,180,4,None,202,True,1
2026-04-17,09:30:07.076,393.005,395.28,0.576,down,128,4,None,202,True,1
2026-04-17,09:30:04.655,393,395.28,0.577,down,320,4,None,202,True,1
2026-04-17,09:30:07.172,393.1,395.28,0.552,down,155,4,None,202,True,1
2026-04-17,09:30:07.226,392.6101,395.28,0.675,down,355,4,None,202,True,1
2026-04-17,09:30:07.257,392.6701,395.28,0.66,down,200,4,None,202,True,1
2026-04-17,09:30:04.937,392.7,395.28,0.653,down,110,4,None,202,True,1
2026-04-17,09:30:05.385,392.57,395.28,0.686,down,118,4,None,202,True,1
2026-04-17,09:30:05.944,392.81,395.28,0.625,down,200,4,None,202,True,1
2026-04-17,09:30:07.322,392.78,395.28,0.632,down,300,4,None,202,True,1
2026-04-17,09:30:07.423,392.88,395.28,0.607,down,350,4,None,202,True,1
2026-04-17,09:30:07.423,392.88,395.28,0.607,down,100,4,None,202,True,1
2026-04-17,09:30:07.449,392.6712,395.28,0.66,down,185,4,None,202,True,1
2026-04-17,09:30:07.487,392.8899,395.28,0.605,down,269,4,None,202,True,1
2026-04-17,09:30:07.491,392.78,395.28,0.632,down,100,4,None,202,True,1
2026-04-17,09:30:07.586,392.99,395.28,0.579,down,100,4,None,202,True,1
2026-04-17,09:30:07.612,392.8093,395.28,0.625,down,100,4,None,202,True,1
2026-04-17,09:30:07.629,392.78,395.28,0.632,down,260,4,None,202,True,1
2026-04-17,09:30:07.961,392.92,395.28,0.597,down,120,4,None,202,True,1
2026-04-17,09:30:07.961,392.92,395.28,0.597,down,120,4,None,202,True,1
2026-04-17,09:30:07.961,392.8,395.28,0.627,down,120,4,None,202,True,1
2026-04-17,09:30:07.961,392.8,395.28,0.627,down,120,4,None,202,True,1
2026-04-17,09:30:07.452,392.78,395.28,0.632,down,100,4,None,202,True,1
2026-04-17,09:30:08.067,393.13,395.28,0.544,down,500,4,None,202,True,1
2026-04-17,09:30:08.067,392.87,395.28,0.61,down,100,4,None,202,True,1
2026-04-17,09:30:08.057,393.005,395.28,0.576,down,200,4,None,202,True,1
2026-04-17,09:30:08.135,392.88,395.28,0.607,down,200,4,None,202,True,1
2026-04-17,09:30:07.938,392.86,395.28,0.612,down,100,4,None,202,True,1
2026-04-17,09:30:03.866,393.231,395.28,0.518,down,116,4,None,202,True,1
2026-04-17,09:30:05.724,392.95,395.28,0.589,down,159,4,None,202,True,1
2026-04-17,09:30:08.359,393.01,395.28,0.574,down,480,4,None,202,True,1
2026-04-17,09:30:08.406,392.9705,395.28,0.584,down,100,4,None,202,True,1
2026-04-17,09:30:08.407,393.015,395.28,0.573,down,250,4,None,202,True,1
2026-04-17,09:30:06.809,393.005,395.28,0.576,down,100,4,None,202,True,1
2026-04-17,09:30:08.581,392.8901,395.28,0.605,down,100,4,None,202,True,1
2026-04-17,09:30:07.144,393.005,395.28,0.576,down,100,4,None,202,True,1
2026-04-17,09:30:08.672,393.005,395.28,0.576,down,100,4,None,202,True,1
2026-04-17,09:30:08.510,392.891,395.28,0.604,down,150,4,None,201,True,1
2026-04-17,09:30:08.677,392.96,395.28,0.587,down,100,4,None,202,True,1
2026-04-17,09:30:08.892,392.99,395.28,0.579,down,120,4,None,202,True,1
2026-04-17,09:30:08.962,392.88,395.28,0.607,down,100,4,None,202,True,1
2026-04-17,09:30:09.322,393.1808,395.28,0.531,down,100,4,None,202,True,1
2026-04-17,09:30:09.628,393.1601,395.28,0.536,down,100,4,None,202,True,1
2026-04-17,09:30:10.163,393.29,395.28,0.503,down,100,4,None,203,True,1
2026-04-17,09:30:10.316,393.27,395.28,0.509,down,354,4,None,202,True,1
2026-04-17,09:30:10.569,393.28,395.28,0.506,down,100,4,None,202,True,1
2026-04-17,09:30:11.201,393.2,395.28,0.526,down,373,4,None,203,True,1
2026-04-17,09:30:11.382,393.2,395.28,0.526,down,200,4,None,203,True,1
2026-04-17,09:30:11.517,393.3,395.28,0.501,down,178,4,None,202,True,1
2026-04-17,09:30:11.517,393.29,395.28,0.503,down,158,4,None,202,True,1
2026-04-17,09:30:11.606,393.21,395.28,0.524,down,346,4,None,202,True,1
2026-04-17,09:30:11.542,393.18,395.28,0.531,down,150,4,None,202,True,1
2026-04-17,09:30:11.622,393.01,395.28,0.574,down,100,4,None,202,True,1
2026-04-17,09:30:11.679,393.21,395.28,0.524,down,120,4,None,202,True,1
2026-04-17,09:30:11.886,393.2969,395.28,0.502,down,100,4,None,202,True,1
2026-04-17,09:30:12.281,393.15,395.28,0.539,down,300,4,None,202,True,1
2026-04-17,09:30:13.127,393.27,395.28,0.509,down,100,4,None,202,True,1
2026-04-17,09:30:31.290,393.2601,395.28,0.511,down,400,4,None,202,True,1
2026-04-17,09:30:31.703,393.27,395.28,0.509,down,125,4,None,202,True,1
2026-04-17,09:30:37.990,393.28,395.28,0.506,down,100,4,None,202,True,1
2026-04-17,09:30:38.703,393.295,395.28,0.502,down,100,4,None,202,True,1
2026-04-17,09:30:38.830,393.295,395.28,0.502,down,500,4,None,202,True,1
2026-04-17,09:30:38.750,393.295,395.28,0.502,down,500,4,None,202,True,1
2026-04-17,09:30:39.188,393.295,395.28,0.502,down,100,4,None,202,True,1
2026-04-17,09:30:39.254,393.2,395.28,0.526,down,140,4,None,202,True,1
2026-04-17,09:30:39.412,393.295,395.28,0.502,down,200,4,None,202,True,1
2026-04-17,09:30:39.579,393.26,395.28,0.511,down,500,4,None,202,True,1
2026-04-17,09:30:39.588,393.26,395.28,0.511,down,100,4,None,202,True,1
2026-04-17,09:30:39.658,393.26,395.28,0.511,down,750,4,None,202,True,1
2026-04-17,09:30:39.744,393.26,395.28,0.511,down,100,4,None,202,True,1
2026-04-17,09:30:39.961,393.14,395.28,0.541,down,350,4,None,202,True,1
2026-04-17,09:30:39.964,393.14,395.28,0.541,down,150,4,None,202,True,1
2026-04-17,09:30:39.963,393.1401,395.28,0.541,down,127,4,None,202,True,1
2026-04-17,09:30:39.965,393.2601,395.28,0.511,down,127,4,None,202,True,1
2026-04-17,09:30:40.183,393.26,395.28,0.511,down,100,4,None,203,True,1
2026-04-17,09:30:40.984,393.252,395.28,0.513,down,105,4,None,202,True,1
2026-04-17,09:31:23.732,397.82,395.795,0.512,up,300,4,None,202,True,1
2026-04-17,09:31:23.788,397.79,395.795,0.504,up,100,4,None,202,True,1
2026-04-17,09:31:23.825,397.8096,395.795,0.509,up,200,4,None,202,True,1
2026-04-17,09:31:23.874,397.8299,395.795,0.514,up,800,4,None,202,True,1
2026-04-17,09:31:23.879,397.82,395.795,0.512,up,100,4,None,202,True,1
2026-04-17,09:31:23.893,397.83,395.795,0.514,up,150,4,None,202,True,1
2026-04-17,09:31:24.436,397.79,395.795,0.504,up,600,4,None,202,True,1
2026-04-17,09:31:24.505,397.8299,395.795,0.514,up,300,4,None,202,True,1
2026-04-17,09:31:24.544,397.81,395.795,0.509,up,100,4,None,202,True,1
2026-04-17,09:31:24.680,397.83,395.795,0.514,up,1000,4,None,202,True,1
2026-04-17,09:31:24.715,397.8399,395.795,0.517,up,100,4,None,202,True,1
2026-04-17,09:31:24.771,397.82,395.795,0.512,up,234,4,None,202,True,1
2026-04-17,09:31:24.783,397.8425,395.795,0.517,up,180,4,None,202,True,1
2026-04-17,09:31:24.790,397.85,395.795,0.519,up,411,4,None,202,True,1
2026-04-17,09:31:24.772,397.83,395.795,0.514,up,566,4,None,203,True,1
2026-04-17,09:31:24.807,397.8537,395.795,0.52,up,150,4,None,202,True,1
2026-04-17,09:31:24.912,398,395.795,0.557,up,953,4,None,202,True,1
2026-04-17,09:31:24.982,398,395.795,0.557,up,400,4,None,202,True,1
2026-04-17,09:31:25.018,398.09,395.795,0.58,up,1840,4,None,202,True,1
2026-04-17,09:31:25.022,398.03,395.795,0.565,up,400,4,None,202,True,1
2026-04-17,09:31:25.042,398.0899,395.795,0.58,up,950,4,None,202,True,1
2026-04-17,09:31:25.068,398.02,395.795,0.562,up,500,4,None,202,True,1
2026-04-17,09:31:25.166,398.0038,395.795,0.558,up,100,4,None,202,True,1
2026-04-17,09:31:25.170,398.03,395.795,0.565,up,110,4,None,202,True,1
2026-04-17,09:31:25.174,398.03,395.795,0.565,up,140,4,None,202,True,1
2026-04-17,09:31:25.201,398.07,395.795,0.575,up,100,4,None,202,True,1
2026-04-17,09:31:25.207,398.07,395.795,0.575,up,100,4,None,202,True,1
2026-04-17,09:31:25.209,398.09,395.795,0.58,up,450,4,None,202,True,1
2026-04-17,09:31:25.217,398.082,395.795,0.578,up,100,4,None,202,True,1
2026-04-17,09:31:25.221,398.0776,395.795,0.577,up,400,4,None,203,True,1
2026-04-17,09:31:25.244,398.02,395.795,0.562,up,250,4,None,202,True,1
2026-04-17,09:31:25.251,397.95,395.795,0.544,up,100,4,None,202,True,1
2026-04-17,09:31:25.289,398.0976,395.795,0.582,up,200,4,None,202,True,1
2026-04-17,09:31:25.297,398.0924,395.795,0.58,up,150,4,None,202,True,1
2026-04-17,09:31:25.298,398.1024,395.795,0.583,up,105,4,None,201,True,1
2026-04-17,09:31:25.306,398.03,395.795,0.565,up,100,4,None,202,True,1
2026-04-17,09:31:25.311,397.95,395.795,0.544,up,100,4,None,202,True,1
2026-04-17,09:31:25.320,398.1,395.795,0.582,up,103,4,None,202,True,1
2026-04-17,09:31:25.444,397.9501,395.795,0.544,up,175,4,None,202,True,1
2026-04-17,09:31:25.446,398.03,395.795,0.565,up,125,4,None,202,True,1
2026-04-17,09:31:25.531,398.03,395.795,0.565,up,200,4,None,202,True,1
2026-04-17,09:31:25.549,398.11,395.795,0.585,up,200,4,None,203,True,1
2026-04-17,09:31:25.592,398.065,395.795,0.574,up,200,4,None,202,True,1
2026-04-17,09:31:25.605,398.11,395.795,0.585,up,153,4,None,202,True,1
2026-04-17,09:31:25.626,398.0575,395.795,0.572,up,520,4,None,201,True,1
2026-04-17,09:31:25.677,398.09,395.795,0.58,up,100,4,None,202,True,1
2026-04-17,09:31:25.739,398.1,395.795,0.582,up,240,4,None,202,True,1
2026-04-17,09:31:25.763,398.0899,395.795,0.58,up,600,4,None,202,True,1
2026-04-17,09:31:25.771,398.075,395.795,0.576,up,100,4,None,202,True,1
2026-04-17,09:31:25.755,398,395.795,0.557,up,286,4,None,203,True,1
2026-04-17,09:31:25.884,398.01,395.795,0.56,up,100,4,None,202,True,1
2026-04-17,09:31:26.034,398.09,395.795,0.58,up,186,4,None,202,True,1
2026-04-17,09:31:26.040,398.1266,395.795,0.589,up,238,4,None,201,True,1
2026-04-17,09:31:26.040,398.1266,395.795,0.589,up,262,4,None,201,True,1
2026-04-17,09:31:26.150,398.17,395.795,0.6,up,100,4,None,202,True,1
2026-04-17,09:31:26.204,398.0401,395.795,0.567,up,500,4,None,202,True,1
2026-04-17,09:31:26.321,398.2,395.795,0.608,up,100,4,None,202,True,1
2026-04-17,09:31:26.336,398.04,395.795,0.567,up,150,4,None,202,True,1
2026-04-17,09:31:26.336,398.04,395.795,0.567,up,100,4,None,202,True,1
2026-04-17,09:31:26.381,398.1899,395.795,0.605,up,300,4,None,202,True,1
2026-04-17,09:31:26.382,398.115,395.795,0.586,up,100,4,None,202,True,1
2026-04-17,09:31:26.651,398.2042,395.795,0.609,up,100,4,None,202,True,1
2026-04-17,09:31:26.673,398.19,395.795,0.605,up,330,4,None,202,True,1
2026-04-17,09:31:26.676,398.245,395.795,0.619,up,100,4,None,202,True,1
2026-04-17,09:31:26.702,398.3703,395.795,0.651,up,190,4,None,202,True,1
2026-04-17,09:31:26.724,398.3738,395.795,0.652,up,120,4,None,202,True,1
2026-04-17,09:31:26.775,398.406,395.795,0.66,up,300,4,None,202,True,1
2026-04-17,09:31:26.775,398.46,395.795,0.673,up,513,4,None,203,True,1
2026-04-17,09:31:26.899,398.4999,395.795,0.683,up,360,4,None,202,True,1
2026-04-17,09:31:26.908,398.35,395.795,0.646,up,100,4,None,202,True,1
2026-04-17,09:31:27.023,398.3101,395.795,0.635,up,250,4,None,202,True,1
2026-04-17,09:31:27.055,398.46,395.795,0.673,up,1000,4,None,202,True,1
2026-04-17,09:31:27.081,398.46,395.795,0.673,up,500,4,None,202,True,1
2026-04-17,09:31:27.098,398.31,395.795,0.635,up,100,4,None,202,True,1
2026-04-17,09:31:27.127,398.385,395.795,0.654,up,100,4,None,202,True,1
2026-04-17,09:31:27.146,398.385,395.795,0.654,up,500,4,None,202,True,1
2026-04-17,09:31:27.183,398.31,395.795,0.635,up,175,4,None,202,True,1
2026-04-17,09:31:27.203,398.28,395.795,0.628,up,100,4,None,202,True,1
2026-04-17,09:31:27.231,398.33,395.795,0.64,up,120,4,None,202,True,1
2026-04-17,09:31:27.295,398.3986,395.795,0.658,up,100,4,None,202,True,1
2026-04-17,09:31:27.303,398.13,395.795,0.59,up,100,4,None,202,True,1
2026-04-17,09:31:27.377,398.37,395.795,0.651,up,200,4,None,202,True,1
2026-04-17,09:31:27.378,398.37,395.795,0.651,up,320,4,None,202,True,1
2026-04-17,09:31:27.385,398.275,395.795,0.627,up,300,4,None,202,True,1
2026-04-17,09:31:27.386,398.1501,395.795,0.595,up,750,4,None,202,True,1
2026-04-17,09:31:27.377,398.37,395.795,0.651,up,120,4,None,203,True,1
2026-04-17,09:31:27.422,398.3959,395.795,0.657,up,150,4,None,202,True,1
2026-04-17,09:31:27.452,398.4,395.795,0.658,up,300,4,None,202,True,1
2026-04-17,09:31:27.231,398.399,395.795,0.658,up,471,4,None,202,True,1
2026-04-17,09:31:27.511,398.275,395.795,0.627,up,100,4,None,202,True,1
2026-04-17,09:31:27.512,398.1658,395.795,0.599,up,480,4,None,202,True,1
2026-04-17,09:31:27.538,398.1813,395.795,0.603,up,250,4,None,201,True,1
2026-04-17,09:31:27.573,398.13,395.795,0.59,up,250,4,None,202,True,1
2026-04-17,09:31:27.671,398.3,395.795,0.633,up,100,4,None,202,True,1
2026-04-17,09:31:27.764,398.22,395.795,0.613,up,600,4,None,202,True,1
2026-04-17,09:31:27.773,398.31,395.795,0.635,up,100,4,None,202,True,1
2026-04-17,09:31:27.854,398.22,395.795,0.613,up,100,4,None,202,True,1
2026-04-17,09:31:27.898,398.267,395.795,0.625,up,200,4,None,201,True,1
2026-04-17,09:31:27.914,398.13,395.795,0.59,up,100,4,None,202,True,1
2026-04-17,09:31:27.926,398.22,395.795,0.613,up,100,4,None,202,True,1
2026-04-17,09:31:28.019,398.22,395.795,0.613,up,100,4,None,202,True,1
2026-04-17,09:31:28.026,398.22,395.795,0.613,up,222,4,None,202,True,1
2026-04-17,09:31:28.030,398.22,395.795,0.613,up,215,4,None,202,True,1
2026-04-17,09:31:28.033,398.22,395.795,0.613,up,175,4,None,202,True,1
2026-04-17,09:31:28.034,398.22,395.795,0.613,up,150,4,None,202,True,1
2026-04-17,09:31:28.039,398.22,395.795,0.613,up,100,4,None,202,True,1
2026-04-17,09:31:28.117,398.31,395.795,0.635,up,100,4,None,202,True,1
2026-04-17,09:31:27.914,398.22,395.795,0.613,up,100,4,None,202,True,1
2026-04-17,09:31:28.208,398.22,395.795,0.613,up,720,4,None,202,True,1
2026-04-17,09:31:28.208,398.22,395.795,0.613,up,100,4,None,202,True,1
2026-04-17,09:31:28.208,398.22,395.795,0.613,up,100,4,None,202,True,1
2026-04-17,09:31:28.210,398.22,395.795,0.613,up,400,4,None,202,True,1
2026-04-17,09:31:28.228,398.22,395.795,0.613,up,202,4,None,202,True,1
2026-04-17,09:31:28.248,398.3,395.795,0.633,up,100,4,None,202,True,1
2026-04-17,09:31:28.259,398.2793,395.795,0.628,up,100,4,None,202,True,1
2026-04-17,09:31:28.309,398.22,395.795,0.613,up,114,4,None,202,True,1
2026-04-17,09:31:28.318,398.3,395.795,0.633,up,200,4,None,202,True,1
2026-04-17,09:31:28.329,398.22,395.795,0.613,up,155,4,None,202,True,1
2026-04-17,09:31:28.347,398.1301,395.795,0.59,up,200,4,None,202,True,1
2026-04-17,09:31:28.390,398.13,395.795,0.59,up,200,4,None,202,True,1
2026-04-17,09:31:28.400,398.22,395.795,0.613,up,100,4,None,202,True,1
2026-04-17,09:31:28.409,398.31,395.795,0.635,up,250,4,None,202,True,1
2026-04-17,09:31:28.475,398.3,395.795,0.633,up,400,4,None,202,True,1
2026-04-17,09:31:28.495,398.2917,395.795,0.631,up,200,4,None,202,True,1
2026-04-17,09:31:28.541,398.22,395.795,0.613,up,100,4,None,202,True,1
2026-04-17,09:31:28.615,398.22,395.795,0.613,up,100,4,None,202,True,1
2026-04-17,09:31:28.630,398.3089,395.795,0.635,up,2558,4,None,202,True,1
2026-04-17,09:31:28.726,398.14,395.795,0.592,up,163,4,None,202,True,1
2026-04-17,09:31:28.935,398.09,395.795,0.58,up,100,4,None,202,True,1
2026-04-17,09:31:28.979,398.105,395.795,0.584,up,150,4,None,202,True,1
2026-04-17,09:31:28.979,398.075,395.795,0.576,up,200,4,None,202,True,1
2026-04-17,09:31:28.996,398.1483,395.795,0.595,up,200,4,None,202,True,1
2026-04-17,09:31:29.065,398.16,395.795,0.598,up,148,4,None,202,True,1
2026-04-17,09:31:29.247,398.4699,395.795,0.676,up,100,4,None,202,True,1
2026-04-17,09:31:29.270,398.392,395.795,0.656,up,200,4,None,202,True,1
2026-04-17,09:31:29.278,398.4599,395.795,0.673,up,3740,4,None,202,True,1
2026-04-17,09:31:29.371,398.3301,395.795,0.641,up,200,4,None,202,True,1
2026-04-17,09:31:29.394,398.33,395.795,0.64,up,200,4,None,202,True,1
2026-04-17,09:31:29.475,398.33,395.795,0.64,up,100,4,None,202,True,1
2026-04-17,09:31:29.481,398.33,395.795,0.64,up,245,4,None,202,True,1
2026-04-17,09:31:29.529,398.335,395.795,0.642,up,100,4,None,202,True,1
2026-04-17,09:31:29.559,398.335,395.795,0.642,up,100,4,None,202,True,1
2026-04-17,09:31:29.727,398.325,395.795,0.639,up,260,4,None,202,True,1
2026-04-17,09:31:29.733,398.325,395.795,0.639,up,100,4,None,202,True,1
2026-04-17,09:31:29.733,398.4399,395.795,0.668,up,150,4,None,202,True,1
2026-04-17,09:31:29.760,398.44,395.795,0.668,up,100,4,None,202,True,1
2026-04-17,09:31:29.787,398.38,395.795,0.653,up,230,4,None,202,True,1
2026-04-17,09:31:29.822,398.37,395.795,0.651,up,100,4,None,202,True,1
2026-04-17,09:31:29.822,398.37,395.795,0.651,up,100,4,None,202,True,1
2026-04-17,09:31:29.822,398.37,395.795,0.651,up,100,4,None,202,True,1
2026-04-17,09:31:29.847,398.205,395.795,0.609,up,200,4,None,202,True,1
2026-04-17,09:31:29.848,398.34,395.795,0.643,up,100,4,None,202,True,1
2026-04-17,09:31:29.869,398.151,395.795,0.595,up,130,4,None,202,True,1
2026-04-17,09:31:28.949,398.0525,395.795,0.57,up,501,4,None,202,True,1
2026-04-17,09:31:30.032,398.08,395.795,0.577,up,250,4,None,202,True,1
2026-04-17,09:31:30.046,398.0701,395.795,0.575,up,203,4,None,202,True,1
2026-04-17,09:31:30.080,398.0701,395.795,0.575,up,100,4,None,202,True,1
2026-04-17,09:31:30.102,398.13,395.795,0.59,up,200,4,None,202,True,1
2026-04-17,09:31:30.156,398.205,395.795,0.609,up,100,4,None,202,True,1
2026-04-17,09:31:30.160,398.151,395.795,0.595,up,100,4,None,202,True,1
2026-04-17,09:31:30.341,398.34,395.795,0.643,up,385,4,None,201,True,1
2026-04-17,09:31:30.349,398.1436,395.795,0.593,up,880,4,None,202,True,1
2026-04-17,09:31:30.356,398.1313,395.795,0.59,up,240,4,None,202,True,1
2026-04-17,09:31:30.381,398.245,395.795,0.619,up,300,4,None,202,True,1
2026-04-17,09:31:30.385,398.255,395.795,0.622,up,250,4,None,202,True,1
2026-04-17,09:31:30.433,398.255,395.795,0.622,up,100,4,None,202,True,1
2026-04-17,09:31:30.454,398.36,395.795,0.648,up,150,4,None,202,True,1
2026-04-17,09:31:30.622,398.43,395.795,0.666,up,200,4,None,202,True,1
2026-04-17,09:31:30.628,398.37,395.795,0.651,up,250,4,None,202,True,1
2026-04-17,09:31:30.660,398.3538,395.795,0.646,up,100,4,None,202,True,1
2026-04-17,09:31:30.719,398.34,395.795,0.643,up,100,4,None,202,True,1
2026-04-17,09:31:30.726,398.3599,395.795,0.648,up,320,4,None,202,True,1
2026-04-17,09:31:30.820,398.5,395.795,0.683,up,900,4,None,202,True,1
2026-04-17,09:31:30.824,398.6,395.795,0.709,up,650,4,None,202,True,1
2026-04-17,09:31:30.828,398.6,395.795,0.709,up,214,4,None,202,True,1
2026-04-17,09:31:30.903,398.545,395.795,0.695,up,100,4,None,202,True,1
2026-04-17,09:31:30.971,398.65,395.795,0.721,up,100,4,None,202,True,1
2026-04-17,09:31:31.103,398.4701,395.795,0.676,up,100,4,None,202,True,1
2026-04-17,09:31:31.181,398.51,395.795,0.686,up,100,4,None,202,True,1
2026-04-17,09:31:31.266,398.4501,395.795,0.671,up,800,4,None,202,True,1
2026-04-17,09:31:30.822,398.57,395.795,0.701,up,100,4,None,201,True,1
2026-04-17,09:31:31.279,398.5,395.795,0.683,up,100,4,None,202,True,1
2026-04-17,09:31:31.314,398.55,395.795,0.696,up,120,4,None,202,True,1
2026-04-17,09:31:31.315,398.55,395.795,0.696,up,240,4,None,202,True,1
2026-04-17,09:31:31.315,398.55,395.795,0.696,up,140,4,None,202,True,1
2026-04-17,09:31:31.369,398.45,395.795,0.671,up,760,4,None,202,True,1
2026-04-17,09:31:31.444,398.57,395.795,0.701,up,128,4,None,202,True,1
2026-04-17,09:31:31.564,398.5899,395.795,0.706,up,1260,4,None,202,True,1
2026-04-17,09:31:31.659,398.465,395.795,0.675,up,100,4,None,202,True,1
2026-04-17,09:31:31.675,398.56,395.795,0.699,up,200,4,None,202,True,1
2026-04-17,09:31:31.695,398.4651,395.795,0.675,up,100,4,None,202,True,1
2026-04-17,09:31:31.709,398.46,395.795,0.673,up,500,4,None,202,True,1
2026-04-17,09:31:31.770,398.465,395.795,0.675,up,126,4,None,202,True,1
2026-04-17,09:31:31.793,398.3831,395.795,0.654,up,100,4,None,202,True,1
2026-04-17,09:31:31.815,398.4272,395.795,0.665,up,100,4,None,202,True,1
2026-04-17,09:31:31.805,398.38,395.795,0.653,up,398,4,None,203,True,1
2026-04-17,09:31:31.904,398.36,395.795,0.648,up,1000,4,None,202,True,1
2026-04-17,09:31:32.003,398.43,395.795,0.666,up,100,4,None,202,True,1
2026-04-17,09:31:32.132,398.57,395.795,0.701,up,420,4,None,202,True,1
2026-04-17,09:31:32.139,398.4651,395.795,0.675,up,100,4,None,202,True,1
2026-04-17,09:31:32.190,398.465,395.795,0.675,up,300,4,None,202,True,1
2026-04-17,09:31:32.218,398.57,395.795,0.701,up,250,4,None,202,True,1
2026-04-17,09:31:32.275,398.465,395.795,0.675,up,100,4,None,202,True,1
2026-04-17,09:31:32.353,398.25,395.795,0.62,up,100,4,None,202,True,1
2026-04-17,09:31:32.424,398.3099,395.795,0.635,up,200,4,None,202,True,1
2026-04-17,09:31:32.425,398.1739,395.795,0.601,up,100,4,None,203,True,1
2026-04-17,09:31:32.442,398.24,395.795,0.618,up,476,4,None,202,True,1
2026-04-17,09:31:32.445,398.23,395.795,0.615,up,100,4,None,202,True,1
2026-04-17,09:31:32.484,398.2107,395.795,0.61,up,220,4,None,202,True,1
2026-04-17,09:31:32.496,398.18,395.795,0.603,up,100,4,None,202,True,1
2026-04-17,09:31:32.508,398.18,395.795,0.603,up,500,4,None,202,True,1
2026-04-17,09:31:32.518,398.235,395.795,0.616,up,100,4,None,202,True,1
2026-04-17,09:31:32.548,398.145,395.795,0.594,up,350,4,None,202,True,1
2026-04-17,09:31:32.682,398.3,395.795,0.633,up,100,4,None,202,True,1
2026-04-17,09:31:32.694,398.3086,395.795,0.635,up,150,4,None,202,True,1
2026-04-17,09:31:32.744,398.215,395.795,0.611,up,200,4,None,202,True,1
2026-04-17,09:31:32.867,398.1201,395.795,0.587,up,1000,4,None,202,True,1
2026-04-17,09:31:32.911,398.29,395.795,0.63,up,100,4,None,202,True,1
2026-04-17,09:31:32.949,398.225,395.795,0.614,up,100,4,None,202,True,1
2026-04-17,09:31:33.079,398.14,395.795,0.592,up,140,4,None,202,True,1
2026-04-17,09:31:33.082,398.215,395.795,0.611,up,100,4,None,202,True,1
2026-04-17,09:31:33.168,398.215,395.795,0.611,up,140,4,None,202,True,1
2026-04-17,09:31:33.209,398.24,395.795,0.618,up,400,4,None,202,True,1
2026-04-17,09:31:33.272,398.36,395.795,0.648,up,160,4,None,202,True,1
2026-04-17,09:31:33.325,398.245,395.795,0.619,up,100,4,None,202,True,1
2026-04-17,09:31:33.370,398.19,395.795,0.605,up,100,4,None,202,True,1
2026-04-17,09:31:33.434,398.2599,395.795,0.623,up,500,4,None,202,True,1
2026-04-17,09:31:33.525,398.26,395.795,0.623,up,2000,4,None,202,True,1
2026-04-17,09:31:33.536,398.26,395.795,0.623,up,250,4,None,202,True,1
2026-04-17,09:31:33.587,398.1201,395.795,0.587,up,800,4,None,202,True,1
2026-04-17,09:31:33.617,398.2594,395.795,0.623,up,353,4,None,202,True,1
2026-04-17,09:31:33.655,398.28,395.795,0.628,up,100,4,None,202,True,1
2026-04-17,09:31:33.692,398.265,395.795,0.624,up,100,4,None,202,True,1
2026-04-17,09:31:33.503,398.134,395.795,0.591,up,316,4,None,202,True,1
2026-04-17,09:31:33.742,398.31,395.795,0.635,up,190,4,None,202,True,1
2026-04-17,09:31:33.749,398.245,395.795,0.619,up,100,4,None,202,True,1
2026-04-17,09:31:33.771,398.245,395.795,0.619,up,100,4,None,202,True,1
2026-04-17,09:31:33.779,398.2913,395.795,0.631,up,749,4,None,202,True,1
2026-04-17,09:31:33.807,398.31,395.795,0.635,up,111,4,None,202,True,1
2026-04-17,09:31:33.820,398.33,395.795,0.64,up,120,4,None,202,True,1
2026-04-17,09:31:33.820,398.33,395.795,0.64,up,221,4,None,202,True,1
2026-04-17,09:31:33.820,398.36,395.795,0.648,up,4010,4,None,202,True,1
2026-04-17,09:31:33.898,398.265,395.795,0.624,up,100,4,None,202,True,1
2026-04-17,09:31:33.908,398.3354,395.795,0.642,up,100,4,None,202,True,1
2026-04-17,09:31:34.065,398.2365,395.795,0.617,up,125,4,None,202,True,1
2026-04-17,09:31:34.072,398.295,395.795,0.632,up,100,4,None,202,True,1
2026-04-17,09:31:34.150,398.37,395.795,0.651,up,100,4,None,202,True,1
2026-04-17,09:31:34.221,398.36,395.795,0.648,up,100,4,None,202,True,1
2026-04-17,09:31:34.354,398.295,395.795,0.632,up,300,4,None,202,True,1
2026-04-17,09:31:34.359,398.295,395.795,0.632,up,200,4,None,202,True,1
2026-04-17,09:31:34.373,398.3356,395.795,0.642,up,1644,4,None,202,True,1
2026-04-17,09:31:34.390,398.22,395.795,0.613,up,500,4,None,202,True,1
2026-04-17,09:31:34.421,398.27,395.795,0.625,up,300,4,None,202,True,1
2026-04-17,09:31:34.441,398.26,395.795,0.623,up,100,4,None,202,True,1
2026-04-17,09:31:34.474,398.3153,395.795,0.637,up,100,4,None,202,True,1
2026-04-17,09:31:34.472,398.3153,395.795,0.637,up,100,4,None,203,True,1
2026-04-17,09:31:34.500,398.235,395.795,0.616,up,290,4,None,202,True,1
2026-04-17,09:31:34.619,398.235,395.795,0.616,up,500,4,None,202,True,1
2026-04-17,09:31:34.623,398.16,395.795,0.598,up,113,4,None,202,True,1
2026-04-17,09:31:34.647,398.2991,395.795,0.633,up,2223,4,None,202,True,1
2026-04-17,09:31:34.648,398.2991,395.795,0.633,up,160,4,None,202,True,1
2026-04-17,09:31:34.648,398.2991,395.795,0.633,up,880,4,None,202,True,1
2026-04-17,09:31:34.648,398.2991,395.795,0.633,up,537,4,None,202,True,1
2026-04-17,09:31:34.552,398.235,395.795,0.616,up,100,4,None,202,True,1
2026-04-17,09:31:34.750,398.1525,395.795,0.596,up,500,4,None,202,True,1
2026-04-17,09:31:34.832,398.22,395.795,0.613,up,100,4,None,202,True,1
2026-04-17,09:31:34.878,398.22,395.795,0.613,up,350,4,None,202,True,1
2026-04-17,09:31:34.981,398.22,395.795,0.613,up,100,4,None,202,True,1
2026-04-17,09:31:35.046,398.29,395.795,0.63,up,100,4,None,202,True,1
2026-04-17,09:31:35.092,398.208,395.795,0.61,up,177,4,None,202,True,1
2026-04-17,09:31:35.097,398.2118,395.795,0.611,up,278,4,None,202,True,1
2026-04-17,09:31:35.116,398.2079,395.795,0.61,up,214,4,None,202,True,1
2026-04-17,09:31:35.123,398.2424,395.795,0.618,up,196,4,None,202,True,1
2026-04-17,09:31:35.129,398.33,395.795,0.64,up,1184,4,None,202,True,1
2026-04-17,09:31:35.140,398.33,395.795,0.64,up,108,4,None,202,True,1
2026-04-17,09:31:35.175,398.3113,395.795,0.636,up,122,4,None,202,True,1
2026-04-17,09:31:35.288,398.1757,395.795,0.601,up,500,4,None,202,True,1
2026-04-17,09:31:35.375,398.245,395.795,0.619,up,500,4,None,202,True,1
2026-04-17,09:31:35.375,398.245,395.795,0.619,up,250,4,None,202,True,1
2026-04-17,09:31:35.386,398.1475,395.795,0.594,up,150,4,None,202,True,1
2026-04-17,09:31:35.409,398.245,395.795,0.619,up,125,4,None,202,True,1
2026-04-17,09:31:35.504,398.3069,395.795,0.635,up,383,4,None,202,True,1
2026-04-17,09:31:35.562,398.22,395.795,0.613,up,100,4,None,202,True,1
2026-04-17,09:31:35.560,398.22,395.795,0.613,up,240,4,None,202,True,1
2026-04-17,09:31:35.614,398.31,395.795,0.635,up,365,4,None,202,True,1
2026-04-17,09:31:35.642,398.22,395.795,0.613,up,100,4,None,202,True,1
2026-04-17,09:31:35.809,398.27,395.795,0.625,up,100,4,None,202,True,1
2026-04-17,09:31:35.848,398.295,395.795,0.632,up,444,4,None,202,True,1
2026-04-17,09:31:35.588,398.22,395.795,0.613,up,100,4,None,202,True,1
2026-04-17,09:31:35.927,398.36,395.795,0.648,up,300,4,None,202,True,1
2026-04-17,09:31:35.984,398.315,395.795,0.637,up,1100,4,None,202,True,1
2026-04-17,09:31:36.061,398.41,395.795,0.661,up,155,4,None,202,True,1
2026-04-17,09:31:36.079,398.385,395.795,0.654,up,136,4,None,202,True,1
2026-04-17,09:31:36.176,398.51,395.795,0.686,up,100,4,None,202,True,1
2026-04-17,09:31:36.197,398.56,395.795,0.699,up,100,4,None,202,True,1
2026-04-17,09:31:36.240,398.5599,395.795,0.699,up,100,4,None,202,True,1
2026-04-17,09:31:36.242,398.56,395.795,0.699,up,100,4,None,202,True,1
2026-04-17,09:31:36.260,398.475,395.795,0.677,up,100,4,None,202,True,1
2026-04-17,09:31:36.313,398.5446,395.795,0.695,up,100,4,None,202,True,1
2026-04-17,09:31:36.330,398.5599,395.795,0.699,up,800,4,None,202,True,1
2026-04-17,09:31:36.452,398.495,395.795,0.682,up,100,4,None,202,True,1
2026-04-17,09:31:36.526,398.48,395.795,0.678,up,500,4,None,202,True,1
2026-04-17,09:31:36.719,398.63,395.795,0.716,up,151,4,None,202,True,1
2026-04-17,09:31:36.742,398.59,395.795,0.706,up,100,4,None,202,True,1
2026-04-17,09:31:36.789,398.5201,395.795,0.689,up,100,4,None,202,True,1
2026-04-17,09:31:36.859,398.58,395.795,0.704,up,229,4,None,202,True,1
2026-04-17,09:31:36.925,398.58,395.795,0.704,up,100,4,None,202,True,1
2026-04-17,09:31:36.999,398.5655,395.795,0.7,up,252,4,None,202,True,1
2026-04-17,09:31:37.049,398.58,395.795,0.704,up,100,4,None,202,True,1
2026-04-17,09:31:37.035,398.58,395.795,0.704,up,100,4,None,203,True,1
2026-04-17,09:31:37.051,398.495,395.795,0.682,up,100,4,None,202,True,1
2026-04-17,09:31:37.052,398.58,395.795,0.704,up,100,4,None,202,True,1
2026-04-17,09:31:37.063,398.52,395.795,0.688,up,105,4,None,202,True,1
2026-04-17,09:31:37.094,398.59,395.795,0.706,up,100,4,None,202,True,1
2026-04-17,09:31:37.203,398.52,395.795,0.688,up,100,4,None,202,True,1
2026-04-17,09:31:37.248,398.6129,395.795,0.712,up,200,4,None,202,True,1
2026-04-17,09:31:37.382,398.6899,395.795,0.731,up,120,4,None,202,True,1
2026-04-17,09:31:37.383,398.69,395.795,0.731,up,240,4,None,202,True,1
2026-04-17,09:31:37.384,398.69,395.795,0.731,up,271,4,None,202,True,1
2026-04-17,09:31:37.385,398.6601,395.795,0.724,up,100,4,None,202,True,1
2026-04-17,09:31:37.392,398.62,395.795,0.714,up,280,4,None,202,True,1
2026-04-17,09:31:37.416,398.67,395.795,0.726,up,100,4,None,202,True,1
2026-04-17,09:31:37.421,398.72,395.795,0.739,up,256,4,None,202,True,1
2026-04-17,09:31:37.424,398.67,395.795,0.726,up,265,4,None,202,True,1
2026-04-17,09:31:37.444,398.7025,395.795,0.735,up,440,4,None,202,True,1
2026-04-17,09:31:37.449,398.7025,395.795,0.735,up,139,4,None,202,True,1
2026-04-17,09:31:37.480,398.675,395.795,0.728,up,100,4,None,202,True,1
2026-04-17,09:31:37.497,398.675,395.795,0.728,up,250,4,None,202,True,1
2026-04-17,09:31:37.536,398.74,395.795,0.744,up,300,4,None,202,True,1
2026-04-17,09:31:37.540,398.7118,395.795,0.737,up,163,4,None,202,True,1
2026-04-17,09:31:37.563,398.69,395.795,0.731,up,100,4,None,202,True,1
2026-04-17,09:31:37.586,398.7399,395.795,0.744,up,100,4,None,202,True,1
2026-04-17,09:31:37.606,398.78,395.795,0.754,up,100,4,None,202,True,1
2026-04-17,09:31:37.640,398.825,395.795,0.766,up,200,4,None,202,True,1
2026-04-17,09:31:37.640,398.825,395.795,0.766,up,360,4,None,202,True,1
2026-04-17,09:31:37.666,398.79,395.795,0.757,up,100,4,None,202,True,1
2026-04-17,09:31:37.672,398.79,395.795,0.757,up,140,4,None,202,True,1
2026-04-17,09:31:37.788,398.7701,395.795,0.752,up,100,4,None,202,True,1
2026-04-17,09:31:37.809,398.7701,395.795,0.752,up,100,4,None,202,True,1
2026-04-17,09:31:37.849,398.805,395.795,0.76,up,100,4,None,202,True,1
2026-04-17,09:31:37.856,398.84,395.795,0.769,up,100,4,None,202,True,1
2026-04-17,09:31:37.865,398.84,395.795,0.769,up,131,4,None,202,True,1
2026-04-17,09:31:37.921,398.805,395.795,0.76,up,100,4,None,202,True,1
2026-04-17,09:31:37.926,398.8365,395.795,0.768,up,132,4,None,202,True,1
2026-04-17,09:31:37.936,398.805,395.795,0.76,up,200,4,None,202,True,1
2026-04-17,09:31:38.011,398.8352,395.795,0.768,up,142,4,None,202,True,1
2026-04-17,09:31:38.026,398.8281,395.795,0.766,up,300,4,None,202,True,1
2026-04-17,09:31:38.073,398.8185,395.795,0.764,up,129,4,None,202,True,1
2026-04-17,09:31:38.070,398.8516,395.795,0.772,up,100,4,None,203,True,1
2026-04-17,09:31:38.175,398.85,395.795,0.772,up,125,4,None,202,True,1
2026-04-17,09:31:38.230,398.87,395.795,0.777,up,100,4,None,202,True,1
2026-04-17,09:31:38.251,398.9,395.795,0.784,up,520,4,None,202,True,1
2026-04-17,09:31:38.277,398.8769,395.795,0.779,up,493,4,None,202,True,1
2026-04-17,09:31:38.277,398.8769,395.795,0.779,up,107,4,None,202,True,1
2026-04-17,09:31:38.296,398.89,395.795,0.782,up,624,4,None,202,True,1
2026-04-17,09:31:38.331,398.8483,395.795,0.771,up,258,4,None,202,True,1
2026-04-17,09:31:38.350,398.79,395.795,0.757,up,300,4,None,202,True,1
2026-04-17,09:31:38.419,398.8376,395.795,0.769,up,120,4,None,202,True,1
2026-04-17,09:31:38.432,398.76,395.795,0.749,up,100,4,None,202,True,1
2026-04-17,09:31:38.486,398.77,395.795,0.752,up,300,4,None,202,True,1
2026-04-17,09:31:38.507,398.8672,395.795,0.776,up,119,4,None,202,True,1
2026-04-17,09:31:38.573,398.8608,395.795,0.775,up,100,4,None,202,True,1
2026-04-17,09:31:38.598,398.8,395.795,0.759,up,100,4,None,202,True,1
2026-04-17,09:31:38.660,398.8401,395.795,0.769,up,100,4,None,202,True,1
2026-04-17,09:31:38.753,398.91,395.795,0.787,up,100,4,None,202,True,1
2026-04-17,09:31:38.764,398.91,395.795,0.787,up,100,4,None,202,True,1
2026-04-17,09:31:38.812,398.7901,395.795,0.757,up,200,4,None,202,True,1
2026-04-17,09:31:38.821,398.85,395.795,0.772,up,500,4,None,202,True,1
2026-04-17,09:31:38.833,398.85,395.795,0.772,up,100,4,None,202,True,1
2026-04-17,09:31:38.838,398.9031,395.795,0.785,up,138,4,None,202,True,1
2026-04-17,09:31:38.835,398.85,395.795,0.772,up,100,4,None,203,True,1
2026-04-17,09:31:38.970,398.85,395.795,0.772,up,100,4,None,202,True,1
2026-04-17,09:31:38.972,398.85,395.795,0.772,up,200,4,None,202,True,1
2026-04-17,09:31:38.976,398.91,395.795,0.787,up,189,4,None,202,True,1
2026-04-17,09:31:38.974,398.8856,395.795,0.781,up,400,4,None,202,True,1
2026-04-17,09:31:39.099,398.87,395.795,0.777,up,200,4,None,202,True,1
2026-04-17,09:31:39.157,398.9266,395.795,0.791,up,200,4,None,201,True,1
2026-04-17,09:31:39.246,398.9421,395.795,0.795,up,900,4,None,202,True,1
2026-04-17,09:31:39.285,398.88,395.795,0.779,up,100,4,None,202,True,1
2026-04-17,09:31:39.348,398.94,395.795,0.795,up,100,4,None,202,True,1
2026-04-17,09:31:39.352,398.94,395.795,0.795,up,100,4,None,202,True,1
2026-04-17,09:31:39.355,398.88,395.795,0.779,up,300,4,None,202,True,1
2026-04-17,09:31:39.429,398.92,395.795,0.79,up,100,4,None,202,True,1
2026-04-17,09:31:39.438,398.97,395.795,0.802,up,100,4,None,202,True,1
2026-04-17,09:31:39.437,398.95,395.795,0.797,up,200,4,None,202,True,1
2026-04-17,09:31:39.442,399,395.795,0.81,up,2860,4,None,202,True,1
2026-04-17,09:31:39.445,399,395.795,0.81,up,1148,4,"[14, 41]",202,True,1
2026-04-17,09:31:39.444,399,395.795,0.81,up,243,4,None,202,True,1
2026-04-17,09:31:39.440,399,395.795,0.81,up,140,4,None,202,True,1
2026-04-17,09:31:39.460,399.05,395.795,0.822,up,123,4,None,202,True,1
2026-04-17,09:31:39.440,399,395.795,0.81,up,120,4,None,202,True,1
2026-04-17,09:31:39.447,398.9601,395.795,0.8,up,600,4,None,202,True,1
2026-04-17,09:31:39.468,398.95,395.795,0.797,up,100,4,None,202,True,1
2026-04-17,09:31:39.468,398.95,395.795,0.797,up,120,4,None,202,True,1
2026-04-17,09:31:39.468,398.95,395.795,0.797,up,120,4,None,202,True,1
2026-04-17,09:31:39.468,398.975,395.795,0.803,up,120,4,None,202,True,1
2026-04-17,09:31:39.495,398.92,395.795,0.79,up,100,4,None,202,True,1
2026-04-17,09:31:39.495,398.92,395.795,0.79,up,100,4,None,202,True,1
2026-04-17,09:31:39.516,398.84,395.795,0.769,up,240,4,None,202,True,1
2026-04-17,09:31:39.526,399,395.795,0.81,up,300,4,None,202,True,1
2026-04-17,09:31:39.551,398.9624,395.795,0.8,up,249,4,None,202,True,1
2026-04-17,09:31:39.600,398.9624,395.795,0.8,up,144,4,None,202,True,1
2026-04-17,09:31:39.612,398.92,395.795,0.79,up,250,4,None,202,True,1
2026-04-17,09:31:39.619,398.92,395.795,0.79,up,158,4,None,202,True,1
2026-04-17,09:31:39.622,398.92,395.795,0.79,up,150,4,None,202,True,1
2026-04-17,09:31:39.625,398.9624,395.795,0.8,up,141,4,None,202,True,1
2026-04-17,09:31:39.661,398.8853,395.795,0.781,up,150,4,None,202,True,1
2026-04-17,09:31:39.731,398.92,395.795,0.79,up,300,4,None,202,True,1
2026-04-17,09:31:39.773,398.88,395.795,0.779,up,100,4,None,202,True,1
2026-04-17,09:31:39.780,398.92,395.795,0.79,up,150,4,None,202,True,1
2026-04-17,09:31:39.836,398.92,395.795,0.79,up,100,4,None,202,True,1
2026-04-17,09:31:39.843,398.9831,395.795,0.805,up,100,4,None,202,True,1
2026-04-17,09:31:39.857,398.92,395.795,0.79,up,175,4,None,202,True,1
2026-04-17,09:31:39.892,398.9222,395.795,0.79,up,200,4,None,202,True,1
2026-04-17,09:31:39.898,398.87,395.795,0.777,up,200,4,None,202,True,1
2026-04-17,09:31:38.031,398.819,395.795,0.764,up,300,4,None,202,True,1
2026-04-17,09:31:39.945,398.86,395.795,0.774,up,260,4,None,202,True,1
2026-04-17,09:31:40.032,398.745,395.795,0.745,up,200,4,None,202,True,1
2026-04-17,09:31:40.043,398.79,395.795,0.757,up,100,4,None,202,True,1
2026-04-17,09:31:39.859,398.835,395.795,0.768,up,100,4,None,202,True,1
2026-04-17,09:31:40.097,398.7833,395.795,0.755,up,244,4,None,202,True,1
2026-04-17,09:31:40.104,398.7001,395.795,0.734,up,640,4,None,202,True,1
2026-04-17,09:31:40.175,398.7742,395.795,0.753,up,140,4,None,202,True,1
2026-04-17,09:31:40.195,398.745,395.795,0.745,up,100,4,None,202,True,1
2026-04-17,09:31:40.221,398.745,395.795,0.745,up,230,4,None,202,True,1
2026-04-17,09:31:40.227,398.745,395.795,0.745,up,100,4,None,202,True,1
2026-04-17,09:31:40.363,398.745,395.795,0.745,up,200,4,None,202,True,1
2026-04-17,09:31:40.370,398.79,395.795,0.757,up,120,4,None,203,True,1
2026-04-17,09:31:40.391,398.745,395.795,0.745,up,190,4,None,202,True,1
2026-04-17,09:31:40.464,398.745,395.795,0.745,up,500,4,None,202,True,1
2026-04-17,09:31:40.501,398.7841,395.795,0.755,up,132,4,None,202,True,1
2026-04-17,09:31:40.698,398.6963,395.795,0.733,up,180,4,None,202,True,1
2026-04-17,09:31:40.750,398.685,395.795,0.73,up,100,4,None,202,True,1
2026-04-17,09:31:40.750,398.62,395.795,0.714,up,100,4,None,202,True,1
2026-04-17,09:31:40.752,398.5,395.795,0.683,up,165,4,None,202,True,1
2026-04-17,09:31:40.827,398.585,395.795,0.705,up,200,4,None,202,True,1
2026-04-17,09:31:40.847,398.585,395.795,0.705,up,150,4,None,202,True,1
2026-04-17,09:31:40.925,398.585,395.795,0.705,up,100,4,None,202,True,1
2026-04-17,09:31:40.928,398.67,395.795,0.726,up,120,4,None,202,True,1
2026-04-17,09:31:40.928,398.66,395.795,0.724,up,100,4,None,202,True,1
2026-04-17,09:31:40.928,398.66,395.795,0.724,up,100,4,None,202,True,1
2026-04-17,09:31:40.928,398.65,395.795,0.721,up,160,4,None,202,True,1
2026-04-17,09:31:40.929,398.67,395.795,0.726,up,100,4,None,202,True,1
2026-04-17,09:31:40.947,398.585,395.795,0.705,up,100,4,None,202,True,1
2026-04-17,09:31:40.965,398.585,395.795,0.705,up,100,4,None,202,True,1
2026-04-17,09:31:41.063,398.67,395.795,0.726,up,2258,4,None,202,True,1
2026-04-17,09:31:41.097,398.66,395.795,0.724,up,140,4,None,202,True,1
2026-04-17,09:31:41.166,398.595,395.795,0.707,up,200,4,None,202,True,1
2026-04-17,09:31:41.213,398.585,395.795,0.705,up,100,4,None,202,True,1
2026-04-17,09:31:41.241,398.57,395.795,0.701,up,500,4,None,202,True,1
2026-04-17,09:31:41.339,398.66,395.795,0.724,up,191,4,None,202,True,1
2026-04-17,09:31:41.382,398.5187,395.795,0.688,up,125,4,None,202,True,1
2026-04-17,09:31:41.527,398.6602,395.795,0.724,up,121,4,None,202,True,1
2026-04-17,09:31:41.545,398.67,395.795,0.726,up,599,4,None,202,True,1
2026-04-17,09:31:41.608,398.75,395.795,0.747,up,103,4,None,202,True,1
2026-04-17,09:31:41.633,398.6451,395.795,0.72,up,300,4,None,202,True,1
2026-04-17,09:31:41.673,398.6451,395.795,0.72,up,265,4,None,202,True,1
2026-04-17,09:31:41.676,398.7153,395.795,0.738,up,237,4,None,202,True,1
2026-04-17,09:31:41.682,398.77,395.795,0.752,up,120,4,None,202,True,1
2026-04-17,09:31:41.684,398.77,395.795,0.752,up,129,4,None,202,True,1
2026-04-17,09:31:41.697,398.71,395.795,0.736,up,100,4,None,202,True,1
2026-04-17,09:31:41.726,398.63,395.795,0.716,up,100,4,None,202,True,1
2026-04-17,09:31:41.727,398.7001,395.795,0.734,up,100,4,None,202,True,1
2026-04-17,09:31:41.745,398.7,395.795,0.734,up,100,4,None,202,True,1
2026-04-17,09:31:41.771,398.79,395.795,0.757,up,115,4,None,202,True,1
2026-04-17,09:31:41.774,398.73,395.795,0.742,up,155,4,None,202,True,1
2026-04-17,09:31:41.781,398.73,395.795,0.742,up,200,4,None,202,True,1
2026-04-17,09:31:41.804,398.79,395.795,0.757,up,200,4,None,202,True,1
2026-04-17,09:31:41.845,398.785,395.795,0.755,up,470,4,None,202,True,1
2026-04-17,09:31:41.850,398.9,395.795,0.784,up,1000,4,None,202,True,1
2026-04-17,09:31:41.862,398.6701,395.795,0.726,up,100,4,None,202,True,1
2026-04-17,09:31:40.368,398.7585,395.795,0.749,up,100,4,None,202,True,1
2026-04-17,09:31:41.955,398.8928,395.795,0.783,up,125,4,None,202,True,1
2026-04-17,09:31:41.997,398.845,395.795,0.771,up,100,4,None,202,True,1
2026-04-17,09:31:42.137,398.8999,395.795,0.784,up,100,4,None,202,True,1
2026-04-17,09:31:42.142,398.7931,395.795,0.757,up,400,4,None,202,True,1
2026-04-17,09:31:42.216,398.845,395.795,0.771,up,500,4,None,202,True,1
2026-04-17,09:31:42.347,398.899,395.795,0.784,up,160,4,None,202,True,1
2026-04-17,09:31:42.349,398.845,395.795,0.771,up,500,4,None,202,True,1
2026-04-17,09:31:42.439,398.79,395.795,0.757,up,100,4,None,202,True,1
2026-04-17,09:31:42.420,398.845,395.795,0.771,up,300,4,None,202,True,1
2026-04-17,09:31:42.503,398.889,395.795,0.782,up,280,4,None,202,True,1
2026-04-17,09:31:42.593,398.845,395.795,0.771,up,110,4,None,202,True,1
2026-04-17,09:31:42.651,398.9,395.795,0.784,up,100,4,None,202,True,1
2026-04-17,09:31:42.655,398.845,395.795,0.771,up,500,4,None,202,True,1
2026-04-17,09:31:42.679,398.845,395.795,0.771,up,200,4,None,202,True,1
2026-04-17,09:31:42.779,398.8742,395.795,0.778,up,245,4,None,202,True,1
2026-04-17,09:31:42.901,398.8499,395.795,0.772,up,380,4,None,202,True,1
2026-04-17,09:31:42.912,398.76,395.795,0.749,up,100,4,None,202,True,1
2026-04-17,09:31:43.058,398.7601,395.795,0.749,up,100,4,None,202,True,1
2026-04-17,09:31:43.069,398.7014,395.795,0.734,up,100,4,None,202,True,1
2026-04-17,09:31:43.103,398.67,395.795,0.726,up,100,4,None,202,True,1
2026-04-17,09:31:43.109,398.8499,395.795,0.772,up,600,4,None,202,True,1
2026-04-17,09:31:43.200,398.76,395.795,0.749,up,204,4,None,202,True,1
2026-04-17,09:31:43.232,398.8487,395.795,0.772,up,144,4,None,202,True,1
2026-04-17,09:31:43.237,398.8438,395.795,0.77,up,125,4,None,202,True,1
2026-04-17,09:31:43.244,398.8487,395.795,0.772,up,108,4,None,202,True,1
2026-04-17,09:31:43.267,398.76,395.795,0.749,up,251,4,None,202,True,1
2026-04-17,09:31:43.439,398.8192,395.795,0.764,up,250,4,None,202,True,1
2026-04-17,09:31:43.445,398.8499,395.795,0.772,up,444,4,None,202,True,1
2026-04-17,09:31:43.528,398.8804,395.795,0.78,up,100,4,None,202,True,1
2026-04-17,09:31:43.586,398.79,395.795,0.757,up,100,4,None,202,True,1
2026-04-17,09:31:43.591,398.79,395.795,0.757,up,100,4,None,202,True,1
2026-04-17,09:31:43.626,398.8999,395.795,0.784,up,142,4,None,201,True,1
2026-04-17,09:31:43.874,398.7324,395.795,0.742,up,500,4,None,202,True,1
2026-04-17,09:31:43.911,398.7588,395.795,0.749,up,114,4,None,202,True,1
2026-04-17,09:31:44.147,398.7601,395.795,0.749,up,100,4,None,202,True,1
2026-04-17,09:31:44.173,398.8495,395.795,0.772,up,181,4,None,202,True,1
2026-04-17,09:31:44.345,398.8656,395.795,0.776,up,112,4,None,202,True,1
2026-04-17,09:31:44.394,398.83,395.795,0.767,up,100,4,None,202,True,1
2026-04-17,09:31:44.404,398.79,395.795,0.757,up,120,4,None,202,True,1
2026-04-17,09:31:44.474,398.8699,395.795,0.777,up,100,4,None,202,True,1
2026-04-17,09:31:44.478,398.83,395.795,0.767,up,623,4,None,202,True,1
2026-04-17,09:31:44.492,398.83,395.795,0.767,up,184,4,None,202,True,1
2026-04-17,09:31:44.499,398.83,395.795,0.767,up,120,4,None,202,True,1
2026-04-17,09:31:44.539,398.899,395.795,0.784,up,542,4,None,202,True,1
2026-04-17,09:31:44.541,398.866,395.795,0.776,up,542,4,None,202,True,1
2026-04-17,09:31:44.547,398.885,395.795,0.781,up,530,4,None,202,True,1
2026-04-17,09:31:44.564,398.9762,395.795,0.804,up,116,4,None,202,True,1
2026-04-17,09:31:44.631,398.93,395.795,0.792,up,250,4,None,202,True,1
2026-04-17,09:31:44.848,398.9,395.795,0.784,up,100,4,None,202,True,1
2026-04-17,09:31:44.941,398.93,395.795,0.792,up,100,4,None,202,True,1
2026-04-17,09:31:45.117,398.855,395.795,0.773,up,100,4,None,202,True,1
2026-04-17,09:31:45.154,398.855,395.795,0.773,up,500,4,None,202,True,1
2026-04-17,09:31:45.207,398.855,395.795,0.773,up,500,4,None,202,True,1
2026-04-17,09:31:45.254,398.91,395.795,0.787,up,150,4,None,203,True,1
2026-04-17,09:31:45.288,398.9185,395.795,0.789,up,105,4,None,202,True,1
2026-04-17,09:31:45.364,398.855,395.795,0.773,up,200,4,None,203,True,1
2026-04-17,09:31:45.457,398.8177,395.795,0.764,up,100,4,None,202,True,1
2026-04-17,09:31:45.722,398.795,395.795,0.758,up,400,4,None,202,True,1
2026-04-17,09:31:45.823,398.79,395.795,0.757,up,247,4,None,202,True,1
2026-04-17,09:31:45.900,398.8,395.795,0.759,up,100,4,None,202,True,1
2026-04-17,09:31:45.917,398.8395,395.795,0.769,up,274,4,None,202,True,1
2026-04-17,09:31:45.919,398.79,395.795,0.757,up,121,4,None,202,True,1
2026-04-17,09:31:45.925,398.85,395.795,0.772,up,100,4,None,202,True,1
2026-04-17,09:31:45.925,398.8488,395.795,0.772,up,100,4,None,202,True,1
2026-04-17,09:31:45.925,398.8349,395.795,0.768,up,173,4,None,202,True,1
2026-04-17,09:31:45.925,398.85,395.795,0.772,up,173,4,None,202,True,1
2026-04-17,09:31:45.926,398.84,395.795,0.769,up,127,4,None,202,True,1
2026-04-17,09:31:45.940,398.85,395.795,0.772,up,165,4,None,202,True,1
2026-04-17,09:31:45.942,398.85,395.795,0.772,up,173,4,None,202,True,1
2026-04-17,09:31:45.944,398.93,395.795,0.792,up,146,4,None,202,True,1
2026-04-17,09:31:45.945,398.83,395.795,0.767,up,244,4,None,202,True,1
2026-04-17,09:31:45.971,398.7301,395.795,0.742,up,1500,4,None,202,True,1
2026-04-17,09:31:46.001,398.86,395.795,0.774,up,200,4,None,202,True,1
2026-04-17,09:31:45.989,398.85,395.795,0.772,up,100,4,None,203,True,1
2026-04-17,09:31:46.030,398.81,395.795,0.762,up,100,4,None,203,True,1
2026-04-17,09:31:46.064,398.8,395.795,0.759,up,100,4,None,202,True,1
2026-04-17,09:31:46.183,398.635,395.795,0.718,up,100,4,None,202,True,1
2026-04-17,09:31:46.240,398.6983,395.795,0.734,up,100,4,None,202,True,1
2026-04-17,09:31:46.286,398.655,395.795,0.723,up,1000,4,None,202,True,1
2026-04-17,09:31:46.312,398.72,395.795,0.739,up,100,4,None,202,True,1
2026-04-17,09:31:46.333,398.6,395.795,0.709,up,300,4,None,202,True,1
2026-04-17,09:31:46.378,398.6824,395.795,0.73,up,100,4,None,202,True,1
2026-04-17,09:31:46.400,398.64,395.795,0.719,up,100,4,None,202,True,1
2026-04-17,09:31:46.450,398.7135,395.795,0.737,up,376,4,None,202,True,1
2026-04-17,09:31:46.465,398.5601,395.795,0.699,up,150,4,None,202,True,1
2026-04-17,09:31:46.529,398.64,395.795,0.719,up,200,4,None,202,True,1
2026-04-17,09:31:46.559,398.64,395.795,0.719,up,430,4,None,202,True,1
2026-04-17,09:31:46.861,398.61,395.795,0.711,up,300,4,None,202,True,1
2026-04-17,09:31:46.950,398.6594,395.795,0.724,up,480,4,None,202,True,1
2026-04-17,09:31:46.973,398.66,395.795,0.724,up,500,4,None,202,True,1
2026-04-17,09:31:46.974,398.5711,395.795,0.701,up,100,4,None,202,True,1
2026-04-17,09:31:47.116,398.62,395.795,0.714,up,103,4,None,202,True,1
2026-04-17,09:31:47.131,398.66,395.795,0.724,up,200,4,None,202,True,1
2026-04-17,09:31:47.132,398.5808,395.795,0.704,up,100,4,None,202,True,1
2026-04-17,09:31:47.132,398.58,395.795,0.704,up,100,4,None,202,True,1
2026-04-17,09:31:47.132,398.5801,395.795,0.704,up,100,4,None,202,True,1
2026-04-17,09:31:47.187,398.615,395.795,0.712,up,190,4,None,202,True,1
2026-04-17,09:31:47.308,398.675,395.795,0.728,up,100,4,None,202,True,1
2026-04-17,09:31:47.451,398.655,395.795,0.723,up,167,4,None,202,True,1
2026-04-17,09:31:47.493,398.655,395.795,0.723,up,175,4,None,202,True,1
2026-04-17,09:31:47.532,398.7199,395.795,0.739,up,163,4,None,202,True,1
2026-04-17,09:31:47.529,398.5937,395.795,0.707,up,100,4,None,203,True,1
2026-04-17,09:31:47.571,398.66,395.795,0.724,up,100,4,None,202,True,1
2026-04-17,09:31:47.572,398.5901,395.795,0.706,up,150,4,None,202,True,1
2026-04-17,09:31:47.600,398.6601,395.795,0.724,up,100,4,None,202,True,1
2026-04-17,09:31:47.731,398.72,395.795,0.739,up,475,4,None,202,True,1
2026-04-17,09:31:47.743,398.5901,395.795,0.706,up,100,4,None,202,True,1
2026-04-17,09:31:47.744,398.5901,395.795,0.706,up,800,4,None,202,True,1
2026-04-17,09:31:47.821,398.655,395.795,0.723,up,100,4,None,202,True,1
2026-04-17,09:31:48.023,398.49,395.795,0.681,up,100,4,None,202,True,1
2026-04-17,09:31:48.024,398.49,395.795,0.681,up,100,4,None,202,True,1
2026-04-17,09:31:48.027,398.5,395.795,0.683,up,100,4,None,202,True,1
2026-04-17,09:31:48.220,398.495,395.795,0.682,up,100,4,None,202,True,1
2026-04-17,09:31:48.230,398.54,395.795,0.694,up,100,4,None,202,True,1
2026-04-17,09:31:48.231,398.495,395.795,0.682,up,200,4,None,202,True,1
2026-04-17,09:31:48.232,398.55,395.795,0.696,up,100,4,None,202,True,1
2026-04-17,09:31:48.232,398.539,395.795,0.693,up,100,4,None,202,True,1
2026-04-17,09:31:48.234,398.539,395.795,0.693,up,160,4,None,202,True,1
2026-04-17,09:31:48.235,398.57,395.795,0.701,up,100,4,None,202,True,1
2026-04-17,09:31:48.235,398.539,395.795,0.693,up,100,4,None,202,True,1
2026-04-17,09:31:48.235,398.539,395.795,0.693,up,160,4,None,202,True,1
2026-04-17,09:31:48.235,398.539,395.795,0.693,up,1540,4,None,202,True,1
2026-04-17,09:31:48.237,398.619,395.795,0.714,up,482,4,None,202,True,1
2026-04-17,09:31:48.232,398.55,395.795,0.696,up,160,4,None,202,True,1
2026-04-17,09:31:48.233,398.55,395.795,0.696,up,1540,4,None,202,True,1
2026-04-17,09:31:48.237,398.539,395.795,0.693,up,100,4,None,202,True,1
2026-04-17,09:31:48.237,398.545,395.795,0.695,up,154,4,None,202,True,1
2026-04-17,09:31:48.237,398.545,395.795,0.695,up,346,4,None,202,True,1
2026-04-17,09:31:48.238,398.539,395.795,0.693,up,120,4,None,202,True,1
2026-04-17,09:31:48.239,398.539,395.795,0.693,up,482,4,None,202,True,1
2026-04-17,09:31:48.240,398.6199,395.795,0.714,up,880,4,None,202,True,1
2026-04-17,09:31:48.253,398.535,395.795,0.692,up,100,4,None,203,True,1
2026-04-17,09:31:48.253,398.51,395.795,0.686,up,656,4,None,203,True,1
2026-04-17,09:31:48.360,398.5251,395.795,0.69,up,100,4,None,202,True,1
2026-04-17,09:31:48.372,398.54,395.795,0.694,up,500,4,None,202,True,1
2026-04-17,09:31:48.426,398.5403,395.795,0.694,up,250,4,None,202,True,1
2026-04-17,09:31:48.750,398.5051,395.795,0.685,up,100,4,None,202,True,1
2026-04-17,09:31:48.771,398.57,395.795,0.701,up,100,4,None,202,True,1
2026-04-17,09:31:48.807,398.505,395.795,0.685,up,400,4,None,202,True,1
2026-04-17,09:31:48.954,398.44,395.795,0.668,up,100,4,None,202,True,1
2026-04-17,09:31:48.964,398.39,395.795,0.656,up,700,4,None,202,True,1
2026-04-17,09:31:48.968,398.2,395.795,0.608,up,700,4,None,202,True,1
2026-04-17,09:31:48.980,398.17,395.795,0.6,up,200,4,None,203,True,1
2026-04-17,09:31:49.011,398.2399,395.795,0.618,up,100,4,None,202,True,1
2026-04-17,09:31:49.037,398.16,395.795,0.598,up,100,4,None,202,True,1
2026-04-17,09:31:49.153,398,395.795,0.557,up,115,4,None,202,True,1
2026-04-17,09:31:49.155,398.06,395.795,0.572,up,820,4,None,202,True,1
2026-04-17,09:31:49.224,398.08,395.795,0.577,up,100,4,None,202,True,1
2026-04-17,09:31:49.232,398.0801,395.795,0.577,up,262,4,None,202,True,1
2026-04-17,09:31:49.293,398.08,395.795,0.577,up,245,4,None,202,True,1
2026-04-17,09:31:49.566,398.0801,395.795,0.577,up,200,4,None,202,True,1
2026-04-17,09:31:49.610,398.0801,395.795,0.577,up,100,4,None,202,True,1
2026-04-17,09:31:49.124,398,395.795,0.557,up,100,4,None,201,True,1
2026-04-17,09:31:49.784,398.01,395.795,0.56,up,300,4,None,202,True,1
2026-04-17,09:31:49.827,398.0009,395.795,0.557,up,1000,4,None,202,True,1
2026-04-17,09:31:49.860,398.08,395.795,0.577,up,100,4,None,202,True,1
2026-04-17,09:31:49.937,398.08,395.795,0.577,up,175,4,None,202,True,1
2026-04-17,09:31:49.971,398.08,395.795,0.577,up,100,4,None,203,True,1
2026-04-17,09:31:50.089,398.0801,395.795,0.577,up,250,4,None,202,True,1
2026-04-17,09:31:50.100,398.08,395.795,0.577,up,100,4,None,202,True,1
2026-04-17,09:31:50.128,398.08,395.795,0.577,up,100,4,None,202,True,1
2026-04-17,09:31:50.144,398.0008,395.795,0.557,up,300,4,None,202,True,1
2026-04-17,09:31:50.156,397.99,395.795,0.555,up,150,4,None,202,True,1
2026-04-17,09:31:50.169,397.91,395.795,0.534,up,100,4,None,202,True,1
2026-04-17,09:31:50.179,397.9301,395.795,0.539,up,200,4,None,202,True,1
2026-04-17,09:31:50.293,398.03,395.795,0.565,up,100,4,None,202,True,1
2026-04-17,09:31:50.299,397.935,395.795,0.541,up,300,4,None,202,True,1
2026-04-17,09:31:50.350,397.9451,395.795,0.543,up,100,4,None,202,True,1
2026-04-17,09:31:50.392,398.04,395.795,0.567,up,100,4,None,202,True,1
2026-04-17,09:31:50.400,398.04,395.795,0.567,up,100,4,None,202,True,1
2026-04-17,09:31:50.401,398.04,395.795,0.567,up,1400,4,None,202,True,1
2026-04-17,09:31:50.500,398.04,395.795,0.567,up,400,4,None,202,True,1
2026-04-17,09:31:50.511,397.9575,395.795,0.546,up,201,4,None,202,True,1
2026-04-17,09:31:50.558,397.9501,395.795,0.544,up,150,4,None,202,True,1
2026-04-17,09:31:50.661,398,395.795,0.557,up,100,4,None,202,True,1
2026-04-17,09:31:50.737,398.05,395.795,0.57,up,160,4,None,202,True,1
2026-04-17,09:31:50.738,398.051,395.795,0.57,up,120,4,None,202,True,1
2026-04-17,09:31:50.739,398.0501,395.795,0.57,up,140,4,None,202,True,1
2026-04-17,09:31:50.739,398.0501,395.795,0.57,up,200,4,None,202,True,1
2026-04-17,09:31:50.762,398.01,395.795,0.56,up,110,4,None,202,True,1
2026-04-17,09:31:50.763,398.03,395.795,0.565,up,100,4,None,202,True,1
2026-04-17,09:31:50.776,397.94,395.795,0.542,up,128,4,None,202,True,1
2026-04-17,09:31:50.945,397.815,395.795,0.51,up,200,4,None,202,True,1
2026-04-17,09:31:49.913,398.1236,395.795,0.588,up,160,4,None,202,True,1
2026-04-17,09:31:50.950,397.79,395.795,0.504,up,120,4,None,203,True,1
2026-04-17,09:31:51.232,397.82,395.795,0.512,up,100,4,None,202,True,1
2026-04-17,09:31:51.253,397.8201,395.795,0.512,up,100,4,None,202,True,1
2026-04-17,09:31:51.306,397.795,395.795,0.505,up,100,4,None,202,True,1
2026-04-17,09:31:51.518,397.8599,395.795,0.522,up,320,4,None,202,True,1
2026-04-17,09:31:51.826,397.78,395.795,0.502,up,500,4,None,202,True,1
2026-04-17,09:31:50.087,398.056,395.795,0.571,up,200,4,None,202,True,1
2026-04-17,09:32:03.795,397.4899,395.445,0.517,up,100,4,None,202,True,1
2026-04-17,09:32:03.795,397.4899,395.445,0.517,up,250,4,None,202,True,1
2026-04-17,09:32:03.843,397.47,395.445,0.512,up,161,4,None,202,True,1
2026-04-17,09:32:03.846,397.48,395.445,0.515,up,200,4,None,202,True,1
2026-04-20,09:30:00.562,402.0201,404.125,0.521,down,118,4,None,201,True,1
2026-04-20,09:30:00.676,401.77,404.125,0.583,down,100,4,None,202,True,1
2026-04-20,09:30:00.632,401.83,404.125,0.568,down,160,4,None,202,True,1
2026-04-20,09:30:00.642,401.77,404.125,0.583,down,100,4,None,202,True,1
2026-04-20,09:30:01.231,401.87,404.125,0.558,down,120,4,None,202,True,1
2026-04-20,09:30:00.925,401.69,404.125,0.603,down,125,4,None,202,True,1
2026-04-20,09:30:01.013,402,404.125,0.526,down,100,4,None,202,True,1
2026-04-20,09:30:00.572,402,404.125,0.526,down,320,4,None,202,True,1
2026-04-20,09:30:42.439,406.15,404.125,0.501,up,2080,4,None,202,False,
2026-04-20,09:30:42.439,406.15,404.125,0.501,up,2440,4,None,202,False,
2026-04-20,09:30:42.439,406.15,404.125,0.501,up,3495,4,None,202,False,
2026-04-20,09:30:42.442,406.1499,404.125,0.501,up,125,4,None,202,False,
2026-04-20,09:30:42.469,406.25,404.125,0.526,up,1000,4,None,202,False,
2026-04-20,09:30:42.483,406.18,404.125,0.509,up,292,4,None,202,False,
2026-04-20,09:30:42.643,406.24,404.125,0.523,up,100,4,None,202,False,
2026-04-20,09:30:42.656,406.209,404.125,0.516,up,100,4,None,202,False,
2026-04-20,09:30:42.684,406.275,404.125,0.532,up,100,4,None,202,False,
2026-04-20,09:30:42.692,406.24,404.125,0.523,up,200,4,None,202,False,
2026-04-20,09:30:42.714,406.31,404.125,0.541,up,100,4,None,202,False,
2026-04-20,09:30:42.721,406.3313,404.125,0.546,up,200,4,None,202,False,
2026-04-20,09:30:42.786,406.3094,404.125,0.541,up,200,4,None,202,False,
2026-04-20,09:30:42.829,406.2722,404.125,0.531,up,100,4,None,202,False,
2026-04-20,09:30:43.032,406.1587,404.125,0.503,up,100,4,None,202,False,
2026-04-20,09:30:43.034,406.27,404.125,0.531,up,100,4,None,202,False,
2026-04-20,09:30:43.103,406.4,404.125,0.563,up,100,4,None,202,False,
2026-04-20,09:30:43.188,406.301,404.125,0.538,up,492,4,None,202,False,
2026-04-20,09:30:43.230,406.27,404.125,0.531,up,100,4,None,202,False,
2026-04-20,09:30:43.259,406.17,404.125,0.506,up,100,4,None,202,False,
2026-04-20,09:30:43.259,406.17,404.125,0.506,up,100,4,None,202,False,
2026-04-20,09:30:43.270,406.2899,404.125,0.536,up,1000,4,None,202,False,
2026-04-20,09:30:43.294,406.21,404.125,0.516,up,250,4,None,202,False,
2026-04-20,09:30:43.320,406.21,404.125,0.516,up,100,4,None,202,False,
2026-04-20,09:30:43.360,406.1501,404.125,0.501,up,650,4,None,202,False,
2026-04-20,09:30:43.362,406.22,404.125,0.518,up,242,4,None,202,False,
2026-04-20,09:30:43.400,406.2754,404.125,0.532,up,100,4,None,202,False,
2026-04-20,09:30:43.425,406.2811,404.125,0.534,up,112,4,None,202,False,
2026-04-20,09:30:43.600,406.2035,404.125,0.514,up,100,4,None,202,False,
2026-04-20,09:30:43.603,406.21,404.125,0.516,up,100,4,None,202,False,
2026-04-20,09:30:48.258,406.23,404.125,0.521,up,650,4,None,202,False,
2026-04-20,09:30:48.377,406.3,404.125,0.538,up,250,4,None,202,False,
2026-04-20,09:30:48.432,406.3,404.125,0.538,up,100,4,None,202,False,
2026-04-20,09:30:48.504,406.3,404.125,0.538,up,200,4,None,202,False,
2026-04-20,09:30:48.504,406.3,404.125,0.538,up,100,4,None,202,False,
2026-04-20,09:30:48.672,406.3698,404.125,0.555,up,419,4,None,202,False,
2026-04-20,09:30:48.673,406.285,404.125,0.534,up,100,4,None,202,False,
2026-04-20,09:30:48.673,406.3,404.125,0.538,up,200,4,None,202,False,
2026-04-20,09:30:48.815,406.2,404.125,0.513,up,190,4,None,202,False,
2026-04-20,09:30:48.947,406.425,404.125,0.569,up,203,4,None,202,False,
2026-04-20,09:30:49.042,406.425,404.125,0.569,up,200,4,None,202,False,
2026-04-20,09:30:49.133,406.425,404.125,0.569,up,100,4,None,202,False,
2026-04-20,09:30:49.229,406.5,404.125,0.588,up,100,4,None,202,False,
2026-04-20,09:30:49.229,406.48,404.125,0.583,up,580,4,None,202,False,
2026-04-20,09:30:49.229,406.51,404.125,0.59,up,100,4,None,201,False,
2026-04-20,09:30:49.228,406.46,404.125,0.578,up,330,4,None,203,False,
2026-04-20,09:30:49.352,406.705,404.125,0.638,up,200,4,None,202,False,
2026-04-20,09:30:49.352,406.72,404.125,0.642,up,200,4,None,202,False,
2026-04-20,09:30:49.384,406.685,404.125,0.633,up,100,4,None,202,False,
2026-04-20,09:30:49.391,406.6284,404.125,0.619,up,272,4,None,202,False,
2026-04-20,09:30:49.423,406.685,404.125,0.633,up,100,4,None,202,False,
2026-04-20,09:30:49.429,406.685,404.125,0.633,up,120,4,None,202,False,
2026-04-20,09:30:49.465,406.685,404.125,0.633,up,100,4,None,202,False,
2026-04-20,09:30:49.461,406.685,404.125,0.633,up,160,4,None,201,False,
2026-04-20,09:30:49.554,406.5701,404.125,0.605,up,850,4,None,202,False,
2026-04-20,09:30:49.565,406.675,404.125,0.631,up,350,4,None,202,False,
2026-04-20,09:30:49.567,406.675,404.125,0.631,up,250,4,None,202,False,
2026-04-20,09:30:49.572,406.7012,404.125,0.637,up,100,4,None,202,False,
2026-04-20,09:30:49.631,406.655,404.125,0.626,up,100,4,None,202,False,
2026-04-20,09:30:49.639,406.76,404.125,0.652,up,100,4,None,202,False,
2026-04-20,09:30:49.648,406.5511,404.125,0.6,up,300,4,None,202,False,
2026-04-20,09:30:49.652,406.56,404.125,0.603,up,400,4,None,202,False,
2026-04-20,09:30:49.740,406.6,404.125,0.612,up,100,4,None,202,False,
2026-04-20,09:30:49.840,406.441,404.125,0.573,up,701,4,None,202,False,
2026-04-20,09:30:49.891,406.44,404.125,0.573,up,100,4,None,202,False,
2026-04-20,09:30:49.908,406.6,404.125,0.612,up,360,4,None,202,False,
2026-04-20,09:30:49.989,406.6,404.125,0.612,up,100,4,None,202,False,
2026-04-20,09:30:50.004,406.42,404.125,0.568,up,117,4,None,202,False,
2026-04-20,09:30:50.125,406.4477,404.125,0.575,up,200,4,None,202,False,
2026-04-20,09:30:49.233,406.51,404.125,0.59,up,260,4,None,202,False,
2026-04-20,09:30:50.234,406.53,404.125,0.595,up,100,4,None,202,False,
2026-04-20,09:30:50.274,406.69,404.125,0.635,up,100,4,None,202,False,
2026-04-20,09:30:50.321,406.51,404.125,0.59,up,395,4,None,202,False,
2026-04-20,09:30:50.410,406.4477,404.125,0.575,up,200,4,None,202,False,
2026-04-20,09:30:50.535,406.4736,404.125,0.581,up,100,4,None,201,False,
2026-04-20,09:30:50.604,406.53,404.125,0.595,up,100,4,None,202,False,
2026-04-20,09:30:50.842,406.44,404.125,0.573,up,100,4,None,202,False,
2026-04-20,09:30:50.854,406.5077,404.125,0.59,up,100,4,None,202,False,
2026-04-20,09:30:50.962,406.36,404.125,0.553,up,100,4,None,202,False,
2026-04-20,09:30:50.962,406.36,404.125,0.553,up,510,4,None,202,False,
2026-04-20,09:30:50.980,406.36,404.125,0.553,up,100,4,None,202,False,
2026-04-20,09:30:51.087,406.3697,404.125,0.555,up,300,4,None,202,False,
2026-04-20,09:30:51.133,406.6999,404.125,0.637,up,500,4,None,202,False,
2026-04-20,09:30:49.580,406.6375,404.125,0.622,up,200,4,None,202,False,
2026-04-20,09:30:51.078,406.485,404.125,0.584,up,200,4,None,202,False,
2026-04-20,09:30:51.188,406.6999,404.125,0.637,up,1245,4,None,202,False,
2026-04-20,09:30:51.195,406.485,404.125,0.584,up,250,4,None,202,False,
2026-04-20,09:30:50.955,406.367,404.125,0.555,up,120,4,None,202,False,
2026-04-20,09:30:51.241,406.2701,404.125,0.531,up,200,4,None,202,False,
2026-04-20,09:30:51.268,406.27,404.125,0.531,up,100,4,None,202,False,
2026-04-20,09:30:51.350,406.69,404.125,0.635,up,100,4,None,202,False,
2026-04-20,09:30:51.373,406.3697,404.125,0.555,up,300,4,None,202,False,
2026-04-20,09:30:51.411,406.3668,404.125,0.555,up,400,4,None,202,False,
2026-04-20,09:30:51.412,406.485,404.125,0.584,up,1000,4,None,202,False,
2026-04-20,09:30:51.027,406.485,404.125,0.584,up,100,4,None,201,False,
2026-04-20,09:30:51.482,406.485,404.125,0.584,up,100,4,None,202,False,
2026-04-20,09:30:51.517,406.485,404.125,0.584,up,950,4,None,202,False,
2026-04-20,09:30:51.603,406.2701,404.125,0.531,up,1000,4,None,202,False,
2026-04-20,09:30:51.646,406.485,404.125,0.584,up,100,4,None,202,False,
2026-04-20,09:30:51.865,406.3701,404.125,0.556,up,100,4,None,202,False,
2026-04-20,09:30:51.895,406.4485,404.125,0.575,up,215,4,None,202,False,
2026-04-20,09:30:51.896,406.4488,404.125,0.575,up,200,4,None,202,False,
2026-04-20,09:30:51.904,406.535,404.125,0.596,up,100,4,None,202,False,
2026-04-20,09:30:52.043,406.585,404.125,0.609,up,100,4,None,202,False,
2026-04-20,09:30:52.065,406.3701,404.125,0.556,up,500,4,None,202,False,
2026-04-20,09:30:52.049,406.38,404.125,0.558,up,120,4,None,203,False,
2026-04-20,09:30:52.011,406.585,404.125,0.609,up,100,4,None,202,False,
2026-04-20,09:30:52.190,406.4001,404.125,0.563,up,500,4,None,202,False,
2026-04-20,09:30:52.238,406.6,404.125,0.612,up,100,4,None,202,False,
2026-04-20,09:30:52.372,406.49,404.125,0.585,up,100,4,None,202,False,
2026-04-20,09:30:52.485,406.5799,404.125,0.607,up,200,4,None,202,False,
2026-04-20,09:30:52.525,406.4563,404.125,0.577,up,100,4,None,202,False,
2026-04-20,09:30:52.557,406.4,404.125,0.563,up,107,4,None,202,False,
2026-04-20,09:30:52.557,406.4,404.125,0.563,up,123,4,None,202,False,
2026-04-20,09:30:52.643,406.4001,404.125,0.563,up,840,4,None,202,False,
2026-04-20,09:30:52.664,406.4,404.125,0.563,up,150,4,None,202,False,
2026-04-20,09:30:52.764,406.49,404.125,0.585,up,100,4,None,202,False,
2026-04-20,09:30:53.078,406.34,404.125,0.548,up,300,4,None,201,False,
2026-04-20,09:30:53.166,406.398,404.125,0.562,up,196,4,None,202,False,
2026-04-20,09:30:53.176,406.33,404.125,0.546,up,300,4,None,202,False,
2026-04-20,09:30:53.237,406.2192,404.125,0.518,up,100,4,None,202,False,
2026-04-20,09:30:53.299,406.305,404.125,0.539,up,160,4,None,202,False,
2026-04-20,09:30:53.299,406.305,404.125,0.539,up,120,4,None,202,False,
2026-04-20,09:30:53.299,406.305,404.125,0.539,up,200,4,None,202,False,
2026-04-20,09:30:53.299,406.305,404.125,0.539,up,120,4,None,202,False,
2026-04-20,09:30:53.334,406.3075,404.125,0.54,up,100,4,None,202,False,
2026-04-20,09:30:53.385,406.305,404.125,0.539,up,100,4,None,202,False,
2026-04-20,09:30:53.392,406.305,404.125,0.539,up,100,4,None,202,False,
2026-04-20,09:30:53.430,406.305,404.125,0.539,up,100,4,None,202,False,
2026-04-20,09:30:53.525,406.305,404.125,0.539,up,200,4,None,202,False,
2026-04-20,09:30:53.558,406.4099,404.125,0.565,up,160,4,None,202,False,
2026-04-20,09:30:53.661,406.305,404.125,0.539,up,133,4,None,202,False,
2026-04-20,09:30:53.704,406.305,404.125,0.539,up,100,4,None,202,False,
2026-04-20,09:30:53.839,406.305,404.125,0.539,up,110,4,None,202,False,
2026-04-20,09:30:53.928,406.275,404.125,0.532,up,100,4,None,202,False,
2026-04-20,09:30:53.976,406.275,404.125,0.532,up,118,4,None,202,False,
2026-04-20,09:30:54.083,406.275,404.125,0.532,up,100,4,None,202,False,
2026-04-20,09:30:54.083,406.41,404.125,0.565,up,100,4,None,202,False,
2026-04-20,09:30:54.119,406.27,404.125,0.531,up,100,4,None,202,False,
2026-04-20,09:30:54.188,406.255,404.125,0.527,up,100,4,None,202,False,
2026-04-20,09:30:54.209,406.255,404.125,0.527,up,100,4,None,202,False,
2026-04-20,09:30:54.289,406.255,404.125,0.527,up,100,4,None,202,False,
2026-04-20,09:30:54.313,406.255,404.125,0.527,up,350,4,None,202,False,
2026-04-20,09:30:54.336,406.15,404.125,0.501,up,360,4,None,203,False,
2026-04-20,09:30:54.179,406.255,404.125,0.527,up,200,4,None,202,False,
2026-04-20,09:31:39.198,401.86,403.9007,0.505,down,100,4,None,202,True,1
2026-04-20,09:31:39.224,401.86,403.9007,0.505,down,100,4,None,202,True,1
2026-04-20,09:31:39.332,401.86,403.9007,0.505,down,120,4,None,203,True,1
2026-04-20,09:31:39.407,401.74,403.9007,0.535,down,100,4,None,202,True,1
2026-04-20,09:31:39.409,401.68,403.9007,0.55,down,846,4,None,202,True,1
2026-04-20,09:31:39.419,401.66,403.9007,0.555,down,300,4,None,202,True,1
2026-04-20,09:31:39.256,401.86,403.9007,0.505,down,100,4,None,202,True,1
2026-04-20,09:31:39.444,401.56,403.9007,0.58,down,160,4,None,202,True,1
2026-04-20,09:31:39.449,401.58,403.9007,0.575,down,600,4,None,202,True,1
2026-04-20,09:31:39.456,401.7,403.9007,0.545,down,400,4,None,202,True,1
2026-04-20,09:31:39.524,401.765,403.9007,0.529,down,148,4,None,202,True,1
2026-04-20,09:31:39.650,401.8,403.9007,0.52,down,100,4,None,202,True,1
2026-04-20,09:31:39.741,401.74,403.9007,0.535,down,100,4,None,203,True,1
2026-04-20,09:31:39.742,401.7448,403.9007,0.534,down,100,4,None,203,True,1
2026-04-20,09:31:39.921,401.6641,403.9007,0.554,down,400,4,None,202,True,1
2026-04-20,09:31:39.945,401.6664,403.9007,0.553,down,200,4,None,202,True,1
2026-04-20,09:31:39.977,401.6625,403.9007,0.554,down,100,4,None,202,True,1
2026-04-20,09:31:40.224,401.81,403.9007,0.518,down,100,4,None,202,True,1
2026-04-20,09:31:40.308,401.81,403.9007,0.518,down,200,4,None,202,True,1
2026-04-20,09:31:40.357,401.75,403.9007,0.532,down,100,4,None,202,True,1
2026-04-20,09:31:40.426,401.81,403.9007,0.518,down,200,4,None,202,True,1
2026-04-20,09:31:40.443,401.76,403.9007,0.53,down,140,4,None,202,True,1
2026-04-20,09:31:40.587,401.68,403.9007,0.55,down,100,4,None,202,True,1
2026-04-20,09:31:40.863,401.7301,403.9007,0.537,down,120,4,None,202,True,1
2026-04-20,09:31:40.898,401.7357,403.9007,0.536,down,150,4,None,202,True,1
2026-04-20,09:31:42.447,401.835,403.9007,0.511,down,530,4,None,202,True,1
2026-04-20,09:31:42.537,401.835,403.9007,0.511,down,100,4,None,202,True,1
2026-04-20,09:31:42.629,401.83,403.9007,0.513,down,1500,4,None,202,True,1
2026-04-20,09:31:42.644,401.83,403.9007,0.513,down,100,4,None,202,True,1
2026-04-20,09:31:42.720,401.86,403.9007,0.505,down,100,4,None,202,True,1
2026-04-20,09:31:44.911,401.875,403.9007,0.502,down,100,4,None,202,True,1
2026-04-20,09:31:45.268,401.82,403.9007,0.515,down,347,4,None,202,True,1
2026-04-20,09:31:53.453,401.88,403.9007,0.5,down,400,4,None,202,True,1
2026-04-20,09:31:53.554,401.8072,403.9007,0.518,down,100,4,None,202,True,1
2026-04-20,09:31:53.617,401.8101,403.9007,0.518,down,300,4,None,202,True,1
2026-04-23,09:30:08.127,372.05,373.9775,0.515,down,320,4,None,202,True,1
2026-04-23,09:30:08.146,372.02,373.9775,0.523,down,110,4,None,202,True,1
2026-04-23,09:30:08.151,372.06,373.9775,0.513,down,100,4,None,202,True,1
2026-04-23,09:30:08.150,372,373.9775,0.529,down,120,4,None,202,True,1
2026-04-23,09:30:08.164,372.0012,373.9775,0.528,down,200,4,None,202,True,1
2026-04-23,09:30:08.179,372,373.9775,0.529,down,500,4,None,202,True,1
2026-04-23,09:30:08.179,372,373.9775,0.529,down,1000,4,None,202,True,1
2026-04-23,09:30:08.179,372,373.9775,0.529,down,1000,4,None,202,True,1
2026-04-23,09:30:08.284,372.0795,373.9775,0.508,down,350,4,None,202,True,1
2026-04-23,09:30:08.440,372.01,373.9775,0.526,down,440,4,None,202,True,1
2026-04-23,09:30:08.499,372.01,373.9775,0.526,down,300,4,None,202,True,1
2026-04-23,09:30:08.520,372.0659,373.9775,0.511,down,250,4,None,202,True,1
2026-04-23,09:30:08.595,372.0001,373.9775,0.529,down,150,4,None,202,True,1
2026-04-23,09:30:08.634,372.0001,373.9775,0.529,down,100,4,None,202,True,1
2026-04-23,09:30:08.668,372,373.9775,0.529,down,150,4,None,202,True,1
2026-04-23,09:30:08.829,372.02,373.9775,0.523,down,100,4,None,202,True,1
2026-04-23,09:30:08.872,372.01,373.9775,0.526,down,150,4,None,202,True,1
2026-04-23,09:30:08.959,372.0101,373.9775,0.526,down,100,4,None,202,True,1
2026-04-23,09:30:09.063,372.1,373.9775,0.502,down,100,4,None,202,True,1
2026-04-23,09:30:09.079,372.09,373.9775,0.505,down,145,4,None,202,True,1
2026-04-23,09:30:08.157,372,373.9775,0.529,down,320,4,None,202,True,1
2026-04-23,09:30:13.643,372.0001,373.9775,0.529,down,1200,4,None,202,True,1
2026-04-23,09:30:13.662,372.0901,373.9775,0.505,down,200,4,None,202,True,1
2026-04-23,09:30:14.293,372.092,373.9775,0.504,down,250,4,None,202,True,1
2026-04-23,09:30:14.506,372.0901,373.9775,0.505,down,100,4,None,202,True,1
2026-04-23,09:30:14.575,372.0901,373.9775,0.505,down,100,4,None,202,True,1
2026-04-23,09:30:14.607,372.09,373.9775,0.505,down,280,4,None,202,True,1
2026-04-23,09:30:14.653,372.065,373.9775,0.511,down,100,4,None,202,True,1
2026-04-23,09:30:14.705,372.065,373.9775,0.511,down,100,4,None,202,True,1
2026-04-23,09:30:14.732,372.065,373.9775,0.511,down,100,4,None,202,True,1
2026-04-23,09:30:20.284,372.09,373.9775,0.505,down,247,4,None,202,True,1
2026-04-23,09:30:20.288,372.09,373.9775,0.505,down,200,4,None,202,True,1
2026-04-23,09:30:20.296,372.04,373.9775,0.518,down,100,4,None,202,True,1
2026-04-23,09:30:20.316,371.98,373.9775,0.534,down,100,4,None,202,True,1
2026-04-23,09:30:20.307,372.01,373.9775,0.526,down,200,4,None,201,True,1
2026-04-23,09:30:20.336,371.98,373.9775,0.534,down,100,4,None,202,True,1
2026-04-23,09:30:20.336,372.02,373.9775,0.523,down,120,4,None,202,True,1
2026-04-23,09:30:20.408,372.01,373.9775,0.526,down,1800,4,None,202,True,1
2026-04-23,09:30:20.444,372.1,373.9775,0.502,down,160,4,None,202,True,1
2026-04-23,09:30:20.449,372.09,373.9775,0.505,down,250,4,None,202,True,1
2026-04-23,09:30:20.677,371.6148,373.9775,0.632,down,167,4,None,202,True,1
2026-04-23,09:30:20.742,371.64,373.9775,0.625,down,158,4,None,202,True,1
2026-04-23,09:30:20.796,371.6101,373.9775,0.633,down,200,4,None,202,True,1
2026-04-23,09:30:20.803,371.805,373.9775,0.581,down,151,4,None,202,True,1
2026-04-23,09:30:20.852,371.75,373.9775,0.596,down,200,4,None,202,True,1
2026-04-23,09:30:20.876,371.8899,373.9775,0.558,down,100,4,None,202,True,1
2026-04-23,09:30:20.924,371.62,373.9775,0.63,down,100,4,None,202,True,1
2026-04-23,09:30:21.145,371.7748,373.9775,0.589,down,100,4,None,202,True,1
2026-04-23,09:30:21.249,371.725,373.9775,0.602,down,100,4,None,202,True,1
2026-04-23,09:30:21.279,371.735,373.9775,0.6,down,300,4,None,202,True,1
2026-04-23,09:30:21.444,371.56,373.9775,0.646,down,100,4,None,202,True,1
2026-04-23,09:30:21.449,371.56,373.9775,0.646,down,212,4,None,202,True,1
2026-04-23,09:30:21.510,371.7999,373.9775,0.582,down,100,4,None,202,True,1
2026-04-23,09:30:21.546,371.8799,373.9775,0.561,down,100,4,None,202,True,1
2026-04-23,09:30:21.597,371.74,373.9775,0.598,down,100,4,None,202,True,1
2026-04-23,09:30:21.624,371.98,373.9775,0.534,down,115,4,None,202,True,1
2026-04-23,09:30:21.681,371.77,373.9775,0.59,down,100,4,None,202,True,1
2026-04-23,09:30:21.695,371.87,373.9775,0.564,down,100,4,None,202,True,1
2026-04-23,09:30:21.780,371.89,373.9775,0.558,down,150,4,None,202,True,1
2026-04-23,09:30:21.792,371.8,373.9775,0.582,down,100,4,None,202,True,1
2026-04-23,09:30:21.792,371.855,373.9775,0.568,down,100,4,None,202,True,1
2026-04-23,09:30:21.792,371.8,373.9775,0.582,down,100,4,None,202,True,1
2026-04-23,09:30:21.805,371.83,373.9775,0.574,down,100,4,None,202,True,1
2026-04-23,09:30:21.871,371.785,373.9775,0.586,down,138,4,None,202,True,1
2026-04-23,09:30:21.895,372,373.9775,0.529,down,100,4,None,202,True,1
2026-04-23,09:30:22.004,371.95,373.9775,0.542,down,100,4,None,202,True,1
2026-04-23,09:30:22.366,372.07,373.9775,0.51,down,100,4,None,202,True,1
2026-04-23,09:30:22.368,372.0173,373.9775,0.524,down,180,4,None,202,True,1
2026-04-23,09:30:22.411,372.07,373.9775,0.51,down,1720,4,None,202,True,1
2026-04-23,09:30:22.445,371.9886,373.9775,0.532,down,120,4,None,202,True,1
2026-04-23,09:30:22.458,372.07,373.9775,0.51,down,100,4,None,202,True,1
2026-04-23,09:30:22.546,372.07,373.9775,0.51,down,100,4,None,202,True,1
2026-04-23,09:30:22.556,371.91,373.9775,0.553,down,400,4,None,202,True,1
2026-04-23,09:30:22.556,371.91,373.9775,0.553,down,200,4,None,202,True,1
2026-04-23,09:30:22.556,371.91,373.9775,0.553,down,100,4,None,202,True,1
2026-04-23,09:30:22.556,371.92,373.9775,0.55,down,400,4,None,202,True,1
2026-04-23,09:30:22.556,371.91,373.9775,0.553,down,140,4,None,202,True,1
2026-04-23,09:30:22.554,371.91,373.9775,0.553,down,620,4,None,203,True,1
2026-04-23,09:30:22.583,371.7401,373.9775,0.598,down,100,4,None,202,True,1
2026-04-23,09:30:22.685,372.0446,373.9775,0.517,down,500,4,None,202,True,1
2026-04-23,09:30:22.762,371.775,373.9775,0.589,down,100,4,None,202,True,1
2026-04-23,09:30:22.811,371.94,373.9775,0.545,down,134,4,None,202,True,1
2026-04-23,09:30:22.872,371.955,373.9775,0.541,down,100,4,None,202,True,1
2026-04-23,09:30:22.969,372.0381,373.9775,0.519,down,100,4,None,202,True,1
2026-04-23,09:30:23.158,372,373.9775,0.529,down,160,4,None,202,True,1
2026-04-23,09:30:23.227,371.8998,373.9775,0.556,down,100,4,None,202,True,1
2026-04-23,09:30:23.268,371.909,373.9775,0.553,down,100,4,None,202,True,1
2026-04-23,09:30:23.438,371.755,373.9775,0.594,down,260,4,None,202,True,1
2026-04-23,09:30:23.503,371.76,373.9775,0.593,down,100,4,None,202,True,1
2026-04-23,09:30:23.604,371.76,373.9775,0.593,down,1000,4,None,202,True,1
2026-04-23,09:30:23.656,371.9099,373.9775,0.553,down,800,4,None,202,True,1
2026-04-23,09:30:23.663,371.8405,373.9775,0.571,down,300,4,None,202,True,1
2026-04-23,09:30:23.704,371.76,373.9775,0.593,down,100,4,None,202,True,1
2026-04-23,09:30:23.707,371.76,373.9775,0.593,down,100,4,None,202,True,1
2026-04-23,09:30:23.796,371.9099,373.9775,0.553,down,500,4,None,202,True,1
2026-04-23,09:30:23.801,371.62,373.9775,0.63,down,200,4,None,202,True,1
2026-04-23,09:30:23.854,371.75,373.9775,0.596,down,100,4,None,202,True,1
2026-04-23,09:30:24.006,371.62,373.9775,0.63,down,100,4,None,202,True,1
2026-04-23,09:30:24.017,371.7601,373.9775,0.593,down,100,4,None,202,True,1
2026-04-23,09:30:24.027,371.8172,373.9775,0.578,down,100,4,None,202,True,1
2026-04-23,09:30:24.213,371.635,373.9775,0.626,down,100,4,None,202,True,1
2026-04-23,09:30:24.232,371.6506,373.9775,0.622,down,500,4,None,202,True,1
2026-04-23,09:30:24.270,371.76,373.9775,0.593,down,100,4,None,202,True,1
2026-04-23,09:30:24.269,371.51,373.9775,0.66,down,100,4,None,202,True,1
2026-04-23,09:30:24.270,371.635,373.9775,0.626,down,100,4,None,202,True,1
2026-04-23,09:30:24.320,371.41,373.9775,0.687,down,500,4,None,202,True,1
2026-04-23,09:30:24.366,371.26,373.9775,0.727,down,160,4,None,202,True,1
2026-04-23,09:30:24.367,371.26,373.9775,0.727,down,160,4,None,202,True,1
2026-04-23,09:30:24.366,371.26,373.9775,0.727,down,120,4,None,202,True,1
2026-04-23,09:30:24.371,371.22,373.9775,0.737,down,160,4,None,202,True,1
2026-04-23,09:30:24.372,371.26,373.9775,0.727,down,160,4,None,202,True,1
2026-04-23,09:30:24.383,371.26,373.9775,0.727,down,214,4,None,202,True,1
2026-04-23,09:30:24.422,371.225,373.9775,0.736,down,400,4,None,202,True,1
2026-04-23,09:30:24.425,371.2325,373.9775,0.734,down,100,4,None,202,True,1
2026-04-23,09:30:24.425,371.2325,373.9775,0.734,down,100,4,None,202,True,1
2026-04-23,09:30:24.462,371.255,373.9775,0.728,down,120,4,None,202,True,1
2026-04-23,09:30:24.462,371.255,373.9775,0.728,down,102,4,None,202,True,1
2026-04-23,09:30:24.503,371.255,373.9775,0.728,down,200,4,None,202,True,1
2026-04-23,09:30:24.533,371.38,373.9775,0.695,down,200,4,None,202,True,1
2026-04-23,09:30:24.572,371.29,373.9775,0.719,down,100,4,None,202,True,1
2026-04-23,09:30:24.586,371.38,373.9775,0.695,down,108,4,None,201,True,1
2026-04-23,09:30:24.624,371.51,373.9775,0.66,down,120,4,None,202,True,1
2026-04-23,09:30:24.626,371.38,373.9775,0.695,down,300,4,None,202,True,1
2026-04-23,09:30:24.702,371.41,373.9775,0.687,down,300,4,None,202,True,1
2026-04-23,09:30:24.704,371.3125,373.9775,0.713,down,165,4,None,202,True,1
2026-04-23,09:30:24.756,371.47,373.9775,0.671,down,134,4,None,202,True,1
2026-04-23,09:30:24.794,371.4898,373.9775,0.665,down,100,4,None,202,True,1
2026-04-23,09:30:24.835,371.38,373.9775,0.695,down,100,4,None,202,True,1
2026-04-23,09:30:24.904,371.41,373.9775,0.687,down,102,4,None,202,True,1
2026-04-23,09:30:24.903,371.32,373.9775,0.711,down,120,4,None,203,True,1
2026-04-23,09:30:24.971,371.335,373.9775,0.707,down,100,4,None,202,True,1
2026-04-23,09:30:24.987,371.39,373.9775,0.692,down,200,4,None,202,True,1
2026-04-23,09:30:25.037,371.335,373.9775,0.707,down,120,4,None,202,True,1
2026-04-23,09:30:25.041,371.24,373.9775,0.732,down,100,4,None,202,True,1
2026-04-23,09:30:25.054,371.4299,373.9775,0.681,down,250,4,None,202,True,1
2026-04-23,09:30:25.094,371.68,373.9775,0.614,down,100,4,None,202,True,1
2026-04-23,09:30:25.094,371.63,373.9775,0.628,down,100,4,None,202,True,1
2026-04-23,09:30:25.095,371.68,373.9775,0.614,down,100,4,None,202,True,1
2026-04-23,09:30:25.095,371.63,373.9775,0.628,down,100,4,None,202,True,1
2026-04-23,09:30:25.094,371.47,373.9775,0.671,down,466,4,None,203,True,1
2026-04-23,09:30:25.184,371.73,373.9775,0.601,down,100,4,None,202,True,1
2026-04-23,09:30:25.258,371.5935,373.9775,0.637,down,210,4,None,202,True,1
2026-04-23,09:30:25.261,371.545,373.9775,0.65,down,100,4,None,202,True,1
2026-04-23,09:30:25.274,371.73,373.9775,0.601,down,200,4,None,202,True,1
2026-04-23,09:30:25.284,371.54,373.9775,0.652,down,100,4,None,202,True,1
2026-04-23,09:30:25.295,371.55,373.9775,0.649,down,100,4,None,202,True,1
2026-04-23,09:30:25.301,371.73,373.9775,0.601,down,200,4,None,202,True,1
2026-04-23,09:30:25.320,371.54,373.9775,0.652,down,200,4,None,202,True,1
2026-04-23,09:30:25.328,371.73,373.9775,0.601,down,139,4,None,202,True,1
2026-04-23,09:30:25.329,371.73,373.9775,0.601,down,100,4,None,202,True,1
2026-04-23,09:30:25.390,371.53,373.9775,0.654,down,100,4,None,202,True,1
2026-04-23,09:30:25.501,371.5755,373.9775,0.642,down,160,4,None,202,True,1
2026-04-23,09:30:25.560,371.6601,373.9775,0.62,down,400,4,None,202,True,1
2026-04-23,09:30:25.668,371.5509,373.9775,0.649,down,100,4,None,202,True,1
2026-04-23,09:30:25.672,371.5324,373.9775,0.654,down,200,4,None,202,True,1
2026-04-23,09:30:25.690,371.7899,373.9775,0.585,down,150,4,None,202,True,1
2026-04-23,09:30:25.836,371.66,373.9775,0.62,down,400,4,None,201,True,1
2026-04-23,09:30:25.917,371.65,373.9775,0.622,down,150,4,None,202,True,1
2026-04-23,09:30:25.992,371.5324,373.9775,0.654,down,120,4,None,202,True,1
2026-04-23,09:30:26.034,371.6501,373.9775,0.622,down,100,4,None,202,True,1
2026-04-23,09:30:26.096,371.65,373.9775,0.622,down,300,4,None,202,True,1
2026-04-23,09:30:26.128,371.54,373.9775,0.652,down,100,4,None,202,True,1
2026-04-23,09:30:26.200,371.7688,373.9775,0.591,down,250,4,None,202,True,1
2026-04-23,09:30:26.262,371.77,373.9775,0.59,down,672,4,None,202,True,1
2026-04-23,09:30:26.358,371.5101,373.9775,0.66,down,496,4,None,202,True,1
2026-04-23,09:30:26.395,371.5477,373.9775,0.65,down,100,4,None,202,True,1
2026-04-23,09:30:26.421,371.485,373.9775,0.666,down,100,4,None,202,True,1
2026-04-23,09:30:26.434,371.465,373.9775,0.672,down,100,4,None,202,True,1
2026-04-23,09:30:26.475,371.345,373.9775,0.704,down,100,4,None,202,True,1
2026-04-23,09:30:26.475,371.345,373.9775,0.704,down,100,4,None,202,True,1
2026-04-23,09:30:26.480,371.34,373.9775,0.705,down,200,4,None,202,True,1
2026-04-23,09:30:26.492,371.35,373.9775,0.703,down,240,4,None,202,True,1
2026-04-23,09:30:26.523,371.41,373.9775,0.687,down,192,4,None,202,True,1
2026-04-23,09:30:26.574,371.49,373.9775,0.665,down,100,4,None,202,True,1
2026-04-23,09:30:26.611,371.41,373.9775,0.687,down,124,4,None,202,True,1
2026-04-23,09:30:26.612,371.41,373.9775,0.687,down,200,4,None,202,True,1
2026-04-23,09:30:26.612,371.41,373.9775,0.687,down,2576,4,None,202,True,1
2026-04-23,09:30:26.671,371.6,373.9775,0.636,down,100,4,None,202,True,1
2026-04-23,09:30:26.671,371.61,373.9775,0.633,down,100,4,None,202,True,1
2026-04-23,09:30:26.671,371.61,373.9775,0.633,down,100,4,None,202,True,1
2026-04-23,09:30:26.671,371.615,373.9775,0.632,down,100,4,None,202,True,1
2026-04-23,09:30:26.677,371.4,373.9775,0.689,down,126,4,None,202,True,1
2026-04-23,09:30:26.845,371.365,373.9775,0.699,down,100,4,None,202,True,1
2026-04-23,09:30:26.845,371.52,373.9775,0.657,down,208,4,None,202,True,1
2026-04-23,09:30:26.872,371.4467,373.9775,0.677,down,100,4,None,202,True,1
2026-04-23,09:30:26.894,371.53,373.9775,0.654,down,200,4,None,202,True,1
2026-04-23,09:30:26.905,371.53,373.9775,0.654,down,100,4,None,202,True,1
2026-04-23,09:30:26.944,371.38,373.9775,0.695,down,100,4,None,202,True,1
2026-04-23,09:30:26.948,371.36,373.9775,0.7,down,200,4,None,202,True,1
2026-04-23,09:30:27.106,371.3201,373.9775,0.711,down,120,4,None,202,True,1
2026-04-23,09:30:27.200,371.3301,373.9775,0.708,down,100,4,None,202,True,1
2026-04-23,09:30:27.318,371.55,373.9775,0.649,down,100,4,None,202,True,1
2026-04-23,09:30:27.334,371.55,373.9775,0.649,down,320,4,None,202,True,1
2026-04-23,09:30:27.347,371.418,373.9775,0.684,down,750,4,None,202,True,1
2026-04-23,09:30:27.419,371.54,373.9775,0.652,down,200,4,None,202,True,1
2026-04-23,09:30:27.488,371.54,373.9775,0.652,down,100,4,None,201,True,1
2026-04-23,09:30:27.560,371.54,373.9775,0.652,down,470,4,None,202,True,1
2026-04-23,09:30:27.563,371.54,373.9775,0.652,down,470,4,None,202,True,1
2026-04-23,09:30:27.577,371.7679,373.9775,0.591,down,177,4,None,202,True,1
2026-04-23,09:30:27.636,371.645,373.9775,0.624,down,100,4,None,202,True,1
2026-04-23,09:30:27.636,371.64,373.9775,0.625,down,100,4,None,202,True,1
2026-04-23,09:30:27.636,371.65,373.9775,0.622,down,100,4,None,202,True,1
2026-04-23,09:30:27.636,371.655,373.9775,0.621,down,100,4,None,202,True,1
2026-04-23,09:30:27.636,371.655,373.9775,0.621,down,100,4,None,202,True,1
2026-04-23,09:30:27.642,371.76,373.9775,0.593,down,183,4,None,202,True,1
2026-04-23,09:30:27.642,371.77,373.9775,0.59,down,100,4,None,202,True,1
2026-04-23,09:30:27.643,371.77,373.9775,0.59,down,256,4,None,202,True,1
2026-04-23,09:30:27.644,371.91,373.9775,0.553,down,100,4,None,202,True,1
2026-04-23,09:30:27.645,371.93,373.9775,0.548,down,200,4,None,202,True,1
2026-04-23,09:30:27.646,371.77,373.9775,0.59,down,218,4,None,202,True,1
2026-04-23,09:30:27.646,371.77,373.9775,0.59,down,200,4,None,202,True,1
2026-04-23,09:30:27.647,371.85,373.9775,0.569,down,100,4,None,202,True,1
2026-04-23,09:30:27.658,371.71,373.9775,0.606,down,100,4,None,202,True,1
2026-04-23,09:30:27.634,371.54,373.9775,0.652,down,120,4,None,201,True,1
2026-04-23,09:30:27.742,371.9441,373.9775,0.544,down,100,4,None,202,True,1
2026-04-23,09:30:27.777,371.825,373.9775,0.576,down,100,4,None,202,True,1
2026-04-23,09:30:27.797,371.825,373.9775,0.576,down,400,4,None,202,True,1
2026-04-23,09:30:27.904,371.73,373.9775,0.601,down,200,4,None,202,True,1
2026-04-23,09:30:27.932,371.68,373.9775,0.614,down,100,4,None,202,True,1
2026-04-23,09:30:27.970,371.9999,373.9775,0.529,down,2256,4,None,201,True,1
2026-04-23,09:30:28.073,371.96,373.9775,0.539,down,100,4,None,202,True,1
2026-04-23,09:30:28.273,371.98,373.9775,0.534,down,139,4,None,202,True,1
2026-04-23,09:30:27.159,371.7116,373.9775,0.606,down,100,4,None,202,True,1
2026-04-23,09:30:28.402,371.8188,373.9775,0.577,down,400,4,None,202,True,1
2026-04-23,09:30:28.562,371.89,373.9775,0.558,down,155,4,None,202,True,1
2026-04-23,09:30:28.610,372,373.9775,0.529,down,560,4,None,202,True,1
2026-04-23,09:30:28.638,371.94,373.9775,0.545,down,100,4,None,202,True,1
2026-04-23,09:30:28.689,371.94,373.9775,0.545,down,200,4,None,202,True,1
2026-04-23,09:30:28.817,372.025,373.9775,0.522,down,150,4,None,202,True,1
2026-04-23,09:30:28.917,371.933,373.9775,0.547,down,100,4,None,202,True,1
2026-04-23,09:30:29.043,372.08,373.9775,0.507,down,165,4,None,202,True,1
2026-04-23,09:30:33.273,372.01,373.9775,0.526,down,120,4,None,202,True,1
2026-04-23,09:30:33.279,372.0101,373.9775,0.526,down,360,4,None,202,True,1
2026-04-23,09:30:33.555,371.965,373.9775,0.538,down,500,4,None,202,True,1
2026-04-23,09:30:33.555,371.965,373.9775,0.538,down,100,4,None,202,True,1
2026-04-23,09:30:33.576,372,373.9775,0.529,down,260,4,None,202,True,1
2026-04-23,09:30:33.583,371.9702,373.9775,0.537,down,100,4,None,202,True,1
2026-04-23,09:30:33.616,371.965,373.9775,0.538,down,100,4,None,202,True,1
2026-04-23,09:30:33.729,371.965,373.9775,0.538,down,200,4,None,202,True,1
2026-04-23,09:30:33.878,371.8606,373.9775,0.566,down,500,4,None,202,True,1
2026-04-23,09:30:33.910,371.915,373.9775,0.552,down,400,4,None,202,True,1
2026-04-23,09:30:33.951,371.8301,373.9775,0.574,down,275,4,None,202,True,1
2026-04-23,09:30:34.015,371.915,373.9775,0.552,down,200,4,None,202,True,1
2026-04-23,09:30:34.215,371.9999,373.9775,0.529,down,300,4,None,202,True,1
2026-04-23,09:30:34.239,371.51,373.9775,0.66,down,100,4,None,202,True,1
2026-04-23,09:30:34.325,371.71,373.9775,0.606,down,100,4,None,202,True,1
2026-04-23,09:30:34.325,371.69,373.9775,0.612,down,192,4,None,202,True,1
2026-04-23,09:30:34.550,371.675,373.9775,0.616,down,100,4,None,202,True,1
2026-04-23,09:30:34.584,371.62,373.9775,0.63,down,100,4,None,201,True,1
2026-04-23,09:30:34.586,371.6001,373.9775,0.636,down,100,4,None,202,True,1
2026-04-23,09:30:34.593,371.675,373.9775,0.616,down,100,4,None,202,True,1
2026-04-23,09:30:34.630,371.675,373.9775,0.616,down,100,4,None,202,True,1
2026-04-23,09:30:34.652,371.675,373.9775,0.616,down,134,4,None,202,True,1
2026-04-23,09:30:34.706,371.675,373.9775,0.616,down,100,4,None,202,True,1
2026-04-23,09:30:34.770,371.655,373.9775,0.621,down,265,4,None,202,True,1
2026-04-23,09:30:34.794,371.8062,373.9775,0.581,down,113,4,None,202,True,1
2026-04-23,09:30:34.818,371.8,373.9775,0.582,down,200,4,None,202,True,1
2026-04-23,09:30:34.824,371.8,373.9775,0.582,down,200,4,None,202,True,1
2026-04-23,09:30:34.824,371.81,373.9775,0.58,down,200,4,None,202,True,1
2026-04-23,09:30:34.826,371.81,373.9775,0.58,down,100,4,None,202,True,1
2026-04-23,09:30:34.825,371.8,373.9775,0.582,down,200,4,None,202,True,1
2026-04-23,09:30:34.825,371.81,373.9775,0.58,down,100,4,None,202,True,1
2026-04-23,09:30:34.833,371.655,373.9775,0.621,down,381,4,None,202,True,1
2026-04-23,09:30:34.833,371.655,373.9775,0.621,down,100,4,None,202,True,1
2026-04-23,09:30:34.833,371.655,373.9775,0.621,down,106,4,None,202,True,1
2026-04-23,09:30:34.839,371.905,373.9775,0.554,down,100,4,None,202,True,1
2026-04-23,09:30:34.839,371.91,373.9775,0.553,down,100,4,None,202,True,1
2026-04-23,09:30:34.840,371.9,373.9775,0.556,down,100,4,None,202,True,1
2026-04-23,09:30:34.840,371.88,373.9775,0.561,down,100,4,None,202,True,1
2026-04-23,09:30:34.839,371.9,373.9775,0.556,down,100,4,None,202,True,1
2026-04-23,09:30:35.080,371.87,373.9775,0.564,down,320,4,None,202,True,1
2026-04-23,09:30:35.121,371.885,373.9775,0.56,down,100,4,None,202,True,1
2026-04-23,09:30:35.142,371.885,373.9775,0.56,down,356,4,None,202,True,1
2026-04-23,09:30:35.174,371.885,373.9775,0.56,down,100,4,None,202,True,1
2026-04-23,09:30:35.223,371.7701,373.9775,0.59,down,100,4,None,202,True,1
2026-04-23,09:30:35.364,371.77,373.9775,0.59,down,225,4,None,202,True,1
2026-04-23,09:30:35.364,371.77,373.9775,0.59,down,2757,4,None,202,True,1
2026-04-23,09:30:35.444,371.86,373.9775,0.566,down,100,4,None,202,True,1
2026-04-23,09:30:35.511,371.7,373.9775,0.609,down,223,4,None,202,True,1
2026-04-23,09:30:35.675,371.8028,373.9775,0.582,down,200,4,None,202,True,1
2026-04-23,09:30:35.722,371.9199,373.9775,0.55,down,100,4,None,202,True,1
2026-04-23,09:30:35.726,371.6701,373.9775,0.617,down,200,4,None,202,True,1
2026-04-23,09:30:35.970,371.9,373.9775,0.556,down,200,4,None,202,True,1
2026-04-23,09:30:35.970,371.89,373.9775,0.558,down,120,4,None,203,True,1
2026-04-23,09:30:36.194,371.795,373.9775,0.584,down,120,4,None,202,True,1
2026-04-23,09:30:36.351,371.9999,373.9775,0.529,down,100,4,None,202,True,1
2026-04-23,09:30:36.609,372,373.9775,0.529,down,600,4,None,202,True,1
2026-04-23,09:30:36.611,371.85,373.9775,0.569,down,200,4,None,202,True,1
2026-04-23,09:30:36.621,371.85,373.9775,0.569,down,100,4,None,202,True,1
2026-04-23,09:30:36.634,372,373.9775,0.529,down,781,4,None,202,True,1
2026-04-23,09:30:36.634,372,373.9775,0.529,down,374,4,None,202,True,1
2026-04-23,09:30:36.634,372,373.9775,0.529,down,766,4,None,202,True,1
2026-04-23,09:30:36.712,371.9999,373.9775,0.529,down,100,4,None,202,True,1
2026-04-23,09:30:36.756,371.85,373.9775,0.569,down,100,4,None,202,True,1
2026-04-23,09:30:36.817,371.8322,373.9775,0.574,down,200,4,None,202,True,1
2026-04-23,09:30:36.889,371.8,373.9775,0.582,down,250,4,None,202,True,1
2026-04-23,09:30:36.907,371.79,373.9775,0.585,down,100,4,None,202,True,1
2026-04-23,09:30:36.928,371.8838,373.9775,0.56,down,100,4,None,202,True,1
2026-04-23,09:30:37.017,371.6801,373.9775,0.614,down,300,4,None,202,True,1
2026-04-23,09:30:37.086,371.8286,373.9775,0.575,down,100,4,None,202,True,1
2026-04-23,09:30:37.087,371.67,373.9775,0.617,down,216,4,None,202,True,1
2026-04-23,09:30:37.132,371.7237,373.9775,0.603,down,200,4,None,202,True,1
2026-04-23,09:30:37.246,371.84,373.9775,0.572,down,100,4,None,202,True,1
2026-04-23,09:30:37.246,371.84,373.9775,0.572,down,100,4,None,202,True,1
2026-04-23,09:30:37.246,371.83,373.9775,0.574,down,200,4,None,202,True,1
2026-04-23,09:30:37.246,371.84,373.9775,0.572,down,100,4,None,202,True,1
2026-04-23,09:30:37.251,372.065,373.9775,0.511,down,120,4,None,202,True,1
2026-04-23,09:30:37.251,372.065,373.9775,0.511,down,120,4,None,202,True,1
2026-04-23,09:30:37.251,372.065,373.9775,0.511,down,120,4,None,202,True,1
2026-04-23,09:30:37.252,372.065,373.9775,0.511,down,120,4,None,202,True,1
2026-04-23,09:30:37.251,372.065,373.9775,0.511,down,120,4,None,202,True,1
2026-04-23,09:30:37.253,372.08,373.9775,0.507,down,120,4,None,202,True,1
2026-04-23,09:30:37.252,372.09,373.9775,0.505,down,120,4,None,202,True,1
2026-04-23,09:30:37.557,372.07,373.9775,0.51,down,100,4,None,202,True,1
2026-04-23,09:30:37.557,372.05,373.9775,0.515,down,192,4,None,202,True,1
2026-04-23,09:30:39.058,372.0991,373.9775,0.502,down,192,4,None,201,True,1
2026-04-23,09:30:40.421,372.1,373.9775,0.502,down,100,4,None,202,True,1
2026-04-23,09:30:40.610,372.105,373.9775,0.501,down,100,4,None,202,True,1
2026-04-23,09:30:40.672,372.01,373.9775,0.526,down,100,4,None,202,True,1
2026-04-23,09:30:40.679,371.89,373.9775,0.558,down,100,4,None,202,True,1
2026-04-23,09:30:40.679,371.88,373.9775,0.561,down,100,4,None,202,True,1
2026-04-23,09:30:40.783,371.915,373.9775,0.552,down,100,4,None,202,True,1
2026-04-23,09:30:40.829,371.9225,373.9775,0.55,down,200,4,None,202,True,1
2026-04-23,09:30:40.882,371.915,373.9775,0.552,down,100,4,None,202,True,1
2026-04-23,09:30:40.943,371.915,373.9775,0.552,down,100,4,None,202,True,1
2026-04-23,09:30:41.044,371.9522,373.9775,0.542,down,200,4,None,202,True,1
2026-04-23,09:30:41.086,372.01,373.9775,0.526,down,100,4,None,202,True,1
2026-04-23,09:30:41.152,371.8316,373.9775,0.574,down,150,4,None,201,True,1
2026-04-23,09:30:41.203,371.8324,373.9775,0.574,down,150,4,None,202,True,1
2026-04-23,09:30:41.273,371.915,373.9775,0.552,down,520,4,None,202,True,1
2026-04-23,09:30:41.288,371.915,373.9775,0.552,down,100,4,None,202,True,1
2026-04-23,09:30:41.296,371.915,373.9775,0.552,down,161,4,None,202,True,1
2026-04-23,09:30:41.298,371.9225,373.9775,0.55,down,120,4,None,202,True,1
2026-04-23,09:30:41.298,371.915,373.9775,0.552,down,200,4,None,202,True,1
2026-04-23,09:30:41.428,371.945,373.9775,0.543,down,138,4,None,202,True,1
2026-04-23,09:30:41.440,371.945,373.9775,0.543,down,222,4,None,202,True,1
2026-04-23,09:30:41.713,372.0713,373.9775,0.51,down,200,4,None,202,True,1
2026-04-23,09:30:41.897,372.02,373.9775,0.523,down,100,4,None,202,True,1
2026-04-23,09:30:42.197,372.03,373.9775,0.521,down,376,4,None,202,True,1
2026-04-23,09:30:42.238,372.0201,373.9775,0.523,down,165,4,None,202,True,1
2026-04-23,09:30:42.578,372.07,373.9775,0.51,down,820,4,None,202,True,1
2026-04-23,09:30:42.674,372.06,373.9775,0.513,down,160,4,None,202,True,1
2026-04-23,09:30:42.675,372.06,373.9775,0.513,down,320,4,None,202,True,1
2026-04-23,09:30:42.675,372.06,373.9775,0.513,down,640,4,None,202,True,1
2026-04-23,09:30:42.685,371.85,373.9775,0.569,down,4639,4,None,202,True,1
2026-04-23,09:30:42.788,372.06,373.9775,0.513,down,160,4,None,202,True,1
2026-04-23,09:30:42.799,371.9,373.9775,0.556,down,400,4,None,202,True,1
2026-04-23,09:30:42.965,372,373.9775,0.529,down,357,4,None,201,True,1
2026-04-23,09:30:43.018,372.08,373.9775,0.507,down,100,4,None,202,True,1
2026-04-23,09:30:43.020,372.08,373.9775,0.507,down,159,4,None,202,True,1
2026-04-23,09:30:43.006,372.08,373.9775,0.507,down,100,4,None,201,True,1
2026-04-23,09:30:43.041,372.08,373.9775,0.507,down,100,4,None,202,True,1
2026-04-23,09:30:43.061,372.08,373.9775,0.507,down,123,4,None,201,True,1
2026-04-23,09:30:43.212,372.0408,373.9775,0.518,down,200,4,None,202,True,1
2026-04-23,09:30:43.237,372.0793,373.9775,0.508,down,100,4,None,201,True,1
2026-04-23,09:30:43.459,372.06,373.9775,0.513,down,271,4,None,202,True,1
2026-04-23,09:30:43.597,372.04,373.9775,0.518,down,2000,4,None,202,True,1
2026-04-23,09:30:51.117,372.1,373.9775,0.502,down,300,4,None,202,True,1
2026-04-23,09:30:54.376,372.03,373.9775,0.521,down,100,4,None,202,True,1
2026-04-23,09:30:54.439,371.975,373.9775,0.535,down,105,4,None,202,True,1
2026-04-23,09:30:54.467,372.1,373.9775,0.502,down,300,4,None,202,True,1
2026-04-23,09:30:54.482,372.1,373.9775,0.502,down,300,4,None,202,True,1
2026-04-23,09:30:54.571,372.1,373.9775,0.502,down,300,4,None,202,True,1
2026-04-23,09:30:54.793,372.1,373.9775,0.502,down,400,4,None,202,True,1
2026-04-23,09:30:54.831,372.1,373.9775,0.502,down,134,4,None,202,True,1
2026-04-23,09:30:54.896,372.1,373.9775,0.502,down,120,4,None,202,True,1
2026-04-23,09:30:54.901,372.1,373.9775,0.502,down,240,4,None,202,True,1
2026-04-23,09:30:54.901,372.1,373.9775,0.502,down,100,4,None,202,True,1
2026-04-23,09:30:54.911,372.1,373.9775,0.502,down,304,4,None,201,True,1
2026-04-23,09:31:18.147,374.95,373.045,0.511,up,277,4,None,202,True,1
2026-04-23,09:31:18.147,374.95,373.045,0.511,up,520,4,None,202,True,1
2026-04-23,09:31:18.150,374.98,373.045,0.519,up,420,4,None,202,True,1
2026-04-23,09:31:18.149,374.97,373.045,0.516,up,200,4,None,202,True,1
2026-04-23,09:31:18.149,374.975,373.045,0.517,up,200,4,None,202,True,1
2026-04-23,09:31:18.149,374.98,373.045,0.519,up,320,4,None,202,True,1
2026-04-23,09:31:18.153,375.01,373.045,0.527,up,150,4,None,202,True,1
2026-04-23,09:31:18.165,374.98,373.045,0.519,up,500,4,None,202,True,1
2026-04-23,09:31:18.411,374.98,373.045,0.519,up,100,4,None,202,True,1
2026-04-23,09:32:00.026,373.3664,375.6227,0.601,down,210,4,None,202,True,1
2026-04-23,09:32:00.033,373.49,375.6227,0.568,down,400,4,None,202,True,1
2026-04-23,09:32:00.614,373.3972,375.6227,0.592,down,100,4,None,202,True,1
2026-04-23,09:32:00.721,373.3972,375.6227,0.592,down,100,4,None,202,True,1
2026-04-23,09:32:00.876,373.38,375.6227,0.597,down,760,4,None,202,True,1
2026-04-23,09:32:00.876,373.38,375.6227,0.597,down,160,4,None,202,True,1
2026-04-23,09:32:00.876,373.38,375.6227,0.597,down,320,4,None,202,True,1
2026-04-23,09:32:00.878,373.4099,375.6227,0.589,down,400,4,None,202,True,1
2026-04-23,09:32:00.949,373.355,375.6227,0.604,down,100,4,None,202,True,1
2026-04-23,09:32:00.950,373.41,375.6227,0.589,down,100,4,None,202,True,1
2026-04-23,09:32:00.982,373.355,375.6227,0.604,down,210,4,None,202,True,1
2026-04-23,09:32:01.404,373.6599,375.6227,0.523,down,100,4,None,202,True,1
2026-04-23,09:32:01.513,373.6034,375.6227,0.538,down,500,4,None,202,True,1
2026-04-23,09:32:01.788,373.7,375.6227,0.512,down,330,4,None,202,True,1
2026-04-23,09:32:01.998,373.7205,375.6227,0.506,down,100,4,None,202,True,1
2026-04-23,09:32:02.114,373.7184,375.6227,0.507,down,100,4,None,202,True,1
2026-04-23,09:32:02.395,373.7,375.6227,0.512,down,110,4,None,202,True,1
2026-04-23,09:32:02.585,373.6801,375.6227,0.517,down,100,4,None,202,True,1
2026-04-23,09:32:32.016,377.65,375.6227,0.54,up,100,4,None,202,True,1
2026-04-23,09:32:32.017,377.65,375.6227,0.54,up,140,4,None,202,True,1
2026-04-23,09:32:32.145,377.565,375.6227,0.517,up,250,4,None,202,True,1
2026-04-23,09:32:32.175,377.6305,375.6227,0.535,up,100,4,None,202,True,1
2026-04-23,09:32:32.254,377.62,375.6227,0.532,up,100,4,None,202,True,1
2026-04-23,09:32:32.265,377.6453,375.6227,0.538,up,100,4,None,202,True,1
2026-04-23,09:32:32.317,377.5906,375.6227,0.524,up,100,4,None,202,True,1
2026-04-23,09:32:32.041,377.565,375.6227,0.517,up,100,4,None,202,True,1
2026-04-23,09:32:32.384,377.601,375.6227,0.527,up,200,4,None,202,True,1
2026-04-23,09:32:32.428,377.6382,375.6227,0.537,up,250,4,None,202,True,1
2026-04-23,09:32:32.426,377.565,375.6227,0.517,up,250,4,None,201,True,1
2026-04-23,09:32:34.120,377.53,375.6227,0.508,up,500,4,None,202,True,1
2026-04-23,09:32:34.147,377.52,375.6227,0.505,up,100,4,None,202,True,1
2026-04-23,09:32:34.148,377.5122,375.6227,0.503,up,100,4,None,203,True,1
2026-04-23,09:32:34.554,377.5299,375.6227,0.508,up,575,4,None,202,True,1
2026-04-23,09:32:34.643,377.5092,375.6227,0.502,up,100,4,None,202,True,1
2026-04-23,09:32:34.654,377.5092,375.6227,0.502,up,100,4,None,202,True,1
2026-04-23,09:32:35.514,377.6,375.6227,0.526,up,287,4,None,202,True,1
2026-04-23,09:32:35.547,377.5985,375.6227,0.526,up,125,4,None,202,True,1
2026-04-23,09:32:35.757,377.605,375.6227,0.528,up,100,4,None,202,True,1
2026-04-23,09:32:35.811,377.54,375.6227,0.51,up,200,4,None,202,True,1
2026-04-23,09:32:35.847,377.5242,375.6227,0.506,up,250,4,None,202,True,1
2026-04-23,09:32:35.873,377.54,375.6227,0.51,up,2100,4,None,202,True,1
2026-04-23,09:32:35.871,377.54,375.6227,0.51,up,159,4,None,202,True,1
2026-04-23,09:32:36.955,377.545,375.6227,0.512,up,100,4,None,202,True,1
2026-04-23,09:32:36.958,377.6,375.6227,0.526,up,200,4,None,202,True,1
2026-04-23,09:32:36.961,377.7,375.6227,0.553,up,100,4,None,202,True,1
2026-04-23,09:32:36.965,377.7499,375.6227,0.566,up,100,4,None,202,True,1
2026-04-23,09:32:36.966,377.75,375.6227,0.566,up,1400,4,None,202,True,1
2026-04-23,09:32:36.974,377.7801,375.6227,0.574,up,250,4,None,202,True,1
2026-04-23,09:32:37.008,377.6669,375.6227,0.544,up,100,4,None,202,True,1
2026-04-23,09:32:37.015,377.765,375.6227,0.57,up,100,4,None,202,True,1
2026-04-23,09:32:37.076,377.7856,375.6227,0.576,up,200,4,None,201,True,1
2026-04-23,09:32:37.106,377.675,375.6227,0.546,up,100,4,None,202,True,1
2026-04-23,09:32:37.236,377.8499,375.6227,0.593,up,2000,4,None,202,True,1
2026-04-23,09:32:37.278,377.71,375.6227,0.556,up,100,4,None,202,True,1
2026-04-23,09:32:37.403,377.73,375.6227,0.561,up,100,4,None,202,True,1
2026-04-23,09:32:37.421,377.73,375.6227,0.561,up,180,4,None,202,True,1
2026-04-23,09:32:37.530,377.8499,375.6227,0.593,up,100,4,None,202,True,1
2026-04-23,09:32:37.642,377.73,375.6227,0.561,up,400,4,None,202,True,1
2026-04-23,09:32:37.716,377.73,375.6227,0.561,up,100,4,None,202,True,1
2026-04-23,09:32:37.765,377.73,375.6227,0.561,up,100,4,None,202,True,1
2026-04-23,09:32:37.798,377.79,375.6227,0.577,up,200,4,None,202,True,1
2026-04-23,09:32:37.801,377.73,375.6227,0.561,up,110,4,None,202,True,1
2026-04-23,09:32:37.969,377.6211,375.6227,0.532,up,140,4,None,202,True,1
2026-04-23,09:32:38.026,377.71,375.6227,0.556,up,100,4,None,202,True,1
2026-04-23,09:32:38.029,377.71,375.6227,0.556,up,200,4,None,202,True,1
2026-04-23,09:32:38.077,377.6331,375.6227,0.535,up,100,4,None,202,True,1
2026-04-23,09:32:38.081,377.7358,375.6227,0.563,up,100,4,None,202,True,1
2026-04-23,09:32:38.195,377.558,375.6227,0.515,up,100,4,None,201,True,1
2026-04-23,09:32:38.229,377.6099,375.6227,0.529,up,200,4,None,202,True,1
2026-04-23,09:32:38.167,377.685,375.6227,0.549,up,500,4,None,202,True,1
2026-04-23,09:32:38.694,377.5899,375.6227,0.524,up,1000,4,None,202,True,1
2026-04-23,09:32:38.909,377.5195,375.6227,0.505,up,181,4,None,202,True,1
2026-04-23,09:32:39.060,377.58,375.6227,0.521,up,500,4,None,202,True,1
2026-04-23,09:32:39.124,377.58,375.6227,0.521,up,100,4,None,202,True,1
2026-04-23,09:32:39.167,377.7299,375.6227,0.561,up,800,4,None,202,True,1
2026-04-23,09:32:39.170,377.7299,375.6227,0.561,up,100,4,None,202,True,1
2026-04-23,09:32:39.180,377.58,375.6227,0.521,up,100,4,None,202,True,1
2026-04-23,09:32:39.263,377.58,375.6227,0.521,up,100,4,None,202,True,1
2026-04-23,09:32:54.774,377.58,375.6227,0.521,up,200,4,None,202,True,1
2026-04-23,09:32:54.965,377.575,375.6227,0.52,up,100,4,None,202,True,1
2026-04-23,09:32:54.993,377.5163,375.6227,0.504,up,100,4,None,202,True,1
2026-04-23,09:32:55.012,377.51,375.6227,0.502,up,100,4,None,202,True,1
2026-04-23,09:32:55.221,377.575,375.6227,0.52,up,100,4,None,202,True,1
2026-04-23,09:32:55.230,377.62,375.6227,0.532,up,100,4,None,202,True,1
2026-04-23,09:32:55.248,377.575,375.6227,0.52,up,200,4,None,202,True,1
2026-04-23,09:32:55.253,377.575,375.6227,0.52,up,500,4,None,202,True,1
2026-04-23,09:32:55.308,377.51,375.6227,0.502,up,100,4,None,202,True,1
2026-04-23,09:32:55.349,377.575,375.6227,0.52,up,100,4,None,202,True,1
2026-04-23,09:32:55.378,377.575,375.6227,0.52,up,120,4,None,202,True,1
2026-04-23,09:32:55.403,377.7427,375.6227,0.564,up,200,4,None,201,True,1
2026-04-23,09:32:55.406,377.65,375.6227,0.54,up,100,4,None,202,True,1
2026-04-23,09:32:55.407,377.65,375.6227,0.54,up,120,4,None,202,True,1
2026-04-23,09:32:55.407,377.75,375.6227,0.566,up,100,4,None,202,True,1
2026-04-23,09:32:55.457,377.66,375.6227,0.542,up,100,4,None,202,True,1
2026-04-23,09:32:55.475,377.5501,375.6227,0.513,up,100,4,None,202,True,1
2026-04-23,09:32:55.525,377.635,375.6227,0.536,up,120,4,None,202,True,1
2026-04-23,09:32:55.528,377.58,375.6227,0.521,up,360,4,None,202,True,1
2026-04-23,09:32:55.528,377.58,375.6227,0.521,up,120,4,None,202,True,1
2026-04-23,09:32:55.528,377.58,375.6227,0.521,up,520,4,None,202,True,1
2026-04-23,09:32:55.529,377.58,375.6227,0.521,up,120,4,None,202,True,1
2026-04-23,09:32:55.531,377.635,375.6227,0.536,up,250,4,None,202,True,1
2026-04-23,09:32:55.624,377.5201,375.6227,0.505,up,100,4,None,202,True,1
2026-04-23,09:32:55.643,377.5973,375.6227,0.526,up,100,4,None,202,True,1
2026-04-23,09:32:55.833,377.685,375.6227,0.549,up,150,4,None,202,True,1
2026-04-23,09:32:55.947,377.695,375.6227,0.552,up,120,4,None,202,True,1
2026-04-23,09:32:55.999,377.74,375.6227,0.564,up,400,4,None,202,True,1
2026-04-23,09:32:56.025,377.6945,375.6227,0.552,up,100,4,None,202,True,1
2026-04-23,09:32:56.075,377.62,375.6227,0.532,up,100,4,None,202,True,1
2026-04-23,09:32:56.087,377.74,375.6227,0.564,up,100,4,None,202,True,1
2026-04-23,09:32:56.101,377.6945,375.6227,0.552,up,100,4,None,202,True,1
2026-04-23,09:32:56.089,377.6663,375.6227,0.544,up,200,4,None,203,True,1
2026-04-23,09:32:56.135,377.75,375.6227,0.566,up,100,4,None,202,True,1
2026-04-23,09:32:56.162,377.6401,375.6227,0.537,up,125,4,None,202,True,1
2026-04-23,09:32:56.242,377.6591,375.6227,0.542,up,100,4,None,202,True,1
2026-04-23,09:32:56.288,377.64,375.6227,0.537,up,300,4,None,201,True,1
2026-04-23,09:32:56.325,377.755,375.6227,0.568,up,500,4,None,202,True,1
2026-04-23,09:32:56.355,377.6401,375.6227,0.537,up,100,4,None,202,True,1
2026-04-23,09:32:56.378,377.7325,375.6227,0.562,up,170,4,None,201,True,1
2026-04-23,09:32:56.463,377.6693,375.6227,0.545,up,100,4,None,202,True,1
2026-04-23,09:32:56.473,377.6501,375.6227,0.54,up,100,4,None,202,True,1
2026-04-23,09:32:56.474,377.765,375.6227,0.57,up,200,4,None,202,True,1
2026-04-23,09:32:56.566,377.8037,375.6227,0.581,up,100,4,None,202,True,1
2026-04-23,09:32:56.617,377.8547,375.6227,0.594,up,109,4,None,202,True,1
2026-04-23,09:32:56.620,377.6501,375.6227,0.54,up,500,4,None,202,True,1
2026-04-23,09:32:56.697,377.8037,375.6227,0.581,up,100,4,None,202,True,1
2026-04-23,09:32:56.727,377.8037,375.6227,0.581,up,100,4,None,202,True,1
2026-04-23,09:32:56.800,377.765,375.6227,0.57,up,200,4,None,202,True,1
2026-04-23,09:32:56.801,377.7725,375.6227,0.572,up,200,4,None,202,True,1
2026-04-23,09:32:56.847,377.775,375.6227,0.573,up,500,4,None,202,True,1
2026-04-23,09:32:56.887,377.775,375.6227,0.573,up,100,4,None,202,True,1
2026-04-23,09:32:56.970,377.7233,375.6227,0.559,up,100,4,None,202,True,1
2026-04-23,09:32:56.984,377.695,375.6227,0.552,up,254,4,None,202,True,1
2026-04-23,09:32:57.012,377.695,375.6227,0.552,up,498,4,None,202,True,1
2026-04-23,09:32:57.045,377.695,375.6227,0.552,up,100,4,None,202,True,1
2026-04-23,09:32:57.063,377.695,375.6227,0.552,up,120,4,None,202,True,1
2026-04-23,09:32:57.134,377.695,375.6227,0.552,up,155,4,None,202,True,1
2026-04-23,09:32:56.848,377.775,375.6227,0.573,up,100,4,None,202,True,1
2026-04-23,09:32:57.163,377.695,375.6227,0.552,up,100,4,None,202,True,1
2026-04-23,09:32:57.188,377.7599,375.6227,0.569,up,500,4,None,202,True,1
2026-04-23,09:32:57.192,377.695,375.6227,0.552,up,100,4,None,202,True,1
2026-04-23,09:32:57.202,377.64,375.6227,0.537,up,140,4,None,202,True,1
2026-04-23,09:32:57.258,377.695,375.6227,0.552,up,200,4,None,202,True,1
2026-04-23,09:32:57.095,377.695,375.6227,0.552,up,100,4,None,202,True,1
2026-04-23,09:32:57.570,377.695,375.6227,0.552,up,100,4,None,202,True,1
2026-04-23,09:32:57.580,377.695,375.6227,0.552,up,500,4,None,202,True,1
2026-04-23,09:32:57.590,377.695,375.6227,0.552,up,300,4,None,202,True,1
2026-04-23,09:32:57.618,377.695,375.6227,0.552,up,100,4,None,202,True,1
2026-04-23,09:32:57.711,377.705,375.6227,0.554,up,310,4,None,202,True,1
2026-04-23,09:32:57.727,377.66,375.6227,0.542,up,100,4,None,202,True,1
2026-04-23,09:32:57.853,377.693,375.6227,0.551,up,300,4,None,202,True,1
2026-04-23,09:32:57.988,377.7289,375.6227,0.561,up,100,4,None,202,True,1
2026-04-23,09:32:57.990,377.6412,375.6227,0.537,up,100,4,None,202,True,1
2026-04-23,09:32:58.045,377.7188,375.6227,0.558,up,200,4,None,201,True,1
2026-04-23,09:32:58.065,377.615,375.6227,0.53,up,100,4,None,202,True,1
2026-04-23,09:32:58.114,377.6797,375.6227,0.548,up,200,4,None,202,True,1
2026-04-23,09:32:58.122,377.5837,375.6227,0.522,up,100,4,None,202,True,1
2026-04-23,09:32:58.152,377.5828,375.6227,0.522,up,275,4,None,202,True,1
2026-04-23,09:32:58.154,377.58,375.6227,0.521,up,500,4,None,202,True,1
2026-04-23,09:32:58.204,377.6701,375.6227,0.545,up,100,4,None,202,True,1
2026-04-23,09:32:58.230,377.6797,375.6227,0.548,up,200,4,None,202,True,1
2026-04-23,09:32:58.257,377.7448,375.6227,0.565,up,300,4,None,202,True,1
2026-04-23,09:32:58.259,377.7756,375.6227,0.573,up,100,4,None,202,True,1
2026-04-23,09:32:58.335,377.5797,375.6227,0.521,up,120,4,None,202,True,1
2026-04-23,09:32:58.417,377.685,375.6227,0.549,up,500,4,None,202,True,1
2026-04-23,09:32:58.402,377.5762,375.6227,0.52,up,150,4,None,203,True,1
2026-04-23,09:32:58.471,377.68,375.6227,0.548,up,100,4,None,202,True,1
2026-04-23,09:32:58.473,377.58,375.6227,0.521,up,192,4,None,202,True,1
2026-04-23,09:32:58.500,377.79,375.6227,0.577,up,100,4,None,202,True,1
2026-04-23,09:32:58.568,377.7899,375.6227,0.577,up,1000,4,None,202,True,1
2026-04-23,09:32:58.602,377.68,375.6227,0.548,up,100,4,None,202,True,1
2026-04-23,09:32:58.661,377.68,375.6227,0.548,up,100,4,None,202,True,1
2026-04-23,09:32:58.684,377.68,375.6227,0.548,up,222,4,None,202,True,1
2026-04-23,09:32:58.709,377.6304,375.6227,0.535,up,500,4,None,202,True,1
2026-04-23,09:32:58.793,377.5801,375.6227,0.521,up,466,4,None,202,True,1
2026-04-23,09:32:58.814,377.68,375.6227,0.548,up,500,4,None,202,True,1
2026-04-23,09:32:58.868,377.68,375.6227,0.548,up,225,4,None,202,True,1
2026-04-23,09:32:58.926,377.52,375.6227,0.505,up,100,4,None,202,True,1
2026-04-23,09:32:58.927,377.52,375.6227,0.505,up,200,4,None,202,True,1
2026-04-23,09:32:58.927,377.515,375.6227,0.504,up,200,4,None,202,True,1
2026-04-23,09:32:58.927,377.51,375.6227,0.502,up,100,4,None,202,True,1
2026-04-23,09:32:59.110,377.5771,375.6227,0.52,up,100,4,None,202,True,1
2026-04-23,09:32:59.224,377.555,375.6227,0.514,up,100,4,None,202,True,1
2026-04-23,09:32:59.293,377.6037,375.6227,0.527,up,160,4,None,202,True,1
2026-04-23,09:32:59.386,377.563,375.6227,0.517,up,100,4,None,202,True,1
2026-04-23,09:32:59.475,377.5477,375.6227,0.512,up,115,4,None,202,True,1
2026-04-23,09:32:59.493,377.58,375.6227,0.521,up,121,4,None,202,True,1
2026-04-23,09:32:59.520,377.555,375.6227,0.514,up,200,4,None,202,True,1
2026-04-23,09:32:59.520,377.5925,375.6227,0.524,up,200,4,None,202,True,1
2026-04-23,09:32:59.523,377.69,375.6227,0.55,up,200,4,None,202,True,1
2026-04-23,09:32:59.523,377.75,375.6227,0.566,up,100,4,None,202,True,1
2026-04-23,09:32:59.524,377.75,375.6227,0.566,up,100,4,None,202,True,1
2026-04-23,09:32:59.577,377.755,375.6227,0.568,up,120,4,None,202,True,1
2026-04-23,09:32:59.655,377.755,375.6227,0.568,up,200,4,None,202,True,1
2026-04-23,09:32:59.711,377.755,375.6227,0.568,up,100,4,None,202,True,1
2026-04-23,09:32:59.722,377.8234,375.6227,0.586,up,140,4,None,202,True,1
2026-04-23,09:32:59.728,377.755,375.6227,0.568,up,100,4,None,202,True,1
2026-04-23,09:32:59.736,377.755,375.6227,0.568,up,158,4,None,202,True,1
2026-04-23,09:32:59.745,377.8299,375.6227,0.588,up,100,4,None,202,True,1
2026-04-23,09:32:59.979,377.8153,375.6227,0.584,up,100,4,None,202,True,1
2026-04-23,09:42:00.219,383.195,381.2175,0.519,up,200,4,None,202,True,5
2026-04-23,09:42:00.373,383.195,381.2175,0.519,up,100,4,None,203,True,5
2026-04-23,09:42:00.517,383.195,381.2175,0.519,up,200,4,None,202,True,5
2026-04-23,09:42:00.677,383.175,381.2175,0.513,up,300,4,None,202,True,5
2026-04-23,09:42:00.699,383.175,381.2175,0.513,up,250,4,None,202,True,5
2026-04-23,09:42:00.789,383.175,381.2175,0.513,up,100,4,None,202,True,5
2026-04-23,09:42:00.911,383.175,381.2175,0.513,up,100,4,None,202,True,5
2026-04-23,09:42:01.040,383.175,381.2175,0.513,up,100,4,None,202,True,5
2026-04-23,09:42:01.083,383.175,381.2175,0.513,up,100,4,None,202,True,5
2026-04-23,09:42:01.088,383.175,381.2175,0.513,up,100,4,None,202,True,5
2026-04-23,09:42:01.262,383.175,381.2175,0.513,up,100,4,None,202,True,5
2026-04-23,09:42:01.275,383.175,381.2175,0.513,up,250,4,None,202,True,5
2026-04-23,09:42:01.405,383.175,381.2175,0.513,up,500,4,None,202,True,5
2026-04-23,09:42:01.428,383.2,381.2175,0.52,up,100,4,None,202,True,5
2026-04-23,09:42:01.991,383.1868,381.2175,0.517,up,100,4,None,202,True,5
2026-04-23,09:42:02.016,383.135,381.2175,0.503,up,100,4,None,202,True,5
2026-04-23,09:42:02.205,383.135,381.2175,0.503,up,500,4,None,202,True,5
2026-04-23,09:42:02.222,383.135,381.2175,0.503,up,100,4,None,202,True,5
2026-04-23,09:42:02.386,383.125,381.2175,0.5,up,100,4,None,202,True,5
2026-04-23,09:42:02.399,383.5568,381.2175,0.614,up,100,4,None,202,True,5
2026-04-23,09:42:02.401,383.56,381.2175,0.614,up,200,4,None,202,True,5
2026-04-23,09:42:02.404,383.46,381.2175,0.588,up,100,4,None,202,True,5
2026-04-23,09:42:02.437,383.6648,381.2175,0.642,up,250,4,None,202,True,5
2026-04-23,09:42:02.459,383.64,381.2175,0.635,up,100,4,None,202,True,5
2026-04-23,09:42:02.561,383.595,381.2175,0.624,up,800,4,None,202,True,5
2026-04-23,09:42:02.589,383.5101,381.2175,0.601,up,100,4,None,202,True,5
2026-04-23,09:42:02.720,383.5017,381.2175,0.599,up,132,4,None,202,True,5
2026-04-23,09:42:02.779,383.49,381.2175,0.596,up,100,4,None,202,True,5
2026-04-23,09:42:03.127,383.47,381.2175,0.591,up,200,4,None,202,True,5
2026-04-23,09:42:03.342,383.47,381.2175,0.591,up,100,4,None,202,True,5
2026-04-23,09:42:03.344,383.5599,381.2175,0.614,up,100,4,None,202,True,5
2026-04-23,09:42:03.364,383.47,381.2175,0.591,up,100,4,None,202,True,5
2026-04-23,09:42:03.470,383.44,381.2175,0.583,up,250,4,None,202,True,5
2026-04-23,09:42:03.645,383.485,381.2175,0.595,up,100,4,None,201,True,5
2026-04-23,09:42:03.752,383.5629,381.2175,0.615,up,100,4,None,202,True,5
2026-04-23,09:42:03.788,383.4101,381.2175,0.575,up,5463,4,None,202,True,5
2026-04-23,09:42:03.832,383.495,381.2175,0.597,up,100,4,None,202,True,5
2026-04-23,09:42:03.940,383.525,381.2175,0.605,up,111,4,None,202,True,5
2026-04-23,09:42:04.009,383.525,381.2175,0.605,up,400,4,None,202,True,5
2026-04-23,09:42:04.161,383.56,381.2175,0.614,up,100,4,None,202,True,5
2026-04-23,09:42:04.277,383.4137,381.2175,0.576,up,300,4,None,203,True,5
2026-04-23,09:42:04.377,383.41,381.2175,0.575,up,520,4,None,201,True,5
2026-04-23,09:42:04.390,383.41,381.2175,0.575,up,1040,4,None,201,True,5
2026-04-23,09:42:04.397,383.41,381.2175,0.575,up,1520,4,None,201,True,5
2026-04-23,09:42:04.439,383.31,381.2175,0.549,up,100,4,None,202,True,5
2026-04-23,09:42:04.500,383.31,381.2175,0.549,up,200,4,None,202,True,5
2026-04-23,09:42:04.654,383.305,381.2175,0.548,up,250,4,None,202,True,5
2026-04-23,09:42:04.792,383.3408,381.2175,0.557,up,300,4,None,202,True,5
2026-04-23,09:42:04.898,383.16,381.2175,0.51,up,100,4,None,202,True,5
2026-04-23,09:42:04.936,383.14,381.2175,0.504,up,100,4,None,202,True,5
2026-04-23,09:42:05.030,383.24,381.2175,0.531,up,100,4,None,202,True,5
2026-04-23,09:42:05.034,383.24,381.2175,0.531,up,100,4,None,202,True,5
2026-04-23,09:42:05.104,383.24,381.2175,0.531,up,300,4,None,202,True,5
2026-04-23,09:42:05.210,383.24,381.2175,0.531,up,100,4,None,202,True,5
2026-04-23,09:42:05.306,383.225,381.2175,0.527,up,100,4,None,202,True,5
2026-04-23,09:42:05.369,383.225,381.2175,0.527,up,199,4,None,202,True,5
2026-04-23,09:42:05.808,383.19,381.2175,0.517,up,1800,4,None,202,True,5
2026-04-23,09:42:05.896,383.16,381.2175,0.51,up,300,4,None,202,True,5
2026-04-23,09:42:06.263,383.15,381.2175,0.507,up,100,4,None,202,True,5
2026-04-23,09:42:06.263,383.15,381.2175,0.507,up,200,4,None,202,True,5
2026-04-23,09:42:06.263,383.15,381.2175,0.507,up,120,4,None,202,True,5
2026-04-23,09:42:06.281,383.125,381.2175,0.5,up,100,4,None,202,True,5
2026-04-23,09:42:06.290,383.125,381.2175,0.5,up,100,4,None,202,True,5
2026-04-23,09:42:06.290,383.125,381.2175,0.5,up,100,4,None,202,True,5
2026-04-23,09:42:06.290,383.125,381.2175,0.5,up,200,4,None,202,True,5
2026-04-23,09:42:06.290,383.125,381.2175,0.5,up,100,4,None,202,True,5
2026-04-23,09:42:06.455,383.19,381.2175,0.517,up,125,4,None,202,True,5
2026-04-23,09:42:06.558,383.24,381.2175,0.531,up,100,4,None,202,True,5
2026-04-23,09:42:06.698,383.2049,381.2175,0.521,up,100,4,None,202,True,5
2026-04-23,09:42:06.827,383.24,381.2175,0.531,up,500,4,None,202,True,5
2026-04-23,09:42:06.976,383.235,381.2175,0.529,up,100,4,None,202,True,5
2026-04-23,09:42:07.160,383.275,381.2175,0.54,up,500,4,None,202,True,5
2026-04-23,09:42:07.509,383.246,381.2175,0.532,up,100,4,None,202,True,5
2026-04-23,09:42:07.996,383.16,381.2175,0.51,up,200,4,None,202,True,5
2026-04-23,09:42:08.008,383.16,381.2175,0.51,up,200,4,None,202,True,5
2026-04-23,09:42:08.247,383.16,381.2175,0.51,up,200,4,None,202,True,5
2026-04-23,09:42:08.744,383.1351,381.2175,0.503,up,199,4,None,202,True,5
2026-04-23,09:42:41.241,379.225,381.2175,0.523,down,100,4,None,202,True,1
2026-04-23,09:42:41.249,379.225,381.2175,0.523,down,100,4,None,202,True,1
2026-04-23,09:42:41.278,379.26,381.2175,0.513,down,400,4,None,202,True,1
2026-04-23,09:42:41.278,379.27,381.2175,0.511,down,600,4,None,202,True,1
2026-04-23,09:42:41.281,379.305,381.2175,0.502,down,200,4,None,202,True,1
2026-04-23,09:42:41.278,379.28,381.2175,0.508,down,120,4,None,203,True,1
2026-04-23,09:42:41.359,379.305,381.2175,0.502,down,100,4,None,202,True,1
2026-04-23,09:42:41.381,379.305,381.2175,0.502,down,500,4,None,202,True,1
2026-04-23,09:42:41.424,379.305,381.2175,0.502,down,100,4,None,202,True,1
2026-04-23,09:42:41.513,379.2,381.2175,0.529,down,133,4,None,202,True,1
2026-04-23,09:42:41.522,379.2975,381.2175,0.504,down,100,4,None,202,True,1
2026-04-23,09:42:41.522,379.3025,381.2175,0.502,down,100,4,None,202,True,1
2026-04-23,09:42:41.524,379.305,381.2175,0.502,down,250,4,None,202,True,1
2026-04-23,09:42:41.747,379.27,381.2175,0.511,down,242,4,None,202,True,1
2026-04-23,09:42:41.842,379.2701,381.2175,0.511,down,350,4,None,202,True,1
2026-04-23,09:42:41.922,379.275,381.2175,0.51,down,100,4,None,202,True,1
2026-04-23,09:42:41.987,379.2,381.2175,0.529,down,1020,4,None,202,True,1
2026-04-23,09:42:42.093,379.1601,381.2175,0.54,down,320,4,None,202,True,1
2026-04-23,09:42:42.096,379.13,381.2175,0.548,down,100,4,None,202,True,1
2026-04-23,09:42:42.120,379.07,381.2175,0.563,down,200,4,None,202,True,1
2026-04-23,09:42:42.152,379.075,381.2175,0.562,down,100,4,None,202,True,1
2026-04-23,09:42:42.201,379.08,381.2175,0.561,down,100,4,None,202,True,1
2026-04-23,09:42:42.208,378.92,381.2175,0.603,down,100,4,None,202,True,1
2026-04-23,09:42:42.209,378.88,381.2175,0.613,down,100,4,None,202,True,1
2026-04-23,09:42:42.217,378.96,381.2175,0.592,down,100,4,None,202,True,1
2026-04-23,09:42:42.214,378.83,381.2175,0.626,down,100,4,None,202,True,1
2026-04-23,09:42:42.226,378.85,381.2175,0.621,down,100,4,None,202,True,1
2026-04-23,09:42:42.276,378.94,381.2175,0.597,down,200,4,None,203,True,1
2026-04-23,09:42:42.297,378.94,381.2175,0.597,down,200,4,None,202,True,1
2026-04-23,09:42:42.300,378.94,381.2175,0.597,down,100,4,None,202,True,1
2026-04-23,09:42:42.303,378.925,381.2175,0.601,down,100,4,None,202,True,1
2026-04-23,09:42:42.309,378.925,381.2175,0.601,down,100,4,None,202,True,1
2026-04-23,09:42:42.312,378.925,381.2175,0.601,down,160,4,None,202,True,1
2026-04-23,09:42:42.333,378.87,381.2175,0.616,down,240,4,None,202,True,1
2026-04-23,09:42:42.333,378.87,381.2175,0.616,down,200,4,None,202,True,1
2026-04-23,09:42:42.333,378.86,381.2175,0.618,down,200,4,None,202,True,1
2026-04-23,09:42:42.333,378.85,381.2175,0.621,down,560,4,None,202,True,1
2026-04-23,09:42:42.406,378.9451,381.2175,0.596,down,100,4,None,202,True,1
2026-04-23,09:42:42.426,378.99,381.2175,0.584,down,100,4,None,202,True,1
2026-04-23,09:42:42.455,378.9451,381.2175,0.596,down,450,4,None,202,True,1
2026-04-23,09:42:42.477,378.945,381.2175,0.596,down,100,4,None,202,True,1
2026-04-23,09:42:42.509,378.9451,381.2175,0.596,down,100,4,None,202,True,1
2026-04-23,09:42:42.540,378.86,381.2175,0.618,down,470,4,None,202,True,1
2026-04-23,09:42:42.561,378.945,381.2175,0.596,down,100,4,None,202,True,1
2026-04-23,09:42:42.569,378.96,381.2175,0.592,down,100,4,None,202,True,1
2026-04-23,09:42:42.571,378.9552,381.2175,0.593,down,100,4,None,203,True,1
2026-04-23,09:42:42.626,378.89,381.2175,0.611,down,208,4,None,202,True,1
2026-04-23,09:42:42.626,378.88,381.2175,0.613,down,422,4,None,202,True,1
2026-04-23,09:42:42.626,378.87,381.2175,0.616,down,250,4,None,202,True,1
2026-04-23,09:42:42.631,378.83,381.2175,0.626,down,100,4,None,202,True,1
2026-04-23,09:42:42.631,378.83,381.2175,0.626,down,100,4,None,202,True,1
2026-04-23,09:42:42.642,378.8,381.2175,0.634,down,865,4,None,201,True,1
2026-04-23,09:42:42.642,378.8,381.2175,0.634,down,417,4,None,201,True,1
2026-04-23,09:42:42.698,378.82,381.2175,0.629,down,100,4,None,202,True,1
2026-04-23,09:42:42.751,378.82,381.2175,0.629,down,300,4,None,202,True,1
2026-04-23,09:42:42.759,378.8765,381.2175,0.614,down,370,4,None,202,True,1
2026-04-23,09:42:42.842,378.79,381.2175,0.637,down,100,4,None,202,True,1
2026-04-23,09:42:42.866,378.83,381.2175,0.626,down,600,4,None,202,True,1
2026-04-23,09:42:42.866,378.88,381.2175,0.613,down,743,4,None,202,True,1
2026-04-23,09:42:42.912,378.9,381.2175,0.608,down,150,4,None,202,True,1
2026-04-23,09:42:42.955,378.85,381.2175,0.621,down,100,4,None,202,True,1
2026-04-23,09:42:43.030,378.82,381.2175,0.629,down,200,4,None,202,True,1
2026-04-23,09:42:43.160,378.9,381.2175,0.608,down,300,4,None,202,True,1
2026-04-23,09:42:43.178,378.9,381.2175,0.608,down,200,4,None,202,True,1
2026-04-23,09:42:43.213,378.83,381.2175,0.626,down,600,4,None,202,True,1
2026-04-23,09:42:43.213,378.83,381.2175,0.626,down,400,4,None,202,True,1
2026-04-23,09:42:42.746,378.82,381.2175,0.629,down,100,4,None,202,True,1
2026-04-23,09:42:43.394,379.135,381.2175,0.546,down,100,4,None,202,True,1
2026-04-23,09:42:43.370,378.93,381.2175,0.6,down,120,4,None,203,True,1
2026-04-23,09:42:43.421,379.23,381.2175,0.521,down,1018,4,None,202,True,1
2026-04-23,09:42:43.441,379.23,381.2175,0.521,down,300,4,None,202,True,1
2026-04-23,09:42:43.498,379.2399,381.2175,0.519,down,600,4,None,202,True,1
2026-04-23,09:42:43.509,379.06,381.2175,0.566,down,100,4,None,202,True,1
2026-04-23,09:42:43.516,379.15,381.2175,0.542,down,100,4,None,202,True,1
2026-04-23,09:42:43.637,379.21,381.2175,0.527,down,105,4,None,202,True,1
2026-04-23,09:42:43.648,379.2101,381.2175,0.527,down,313,4,None,202,True,1
2026-04-23,09:42:43.637,379.21,381.2175,0.527,down,250,4,None,202,True,1
2026-04-23,09:42:43.730,379.3,381.2175,0.503,down,500,4,None,202,True,1
2026-04-23,09:42:43.784,379.3,381.2175,0.503,down,200,4,None,202,True,1
2026-04-23,09:42:43.786,379.2,381.2175,0.529,down,340,4,None,202,True,1
2026-04-23,09:42:43.822,379.21,381.2175,0.527,down,400,4,None,202,True,1
2026-04-23,09:42:43.823,379.22,381.2175,0.524,down,566,4,None,202,True,1
2026-04-23,09:42:43.837,379.11,381.2175,0.553,down,154,4,None,202,True,1
2026-04-23,09:42:43.838,379.11,381.2175,0.553,down,400,4,None,202,True,1
2026-04-23,09:42:43.822,379.23,381.2175,0.521,down,234,4,None,203,True,1
2026-04-23,09:42:43.883,379.3,381.2175,0.503,down,340,4,None,202,True,1
2026-04-23,09:42:43.903,379.3,381.2175,0.503,down,300,4,None,202,True,1
2026-04-23,09:42:43.917,379.29,381.2175,0.506,down,120,4,None,202,True,1
2026-04-23,09:42:43.927,379.11,381.2175,0.553,down,520,4,None,202,True,1
2026-04-23,09:42:43.959,379.25,381.2175,0.516,down,300,4,None,202,True,1
2026-04-23,09:42:43.990,379.255,381.2175,0.515,down,200,4,None,202,True,1
2026-04-23,09:42:43.993,379.12,381.2175,0.55,down,733,4,None,202,True,1
2026-04-23,09:42:43.993,379.12,381.2175,0.55,down,160,4,None,202,True,1
2026-04-23,09:42:43.993,379.12,381.2175,0.55,down,2107,4,None,202,True,1
2026-04-23,09:42:44.005,379.2827,381.2175,0.508,down,120,4,None,203,True,1
2026-04-23,09:42:44.155,379.265,381.2175,0.512,down,100,4,None,202,True,1
2026-04-23,09:42:44.180,379.2651,381.2175,0.512,down,100,4,None,202,True,1
2026-04-23,09:42:44.234,379.265,381.2175,0.512,down,200,4,None,202,True,1
2026-04-23,09:42:44.332,379.265,381.2175,0.512,down,200,4,None,202,True,1
2026-04-23,09:42:44.342,379.265,381.2175,0.512,down,100,4,None,203,True,1
2026-04-23,09:42:44.407,379.1501,381.2175,0.542,down,100,4,None,202,True,1
2026-04-23,09:42:44.442,379.23,381.2175,0.521,down,300,4,None,202,True,1
2026-04-23,09:42:44.639,379.27,381.2175,0.511,down,100,4,None,202,True,1
2026-04-23,09:42:44.660,379.29,381.2175,0.506,down,100,4,None,202,True,1
2026-04-23,09:42:44.675,379.26,381.2175,0.513,down,240,4,None,202,True,1
2026-04-23,09:42:44.675,379.24,381.2175,0.519,down,200,4,None,202,True,1
2026-04-23,09:42:44.675,379.23,381.2175,0.521,down,240,4,None,202,True,1
2026-04-23,09:42:44.735,379.21,381.2175,0.527,down,100,4,None,202,True,1
2026-04-23,09:42:44.735,379.21,381.2175,0.527,down,100,4,None,202,True,1
2026-04-23,09:42:44.804,379.25,381.2175,0.516,down,125,4,None,202,True,1
2026-04-23,09:42:44.834,379.25,381.2175,0.516,down,100,4,None,202,True,1
2026-04-23,09:42:44.858,379.265,381.2175,0.512,down,100,4,None,202,True,1
2026-04-23,09:42:44.888,379.265,381.2175,0.512,down,100,4,None,201,True,1
2026-04-23,09:42:45.222,379.3093,381.2175,0.501,down,800,4,None,202,True,1
2026-04-23,09:42:45.271,379.3001,381.2175,0.503,down,1380,4,None,202,True,1
2026-04-23,09:42:45.510,379.3,381.2175,0.503,down,100,4,None,203,True,1
2026-04-23,09:42:45.930,379.3,381.2175,0.503,down,500,4,None,202,True,1
2026-04-23,09:42:45.964,379.2901,381.2175,0.506,down,200,4,None,202,True,1
2026-04-23,09:42:46.383,379.26,381.2175,0.513,down,720,4,None,202,True,1
2026-04-23,09:42:55.518,379.3,381.2175,0.503,down,120,4,None,202,True,1
2026-04-23,09:42:55.654,379.29,381.2175,0.506,down,100,4,None,202,True,1
2026-04-23,09:42:55.734,379.2,381.2175,0.529,down,200,4,None,202,True,1
2026-04-23,09:42:55.734,379.2,381.2175,0.529,down,100,4,None,202,True,1
2026-04-23,09:42:55.924,379.295,381.2175,0.504,down,150,4,None,202,True,1
2026-04-23,09:42:56.084,379.295,381.2175,0.504,down,300,4,None,202,True,1
2026-04-23,09:42:56.256,379.22,381.2175,0.524,down,100,4,None,202,True,1
2026-04-23,09:42:56.256,379.22,381.2175,0.524,down,100,4,None,202,True,1
2026-04-23,09:42:56.509,379.255,381.2175,0.515,down,100,4,None,202,True,1
2026-04-23,09:42:56.520,379.255,381.2175,0.515,down,100,4,None,202,True,1
2026-04-23,09:42:56.592,379.21,381.2175,0.527,down,360,4,None,202,True,1
2026-04-23,09:42:56.592,379.21,381.2175,0.527,down,600,4,None,202,True,1
2026-04-23,09:42:56.844,379.255,381.2175,0.515,down,100,4,None,202,True,1
2026-04-23,09:42:56.877,379.3099,381.2175,0.5,down,100,4,None,202,True,1
2026-04-23,09:42:56.887,379.255,381.2175,0.515,down,200,4,None,202,True,1
2026-04-23,09:42:57.117,379.305,381.2175,0.502,down,100,4,None,202,True,1
2026-04-23,09:42:57.093,379.305,381.2175,0.502,down,100,4,None,202,True,1
2026-04-23,09:42:59.659,379.305,381.2175,0.502,down,1300,4,None,202,True,1
2026-04-23,09:42:59.936,379.2458,381.2175,0.517,down,400,4,None,202,True,1
2026-04-23,11:53:05.411,374.9784,379.5375,1.201,down,500,4,"[10, 22, 41]",202,True,1
2026-04-23,13:53:31.003,374.2,372.338,0.5,up,200,4,None,202,True,1
2026-04-23,13:53:31.014,374.21,372.338,0.503,up,160,4,None,202,True,1
2026-04-23,13:53:31.765,374.2535,372.338,0.514,up,300,4,None,202,True,1
2026-04-23,13:53:31.791,374.2,372.338,0.5,up,100,4,None,202,True,1
2026-04-23,13:53:31.878,374.33,372.338,0.535,up,500,4,None,202,True,1
2026-04-23,13:53:32.376,374.2151,372.338,0.504,up,100,4,None,202,True,1
2026-04-23,13:53:32.443,374.24,372.338,0.511,up,200,4,None,202,True,1
2026-04-23,13:53:32.444,374.23,372.338,0.508,up,137,4,None,202,True,1
2026-04-23,13:53:32.451,374.25,372.338,0.514,up,111,4,None,202,True,1
2026-04-23,13:53:32.511,374.2051,372.338,0.501,up,400,4,None,202,True,1
2026-04-23,13:53:32.732,374.2,372.338,0.5,up,100,4,None,202,True,1
2026-04-23,13:53:32.843,374.2299,372.338,0.508,up,250,4,None,202,True,1
2026-04-23,13:53:32.620,374.225,372.338,0.507,up,100,4,None,202,True,1
2026-04-23,13:53:33.353,374.25,372.338,0.514,up,100,4,None,202,True,1
2026-04-23,13:53:33.357,374.2799,372.338,0.522,up,600,4,None,202,True,1
2026-04-23,13:53:33.390,374.35,372.338,0.54,up,200,4,None,202,True,1
2026-04-23,13:53:33.470,374.31,372.338,0.53,up,214,4,None,202,True,1
2026-04-23,13:53:33.580,374.3237,372.338,0.533,up,100,4,None,202,True,1
2026-04-23,13:53:33.654,374.34,372.338,0.538,up,100,4,None,202,True,1
2026-04-23,13:53:33.719,374.2201,372.338,0.505,up,880,4,None,202,True,1
2026-04-23,13:53:33.929,374.3039,372.338,0.528,up,200,4,None,202,True,1
2026-04-23,13:53:34.024,374.22,372.338,0.505,up,100,4,None,202,True,1
2026-04-23,13:53:34.083,374.215,372.338,0.504,up,360,4,None,202,True,1
2026-04-23,13:53:34.102,374.2051,372.338,0.501,up,300,4,None,202,True,1
2026-04-23,13:53:34.147,374.21,372.338,0.503,up,200,4,None,202,True,1
2026-04-23,13:53:34.214,374.25,372.338,0.514,up,200,4,None,202,True,1
2026-04-23,13:53:34.643,374.2,372.338,0.5,up,100,4,None,202,True,1
2026-04-23,13:53:35.280,374.245,372.338,0.512,up,100,4,None,202,True,1
2026-04-23,13:53:35.311,374.287,372.338,0.523,up,500,4,None,202,True,1
2026-04-23,13:53:35.448,374.2751,372.338,0.52,up,100,4,None,202,True,1
2026-04-23,13:53:35.551,374.24,372.338,0.511,up,1000,4,None,202,True,1
2026-04-23,13:53:35.603,374.2,372.338,0.5,up,100,4,None,202,True,1
2026-04-23,13:53:35.740,374.22,372.338,0.505,up,200,4,None,202,True,1
2026-04-23,13:53:35.743,374.2201,372.338,0.505,up,457,4,None,202,True,1
2026-04-23,13:53:35.743,374.2201,372.338,0.505,up,543,4,None,202,True,1
2026-04-23,13:53:35.958,374.22,372.338,0.505,up,200,4,None,202,True,1
2026-04-23,13:53:35.983,374.3,372.338,0.527,up,950,4,None,202,True,1
2026-04-23,13:53:41.772,374.22,372.338,0.505,up,100,4,None,202,True,1
2026-04-23,13:53:41.793,374.29,372.338,0.524,up,100,4,None,202,True,1
2026-04-23,13:53:41.802,374.31,372.338,0.53,up,100,4,None,202,True,1
2026-04-23,13:53:41.807,374.3,372.338,0.527,up,100,4,None,202,True,1
2026-04-23,13:53:41.876,374.3799,372.338,0.548,up,200,4,None,202,True,1
2026-04-23,13:53:41.903,374.32,372.338,0.532,up,500,4,None,202,True,1
2026-04-23,13:53:42.261,374.2151,372.338,0.504,up,120,4,None,202,True,1
2026-04-23,13:53:42.819,374.31,372.338,0.53,up,200,4,None,202,True,1
2026-04-23,13:53:43.052,374.2539,372.338,0.515,up,100,4,None,202,True,1
2026-04-23,13:53:43.070,374.33,372.338,0.535,up,100,4,None,202,True,1
2026-04-23,13:53:43.087,374.365,372.338,0.544,up,100,4,None,202,True,1
2026-04-23,13:53:43.068,374.31,372.338,0.53,up,100,4,None,202,True,1
2026-04-23,13:53:43.088,374.33,372.338,0.535,up,200,4,None,201,True,1
2026-04-23,13:53:43.068,374.38,372.338,0.548,up,100,4,None,202,True,1
2026-04-23,13:53:43.144,374.4,372.338,0.554,up,100,4,None,202,True,1
2026-04-23,13:53:43.144,374.365,372.338,0.544,up,100,4,None,202,True,1
2026-04-23,13:53:43.182,374.31,372.338,0.53,up,102,4,None,202,True,1
2026-04-23,13:53:43.243,374.3006,372.338,0.527,up,196,4,None,202,True,1
2026-04-23,13:53:43.244,374.3006,372.338,0.527,up,1260,4,None,202,True,1
2026-04-23,13:53:43.416,374.2875,372.338,0.524,up,100,4,None,202,True,1
2026-04-23,13:53:43.417,374.32,372.338,0.532,up,205,4,None,202,True,1
2026-04-23,13:53:43.418,374.34,372.338,0.538,up,586,4,None,202,True,1
2026-04-23,13:53:43.425,374.32,372.338,0.532,up,200,4,None,202,True,1
2026-04-23,13:53:43.415,374.285,372.338,0.523,up,300,4,None,203,True,1
2026-04-23,13:53:43.513,374.31,372.338,0.53,up,200,4,None,202,True,1
2026-04-23,13:53:43.524,374.2,372.338,0.5,up,100,4,None,202,True,1
2026-04-24,09:30:01.044,372.022,373.915,0.506,down,240,4,None,202,True,1
2026-04-24,09:30:01.125,371.82,373.915,0.56,down,100,4,None,202,True,1
2026-04-24,09:30:01.125,371.88,373.915,0.544,down,240,4,None,202,True,1
2026-04-24,09:30:01.125,371.88,373.915,0.544,down,100,4,None,202,True,1
2026-04-24,09:30:01.175,371.86,373.915,0.55,down,120,4,None,202,True,1
2026-04-24,09:30:01.175,371.86,373.915,0.55,down,120,4,None,202,True,1
2026-04-24,09:30:01.217,371.82,373.915,0.56,down,100,4,None,202,True,1
2026-04-24,09:30:01.217,371.82,373.915,0.56,down,120,4,None,202,True,1
2026-04-24,09:30:01.227,371.82,373.915,0.56,down,240,4,None,202,True,1
2026-04-24,09:30:01.125,371.88,373.915,0.544,down,100,4,None,202,True,1
2026-04-24,09:30:01.125,371.85,373.915,0.552,down,100,4,None,202,True,1
2026-04-24,09:30:01.314,371.72,373.915,0.587,down,100,4,None,202,True,1
2026-04-24,09:30:01.217,371.82,373.915,0.56,down,120,4,None,202,True,1
2026-04-24,09:30:01.174,371.86,373.915,0.55,down,100,4,None,202,True,1
2026-04-24,09:30:01.345,371.72,373.915,0.587,down,100,4,None,202,True,1
2026-04-24,09:30:01.397,371.6259,373.915,0.612,down,100,4,None,202,True,1
2026-04-24,09:30:01.064,371.93,373.915,0.531,down,100,4,None,202,True,1
2026-04-24,09:30:01.065,372,373.915,0.512,down,520,4,None,202,True,1
2026-04-24,09:30:01.541,371.63,373.915,0.611,down,200,4,None,202,True,1
2026-04-24,09:30:01.542,371.59,373.915,0.622,down,200,4,None,202,True,1
2026-04-24,09:30:01.545,371.88,373.915,0.544,down,100,4,None,202,True,1
2026-04-24,09:30:01.547,371.99,373.915,0.515,down,240,4,None,202,True,1
2026-04-24,09:30:01.547,371.88,373.915,0.544,down,175,4,None,202,True,1
2026-04-24,09:30:01.553,372.04,373.915,0.501,down,141,4,None,202,True,1
2026-04-24,09:30:01.554,372.04,373.915,0.501,down,100,4,None,202,True,1
2026-04-24,09:30:01.588,371.84,373.915,0.555,down,100,4,None,202,True,1
2026-04-24,09:30:01.597,371.76,373.915,0.576,down,100,4,None,202,True,1
2026-04-24,09:30:01.600,371.7,373.915,0.592,down,160,4,None,202,True,1
2026-04-24,09:30:01.596,371.76,373.915,0.576,down,120,4,None,202,True,1
2026-04-24,09:30:01.597,371.76,373.915,0.576,down,1140,4,None,202,True,1
2026-04-24,09:30:01.599,371.7,373.915,0.592,down,111,4,None,202,True,1
2026-04-24,09:30:01.664,371.755,373.915,0.578,down,100,4,None,202,True,1
2026-04-24,09:30:01.686,371.6969,373.915,0.593,down,200,4,None,202,True,1
2026-04-24,09:30:01.695,371.755,373.915,0.578,down,100,4,None,202,True,1
2026-04-24,09:30:01.310,371.7399,373.915,0.582,down,100,4,None,202,True,1
2026-04-24,09:30:01.637,371.7,373.915,0.592,down,130,4,None,202,True,1
2026-04-24,09:30:01.638,371.94,373.915,0.528,down,500,4,None,202,True,1
2026-04-24,09:30:01.638,371.94,373.915,0.528,down,500,4,None,202,True,1
2026-04-24,09:30:01.541,371.615,373.915,0.615,down,200,4,None,202,True,1
2026-04-24,09:30:01.759,371.59,373.915,0.622,down,200,4,None,202,True,1
2026-04-24,09:30:01.941,371.7299,373.915,0.584,down,500,4,None,202,True,1
2026-04-24,09:30:01.992,371.625,373.915,0.612,down,100,4,None,202,True,1
2026-04-24,09:30:02.085,371.615,373.915,0.615,down,125,4,None,202,True,1
2026-04-24,09:30:02.199,371.499,373.915,0.646,down,100,4,None,202,True,1
2026-04-24,09:30:02.199,371.5,373.915,0.646,down,100,4,None,202,True,1
2026-04-24,09:30:01.381,371.78,373.915,0.571,down,100,4,None,202,True,1
2026-04-24,09:30:02.269,371.41,373.915,0.67,down,100,4,None,202,True,1
2026-04-24,09:30:01.637,371.7,373.915,0.592,down,130,4,None,202,True,1
2026-04-24,09:30:01.637,371.7,373.915,0.592,down,130,4,None,202,True,1
2026-04-24,09:30:01.638,371.94,373.915,0.528,down,100,4,None,202,True,1
2026-04-24,09:30:01.638,371.94,373.915,0.528,down,200,4,None,202,True,1
2026-04-24,09:30:02.632,371.31,373.915,0.697,down,200,4,None,202,True,1
2026-04-24,09:30:02.632,371.32,373.915,0.694,down,200,4,None,202,True,1
2026-04-24,09:30:02.632,371.31,373.915,0.697,down,200,4,None,202,True,1
2026-04-24,09:30:02.685,371.3012,373.915,0.699,down,297,4,None,202,True,1
2026-04-24,09:30:02.721,371.5399,373.915,0.635,down,300,4,None,202,True,1
2026-04-24,09:30:02.722,371.3,373.915,0.699,down,120,4,None,202,True,1
2026-04-24,09:30:02.722,371.3,373.915,0.699,down,120,4,None,202,True,1
2026-04-24,09:30:02.034,371.719,373.915,0.587,down,100,4,None,202,True,1
2026-04-24,09:30:02.187,371.499,373.915,0.646,down,100,4,None,202,True,1
2026-04-24,09:30:02.856,371.2391,373.915,0.716,down,150,4,None,202,True,1
2026-04-24,09:30:02.884,371.3599,373.915,0.683,down,100,4,None,202,True,1
2026-04-24,09:30:02.906,371.2101,373.915,0.723,down,100,4,None,202,True,1
2026-04-24,09:30:02.933,371.22,373.915,0.721,down,200,4,None,202,True,1
2026-04-24,09:30:02.939,371,373.915,0.78,down,100,4,None,202,True,1
2026-04-24,09:30:03.067,371,373.915,0.78,down,754,4,None,202,True,1
2026-04-24,09:30:03.077,370.91,373.915,0.804,down,240,4,None,202,True,1
2026-04-24,09:30:03.077,370.91,373.915,0.804,down,195,4,None,202,True,1
2026-04-24,09:30:03.081,370.89,373.915,0.809,down,218,4,None,202,True,1
2026-04-24,09:30:03.124,370.96,373.915,0.79,down,100,4,None,202,True,1
2026-04-24,09:30:03.126,370.8047,373.915,0.832,down,100,4,None,202,True,1
2026-04-24,09:30:03.244,370.735,373.915,0.85,down,240,4,None,202,True,1
2026-04-24,09:30:03.248,370.965,373.915,0.789,down,160,4,None,202,True,1
2026-04-24,09:30:03.249,371.07,373.915,0.761,down,100,4,None,202,True,1
2026-04-24,09:30:03.249,371.085,373.915,0.757,down,100,4,None,202,True,1
2026-04-24,09:30:03.249,371.07,373.915,0.761,down,100,4,None,202,True,1
2026-04-24,09:30:03.249,371.11,373.915,0.75,down,100,4,None,202,True,1
2026-04-24,09:30:03.249,371.085,373.915,0.757,down,200,4,None,202,True,1
2026-04-24,09:30:03.249,371.06,373.915,0.764,down,100,4,None,202,True,1
2026-04-24,09:30:03.248,371.085,373.915,0.757,down,200,4,None,202,True,1
2026-04-24,09:30:03.249,371.06,373.915,0.764,down,300,4,None,202,True,1
2026-04-24,09:30:01.751,371.91,373.915,0.536,down,100,4,None,202,True,1
2026-04-24,09:30:03.259,370.91,373.915,0.804,down,100,4,None,202,True,1
2026-04-24,09:30:03.266,371.015,373.915,0.776,down,160,4,None,202,True,1
2026-04-24,09:30:03.248,371.03,373.915,0.772,down,100,4,None,202,True,1
2026-04-24,09:30:03.249,371.09,373.915,0.756,down,100,4,None,202,True,1
2026-04-24,09:30:03.249,371.085,373.915,0.757,down,300,4,None,202,True,1
2026-04-24,09:30:03.401,371.0925,373.915,0.755,down,471,4,None,202,True,1
2026-04-24,09:30:03.638,371.0282,373.915,0.772,down,100,4,None,203,True,1
2026-04-24,09:30:03.432,371.2,373.915,0.726,down,300,4,None,202,True,1
2026-04-24,09:30:03.472,371.205,373.915,0.725,down,240,4,None,202,True,1
2026-04-24,09:30:03.485,370.9901,373.915,0.782,down,800,4,None,202,True,1
2026-04-24,09:30:03.036,370.99,373.915,0.782,down,499,4,None,202,True,1
2026-04-24,09:30:03.620,371.18,373.915,0.731,down,200,4,None,202,True,1
2026-04-24,09:30:03.673,371.175,373.915,0.733,down,160,4,None,202,True,1
2026-04-24,09:30:03.515,371.135,373.915,0.743,down,100,4,None,202,True,1
2026-04-24,09:30:03.547,371.04,373.915,0.769,down,100,4,None,202,True,1
2026-04-24,09:30:03.826,371,373.915,0.78,down,900,4,None,202,True,1
2026-04-24,09:30:03.845,371.254,373.915,0.712,down,100,4,None,202,True,1
2026-04-24,09:30:03.876,371.368,373.915,0.681,down,275,4,None,202,True,1
2026-04-24,09:30:03.875,371.38,373.915,0.678,down,200,4,None,202,True,1
2026-04-24,09:30:03.920,371.377,373.915,0.679,down,458,4,None,202,True,1
2026-04-24,09:30:03.952,371.38,373.915,0.678,down,100,4,None,202,True,1
2026-04-24,09:30:03.547,371.05,373.915,0.766,down,100,4,None,202,True,1
2026-04-24,09:30:04.094,371.205,373.915,0.725,down,300,4,None,202,True,1
2026-04-24,09:30:04.193,371.45,373.915,0.659,down,160,4,None,202,True,1
2026-04-24,09:30:04.195,371.45,373.915,0.659,down,160,4,None,202,True,1
2026-04-24,09:30:02.796,371.305,373.915,0.698,down,100,4,None,202,True,1
2026-04-24,09:30:04.100,371.2025,373.915,0.725,down,100,4,None,202,True,1
2026-04-24,09:30:04.192,371.435,373.915,0.663,down,160,4,None,202,True,1
2026-04-24,09:30:01.394,371.675,373.915,0.599,down,100,4,None,202,True,1
2026-04-24,09:30:04.111,371.1625,373.915,0.736,down,100,4,None,202,True,1
2026-04-24,09:30:04.111,371.1625,373.915,0.736,down,100,4,None,202,True,1
2026-04-24,09:30:04.192,371.45,373.915,0.659,down,111,4,None,202,True,1
2026-04-24,09:30:04.398,371.72,373.915,0.587,down,171,4,None,201,True,1
2026-04-24,09:30:04.479,371.5,373.915,0.646,down,107,4,None,202,True,1
2026-04-24,09:30:04.194,371.44,373.915,0.662,down,160,4,None,202,True,1
2026-04-24,09:30:04.500,371.58,373.915,0.624,down,141,4,None,202,True,1
2026-04-24,09:30:04.542,371.5311,373.915,0.638,down,300,4,None,202,True,1
2026-04-24,09:30:04.337,371.64,373.915,0.608,down,124,4,None,202,True,1
2026-04-24,09:30:04.656,371.595,373.915,0.62,down,125,4,None,202,True,1
2026-04-24,09:30:04.514,371.4375,373.915,0.663,down,100,4,None,202,True,1
2026-04-24,09:30:04.514,371.4425,373.915,0.661,down,100,4,None,202,True,1
2026-04-24,09:30:04.565,371.4825,373.915,0.651,down,118,4,None,202,True,1
2026-04-24,09:30:04.713,371.5,373.915,0.646,down,200,4,None,202,True,1
2026-04-24,09:30:04.664,371.595,373.915,0.62,down,337,4,None,202,True,1
2026-04-24,09:30:04.834,371.63,373.915,0.611,down,1052,4,None,202,True,1
2026-04-24,09:30:04.834,371.63,373.915,0.611,down,160,4,None,202,True,1
2026-04-24,09:30:04.841,371.63,373.915,0.611,down,769,4,None,202,True,1
2026-04-24,09:30:04.841,371.63,373.915,0.611,down,316,4,None,202,True,1
2026-04-24,09:30:04.841,371.63,373.915,0.611,down,406,4,None,202,True,1
2026-04-24,09:30:04.842,371.63,373.915,0.611,down,179,4,None,202,True,1
2026-04-24,09:30:04.870,371.63,373.915,0.611,down,100,4,None,202,True,1
2026-04-24,09:30:04.761,371.78,373.915,0.571,down,300,4,None,202,True,1
2026-04-24,09:30:04.906,371.51,373.915,0.643,down,100,4,None,202,True,1
2026-04-24,09:30:04.964,371.7331,373.915,0.584,down,680,4,None,202,True,1
2026-04-24,09:30:04.805,371.625,373.915,0.612,down,318,4,None,202,True,1
2026-04-24,09:30:05.044,371.76,373.915,0.576,down,620,4,None,202,True,1
2026-04-24,09:30:05.111,371.7268,373.915,0.585,down,100,4,None,202,True,1
2026-04-24,09:30:05.215,371.68,373.915,0.598,down,160,4,None,202,True,1
2026-04-24,09:30:05.220,371.68,373.915,0.598,down,400,4,None,202,True,1
2026-04-24,09:30:05.228,371.68,373.915,0.598,down,400,4,None,202,True,1
2026-04-24,09:30:05.240,371.32,373.915,0.694,down,100,4,None,202,True,1
2026-04-24,09:30:05.246,371.45,373.915,0.659,down,108,4,None,202,True,1
2026-04-24,09:30:05.248,371.528,373.915,0.638,down,159,4,None,202,True,1
2026-04-24,09:30:05.282,371.355,373.915,0.685,down,100,4,None,202,True,1
2026-04-24,09:30:05.432,371.485,373.915,0.65,down,100,4,None,202,True,1
2026-04-24,09:30:05.432,371.485,373.915,0.65,down,100,4,None,202,True,1
2026-04-24,09:30:05.433,371.425,373.915,0.666,down,212,4,None,202,True,1
2026-04-24,09:30:05.434,371.41,373.915,0.67,down,126,4,None,202,True,1
2026-04-24,09:30:05.494,371.425,373.915,0.666,down,100,4,None,202,True,1
2026-04-24,09:30:05.564,371.71,373.915,0.59,down,1769,4,None,202,True,1
2026-04-24,09:30:05.617,371.675,373.915,0.599,down,160,4,None,202,True,1
2026-04-24,09:30:05.617,371.6725,373.915,0.6,down,160,4,None,202,True,1
2026-04-24,09:30:05.874,371.6899,373.915,0.595,down,100,4,None,202,True,1
2026-04-24,09:30:05.924,371.5946,373.915,0.621,down,100,4,None,202,True,1
2026-04-24,09:30:05.945,371.63,373.915,0.611,down,141,4,None,202,True,1
2026-04-24,09:30:05.945,371.63,373.915,0.611,down,100,4,None,202,True,1
2026-04-24,09:30:05.945,371.615,373.915,0.615,down,400,4,None,202,True,1
2026-04-24,09:30:05.945,371.63,373.915,0.611,down,400,4,None,202,True,1
2026-04-24,09:30:05.945,371.63,373.915,0.611,down,100,4,None,202,True,1
2026-04-24,09:30:05.946,371.55,373.915,0.632,down,141,4,None,202,True,1
2026-04-24,09:30:05.948,371.555,373.915,0.631,down,100,4,None,202,True,1
2026-04-24,09:30:05.949,371.555,373.915,0.631,down,141,4,None,202,True,1
2026-04-24,09:30:05.947,371.565,373.915,0.628,down,100,4,None,202,True,1
2026-04-24,09:30:06.135,371.535,373.915,0.637,down,100,4,None,202,True,1
2026-04-24,09:30:06.333,371.67,373.915,0.6,down,320,4,None,202,True,1
2026-04-24,09:30:06.442,371.64,373.915,0.608,down,300,4,None,202,True,1
2026-04-24,09:30:06.661,371.67,373.915,0.6,down,100,4,None,202,True,1
2026-04-24,09:30:06.718,371.615,373.915,0.615,down,1640,4,None,202,True,1
2026-04-24,09:30:06.736,371.615,373.915,0.615,down,1640,4,None,202,True,1
2026-04-24,09:30:06.750,371.69,373.915,0.595,down,500,4,None,202,True,1
2026-04-24,09:30:06.772,371.76,373.915,0.576,down,100,4,None,202,True,1
2026-04-24,09:30:06.867,371.6623,373.915,0.602,down,114,4,None,202,True,1
2026-04-24,09:30:06.951,371.69,373.915,0.595,down,200,4,None,202,True,1
2026-04-24,09:30:07.019,371.69,373.915,0.595,down,100,4,None,202,True,1
2026-04-24,09:30:07.061,371.78,373.915,0.571,down,100,4,None,202,True,1
2026-04-24,09:30:07.146,371.8399,373.915,0.555,down,500,4,None,202,True,1
2026-04-24,09:30:01.131,371.83,373.915,0.558,down,300,4,None,202,True,1
2026-04-24,09:30:01.412,371.65,373.915,0.606,down,200,4,None,202,True,1
2026-04-24,09:30:01.544,371.877,373.915,0.545,down,440,4,None,202,True,1
2026-04-24,09:30:01.625,371.79,373.915,0.568,down,100,4,None,202,True,1
2026-04-24,09:30:03.688,371.175,373.915,0.733,down,200,4,None,202,True,1
2026-04-24,09:30:07.197,371.6801,373.915,0.598,down,100,4,None,202,True,1
2026-04-24,09:30:07.200,371.8399,373.915,0.555,down,700,4,None,202,True,1
2026-04-24,09:30:06.534,371.64,373.915,0.608,down,100,4,None,202,True,1
2026-04-24,09:30:03.561,371.25,373.915,0.713,down,100,4,None,202,True,1
2026-04-24,09:30:07.769,371.839,373.915,0.555,down,100,4,None,202,True,1
2026-04-24,09:30:07.778,371.6401,373.915,0.608,down,200,4,None,202,True,1
2026-04-24,09:30:07.791,371.66,373.915,0.603,down,100,4,None,202,True,1
2026-04-24,09:30:07.792,371.66,373.915,0.603,down,110,4,None,203,True,1
2026-04-24,09:30:07.921,371.7325,373.915,0.584,down,400,4,None,202,True,1
2026-04-24,09:30:07.925,371.665,373.915,0.602,down,192,4,None,202,True,1
2026-04-24,09:30:07.930,371.58,373.915,0.624,down,300,4,None,202,True,1
2026-04-24,09:30:07.445,371.705,373.915,0.591,down,100,4,None,202,True,1
2026-04-24,09:30:04.011,371.14,373.915,0.742,down,1278,4,None,202,True,1
2026-04-24,09:30:08.090,371.29,373.915,0.702,down,100,4,None,202,True,1
2026-04-24,09:30:06.394,371.7799,373.915,0.571,down,200,4,None,202,True,1
2026-04-24,09:30:02.938,371.01,373.915,0.777,down,480,4,None,202,True,1
2026-04-24,09:30:06.650,371.58,373.915,0.624,down,100,4,None,202,True,1
2026-04-24,09:30:08.139,371.4199,373.915,0.667,down,1000,4,None,202,True,1
2026-04-24,09:30:02.939,371,373.915,0.78,down,720,4,None,202,True,1
2026-04-24,09:30:06.083,371.47,373.915,0.654,down,150,4,None,202,True,1
2026-04-24,09:30:08.315,371.28,373.915,0.705,down,100,4,None,202,True,1
2026-04-24,09:30:08.325,371.38,373.915,0.678,down,400,4,None,202,True,1
2026-04-24,09:30:08.433,371.3999,373.915,0.673,down,100,4,None,202,True,1
2026-04-24,09:30:08.476,371.1784,373.915,0.732,down,100,4,None,202,True,1
2026-04-24,09:30:07.436,371.43,373.915,0.665,down,374,4,None,202,True,1
2026-04-24,09:30:08.750,371.255,373.915,0.711,down,100,4,None,202,True,1
2026-04-24,09:30:08.751,371.255,373.915,0.711,down,100,4,None,202,True,1
2026-04-24,09:30:08.751,371.1925,373.915,0.728,down,400,4,None,202,True,1
2026-04-24,09:30:08.751,371.1925,373.915,0.728,down,400,4,None,202,True,1
2026-04-24,09:30:08.752,371.1375,373.915,0.743,down,400,4,None,202,True,1
2026-04-24,09:30:08.752,371.15,373.915,0.739,down,347,4,None,202,True,1
2026-04-24,09:30:08.752,371.15,373.915,0.739,down,347,4,None,202,True,1
2026-04-24,09:30:07.466,371.8399,373.915,0.555,down,100,4,None,202,True,1
2026-04-24,09:30:08.799,371.16,373.915,0.737,down,100,4,None,202,True,1
2026-04-24,09:30:08.800,371.255,373.915,0.711,down,100,4,None,202,True,1
2026-04-24,09:30:08.844,371.255,373.915,0.711,down,158,4,None,202,True,1
2026-04-24,09:30:08.851,371.285,373.915,0.703,down,100,4,None,202,True,1
2026-04-24,09:30:08.869,371.3629,373.915,0.683,down,100,4,None,202,True,1
2026-04-24,09:30:08.751,371.1725,373.915,0.733,down,100,4,None,202,True,1
2026-04-24,09:30:08.922,371.3679,373.915,0.681,down,100,4,None,202,True,1
2026-04-24,09:30:08.009,371.29,373.915,0.702,down,100,4,None,202,True,1
2026-04-24,09:30:07.677,371.74,373.915,0.582,down,100,4,None,202,True,1
2026-04-24,09:30:09.051,371.1601,373.915,0.737,down,400,4,None,202,True,1
2026-04-24,09:30:09.069,371.5,373.915,0.646,down,300,4,None,202,True,1
2026-04-24,09:30:08.923,371.265,373.915,0.709,down,2000,4,None,202,True,1
2026-04-24,09:30:09.460,371.2601,373.915,0.71,down,323,4,None,202,True,1
2026-04-24,09:30:09.461,371.4,373.915,0.673,down,100,4,None,202,True,1
2026-04-24,09:30:09.621,371.375,373.915,0.679,down,125,4,None,202,True,1
2026-04-24,09:30:09.681,371.38,373.915,0.678,down,100,4,None,202,True,1
2026-04-24,09:30:09.713,371.27,373.915,0.707,down,157,4,None,202,True,1
2026-04-24,09:30:09.771,371.3375,373.915,0.689,down,280,4,None,202,True,1
2026-04-24,09:30:09.795,371.5272,373.915,0.639,down,100,4,None,202,True,1
2026-04-24,09:30:09.947,371.2801,373.915,0.705,down,400,4,None,202,True,1
2026-04-24,09:30:10.010,371.41,373.915,0.67,down,200,4,None,202,True,1
2026-04-24,09:30:10.224,371.3537,373.915,0.685,down,100,4,None,202,True,1
2026-04-24,09:30:10.342,371.39,373.915,0.675,down,200,4,None,202,True,1
2026-04-24,09:30:10.351,371.39,373.915,0.675,down,100,4,None,202,True,1
2026-04-24,09:30:10.778,371.605,373.915,0.618,down,1480,4,None,202,True,1
2026-04-24,09:30:10.775,371.565,373.915,0.628,down,200,4,None,202,True,1
2026-04-24,09:30:10.977,371.61,373.915,0.616,down,250,4,None,202,True,1
2026-04-24,09:30:10.776,371.605,373.915,0.618,down,300,4,None,202,True,1
2026-04-24,09:30:11.006,371.8,373.915,0.566,down,100,4,None,202,True,1
2026-04-24,09:30:11.075,371.975,373.915,0.519,down,160,4,None,202,True,1
2026-04-24,09:30:11.020,371.875,373.915,0.546,down,160,4,None,202,True,1
2026-04-24,09:30:11.075,371.9675,373.915,0.521,down,152,4,None,202,True,1
2026-04-24,09:30:11.020,371.9,373.915,0.539,down,160,4,None,202,True,1
2026-04-24,09:30:11.796,372.0001,373.915,0.512,down,140,4,None,202,True,1
2026-04-24,09:30:06.113,371.5622,373.915,0.629,down,2075,4,None,202,True,1
2026-04-24,09:30:28.282,372.01,373.915,0.509,down,150,4,None,202,True,1
2026-04-27,09:30:00.070,371.995,370.1025,0.511,up,200,4,None,202,True,1
2026-04-27,09:30:00.292,371.985,370.1025,0.509,up,100,4,None,202,True,1
2026-04-27,09:30:00.294,371.985,370.1025,0.509,up,106,4,None,202,True,1
2026-04-27,09:30:00.994,372,370.1025,0.513,up,150,4,"[10, 41]",202,True,1
2026-04-27,09:30:00.994,372,370.1025,0.513,up,133,4,"[10, 41]",202,True,1
2026-04-27,09:30:00.994,372,370.1025,0.513,up,682,4,"[10, 41]",202,True,1
2026-04-27,09:30:01.926,371.9851,370.1025,0.509,up,200,4,None,202,True,1
2026-04-27,09:30:01.196,372,370.1025,0.513,up,137,4,"[10, 41]",202,True,1
2026-04-27,09:30:02.479,372,370.1025,0.513,up,118,4,"[10, 41]",202,True,1
2026-04-27,09:30:02.500,372,370.1025,0.513,up,135,4,"[10, 41]",202,True,1
2026-04-27,09:30:02.546,371.99,370.1025,0.51,up,100,4,None,202,True,1
2026-04-27,09:30:02.615,372,370.1025,0.513,up,225,4,"[10, 41]",202,True,1
2026-04-27,09:30:02.660,372,370.1025,0.513,up,1070,4,"[10, 41]",202,True,1
2026-04-27,09:30:02.497,372,370.1025,0.513,up,266,4,"[10, 41]",202,True,1
2026-04-27,09:30:55.181,368.1805,370.1025,0.519,down,610,4,None,202,True,3
2026-04-27,09:30:55.223,368.24,370.1025,0.503,down,200,4,None,202,True,3
2026-04-27,09:30:55.243,368.1808,370.1025,0.519,down,200,4,None,202,True,3
2026-04-27,09:30:55.269,368.23,370.1025,0.506,down,400,4,None,202,True,3
2026-04-27,09:30:55.269,368.23,370.1025,0.506,down,320,4,None,202,True,3
2026-04-27,09:30:55.271,368.1701,370.1025,0.522,down,296,4,None,202,True,3
2026-04-27,09:30:55.398,368.21,370.1025,0.511,down,100,4,None,202,True,3
2026-04-27,09:30:55.461,368.1539,370.1025,0.527,down,400,4,None,202,False,
2026-04-27,09:30:55.496,368.21,370.1025,0.511,down,379,4,None,202,True,3
2026-04-27,09:30:55.640,368.21,370.1025,0.511,down,100,4,None,202,True,3
2026-04-27,09:30:55.688,368.21,370.1025,0.511,down,100,4,None,202,True,3
2026-04-27,09:30:55.948,368.21,370.1025,0.511,down,100,4,None,202,True,3
2026-04-27,09:30:56.019,368.15,370.1025,0.528,down,1752,4,None,202,False,
2026-04-27,09:30:56.020,368.1501,370.1025,0.528,down,1752,4,None,202,False,
2026-04-27,09:30:56.028,368.05,370.1025,0.555,down,160,4,None,202,False,
2026-04-27,09:30:56.065,367.78,370.1025,0.628,down,279,4,None,202,False,
2026-04-27,09:30:56.070,367.815,370.1025,0.618,down,250,4,None,202,False,
2026-04-27,09:30:56.075,367.77,370.1025,0.63,down,155,4,None,202,False,
2026-04-27,09:30:56.075,367.77,370.1025,0.63,down,100,4,None,202,False,
2026-04-27,09:30:56.075,367.77,370.1025,0.63,down,300,4,None,202,False,
2026-04-27,09:30:56.082,367.87,370.1025,0.603,down,250,4,None,202,False,
2026-04-27,09:30:56.081,367.77,370.1025,0.63,down,500,4,None,202,False,
2026-04-27,09:30:56.082,367.77,370.1025,0.63,down,250,4,None,202,False,
2026-04-27,09:30:56.082,367.98,370.1025,0.573,down,300,4,None,202,False,
2026-04-27,09:30:56.082,367.76,370.1025,0.633,down,300,4,None,202,False,
2026-04-27,09:30:56.084,367.76,370.1025,0.633,down,100,4,None,202,False,
2026-04-27,09:30:56.084,367.76,370.1025,0.633,down,100,4,None,202,False,
2026-04-27,09:30:56.085,367.835,370.1025,0.613,down,100,4,None,202,False,
2026-04-27,09:30:56.058,368,370.1025,0.568,down,200,4,None,202,False,
2026-04-27,09:30:56.087,367.76,370.1025,0.633,down,400,4,None,202,False,
2026-04-27,09:30:56.087,367.76,370.1025,0.633,down,500,4,None,202,False,
2026-04-27,09:30:56.088,367.875,370.1025,0.602,down,100,4,None,202,False,
2026-04-27,09:30:56.087,367.76,370.1025,0.633,down,500,4,None,202,False,
2026-04-27,09:30:56.087,367.76,370.1025,0.633,down,277,4,None,202,False,
2026-04-27,09:30:56.045,368,370.1025,0.568,down,284,4,None,202,False,
2026-04-27,09:30:56.045,368,370.1025,0.568,down,1000,4,None,202,False,
2026-04-27,09:30:56.045,368,370.1025,0.568,down,432,4,None,202,False,
2026-04-27,09:30:56.100,367.76,370.1025,0.633,down,400,4,None,202,False,
2026-04-27,09:30:56.104,367.76,370.1025,0.633,down,300,4,None,202,False,
2026-04-27,09:30:56.105,367.76,370.1025,0.633,down,100,4,None,202,False,
2026-04-27,09:30:56.107,368.05,370.1025,0.555,down,110,4,None,202,False,
2026-04-27,09:30:56.085,367.76,370.1025,0.633,down,125,4,None,202,False,
2026-04-27,09:30:56.126,367.76,370.1025,0.633,down,100,4,None,202,False,
2026-04-27,09:30:56.166,367.855,370.1025,0.607,down,571,4,None,202,False,
2026-04-27,09:30:56.166,367.855,370.1025,0.607,down,240,4,None,202,False,
2026-04-27,09:30:56.188,367.88,370.1025,0.601,down,100,4,None,202,False,
2026-04-27,09:30:56.188,367.905,370.1025,0.594,down,100,4,None,202,False,
2026-04-27,09:30:56.194,367.855,370.1025,0.607,down,140,4,None,202,False,
2026-04-27,09:30:56.223,367.885,370.1025,0.599,down,100,4,None,202,False,
2026-04-27,09:30:56.253,367.77,370.1025,0.63,down,253,4,None,202,False,
2026-04-27,09:30:56.322,367.875,370.1025,0.602,down,100,4,None,202,False,
2026-04-27,09:30:56.188,367.905,370.1025,0.594,down,100,4,None,202,False,
2026-04-27,09:30:56.439,367.895,370.1025,0.596,down,220,4,None,202,False,
2026-04-27,09:30:56.467,367.895,370.1025,0.596,down,500,4,None,202,False,
2026-04-27,09:30:56.310,367.97,370.1025,0.576,down,100,4,None,202,False,
2026-04-27,09:30:56.310,367.96,370.1025,0.579,down,100,4,None,202,False,
2026-04-27,09:30:56.640,367.89,370.1025,0.598,down,100,4,None,202,False,
2026-04-27,09:30:56.678,367.855,370.1025,0.607,down,100,4,None,202,False,
2026-04-27,09:30:56.679,367.89,370.1025,0.598,down,100,4,None,202,False,
2026-04-27,09:30:56.691,367.8107,370.1025,0.619,down,100,4,None,202,False,
2026-04-27,09:30:56.727,367.81,370.1025,0.619,down,180,4,None,202,False,
2026-04-27,09:30:56.748,367.88,370.1025,0.601,down,200,4,None,202,False,
2026-04-27,09:30:57.002,367.98,370.1025,0.573,down,100,4,None,202,False,
2026-04-27,09:30:57.163,368.15,370.1025,0.528,down,432,4,None,202,False,
2026-04-27,09:30:57.167,367.85,370.1025,0.609,down,200,4,None,202,False,
2026-04-27,09:30:57.194,368.03,370.1025,0.56,down,320,4,None,202,False,
2026-04-27,09:30:57.217,368,370.1025,0.568,down,200,4,None,202,False,
2026-04-27,09:30:57.246,367.99,370.1025,0.571,down,100,4,None,202,False,
2026-04-27,09:30:57.300,367.89,370.1025,0.598,down,500,4,None,202,False,
2026-04-27,09:30:57.305,367.89,370.1025,0.598,down,277,4,None,202,False,
2026-04-27,09:30:57.306,367.8406,370.1025,0.611,down,277,4,None,202,False,
2026-04-27,09:30:57.351,368.0151,370.1025,0.564,down,100,4,None,202,False,
2026-04-27,09:30:57.465,368.015,370.1025,0.564,down,500,4,None,202,False,
2026-04-27,09:30:57.048,367.985,370.1025,0.572,down,100,4,None,202,False,
2026-04-27,09:30:57.407,368.015,370.1025,0.564,down,100,4,None,202,False,
2026-04-27,09:30:57.548,367.89,370.1025,0.598,down,500,4,None,202,False,
2026-04-27,09:30:57.566,368.1387,370.1025,0.531,down,200,4,None,202,False,
2026-04-27,09:30:57.724,368.015,370.1025,0.564,down,100,4,None,202,False,
2026-04-27,09:30:57.754,368.015,370.1025,0.564,down,500,4,None,202,False,
2026-04-27,09:30:57.770,368.015,370.1025,0.564,down,100,4,None,202,False,
2026-04-27,09:30:56.837,367.985,370.1025,0.572,down,317,4,None,201,False,
2026-04-27,09:30:57.824,368.015,370.1025,0.564,down,100,4,None,202,False,
2026-04-27,09:30:57.829,368.1387,370.1025,0.531,down,100,4,None,202,False,
2026-04-27,09:30:57.830,368.125,370.1025,0.534,down,218,4,None,202,False,
2026-04-27,09:30:58.004,368.02,370.1025,0.563,down,100,4,None,202,False,
2026-04-27,09:30:58.053,368.046,370.1025,0.556,down,100,4,None,201,False,
2026-04-27,09:30:58.069,368.1415,370.1025,0.53,down,100,4,None,202,False,
2026-04-27,09:30:58.069,368.15,370.1025,0.528,down,100,4,None,202,False,
2026-04-27,09:30:58.228,368.0201,370.1025,0.563,down,100,4,None,202,False,
2026-04-27,09:30:58.305,368.02,370.1025,0.563,down,100,4,None,202,False,
2026-04-27,09:30:58.391,368.02,370.1025,0.563,down,100,4,None,202,False,
2026-04-27,09:30:58.392,368.02,370.1025,0.563,down,100,4,None,202,False,
2026-04-27,09:30:58.425,368.02,370.1025,0.563,down,125,4,None,202,False,
2026-04-27,09:30:58.550,368.065,370.1025,0.551,down,200,4,None,202,False,
2026-04-27,09:30:58.564,368,370.1025,0.568,down,368,4,None,202,False,
2026-04-27,09:30:58.637,368.065,370.1025,0.551,down,300,4,None,202,False,
2026-04-27,09:30:58.637,368.1299,370.1025,0.533,down,100,4,None,202,False,
2026-04-27,09:30:58.681,368.065,370.1025,0.551,down,150,4,None,202,False,
2026-04-27,09:30:58.745,368.1299,370.1025,0.533,down,200,4,None,202,False,
2026-04-27,09:30:59.083,368.0109,370.1025,0.565,down,135,4,None,202,False,
2026-04-27,09:30:59.086,368.095,370.1025,0.542,down,1000,4,None,202,False,
2026-04-27,09:30:59.157,368.0825,370.1025,0.546,down,100,4,None,201,False,
2026-04-27,09:30:59.227,368.095,370.1025,0.542,down,200,4,None,202,False,
2026-04-27,09:30:59.231,368.0116,370.1025,0.565,down,300,4,None,202,False,
2026-04-27,09:30:59.010,368.175,370.1025,0.521,down,300,4,None,202,True,3
2026-04-27,09:30:59.282,368.1786,370.1025,0.52,down,360,4,None,202,True,3
2026-04-27,09:30:59.285,368.1786,370.1025,0.52,down,320,4,None,202,True,3
2026-04-27,09:30:59.421,368.06,370.1025,0.552,down,225,4,None,202,False,
2026-04-27,09:30:59.582,368.16,370.1025,0.525,down,100,4,None,202,False,
2026-04-27,09:30:59.647,368.13,370.1025,0.533,down,100,4,None,202,False,
2026-04-27,09:30:59.868,368.115,370.1025,0.537,down,100,4,None,202,False,
2026-04-27,09:30:59.910,368.115,370.1025,0.537,down,450,4,None,202,False,
2026-04-27,09:30:59.964,368.1694,370.1025,0.522,down,300,4,None,202,False,
2026-04-28,09:30:01.687,373,375.2225,0.592,down,154,4,None,203,True,1
2026-04-28,09:30:01.687,373,375.2225,0.592,down,138,4,None,203,True,1
2026-04-28,09:30:01.919,372.8433,375.2225,0.634,down,100,4,None,203,True,1
2026-04-28,09:30:01.956,372.903,375.2225,0.618,down,105,4,None,203,True,1
2026-04-28,09:30:01.688,373,375.2225,0.592,down,120,4,None,202,True,1
2026-04-28,09:30:01.687,373,375.2225,0.592,down,150,4,None,202,True,1
2026-04-28,09:30:01.705,372.8037,375.2225,0.645,down,200,4,None,202,True,1
2026-04-28,09:30:01.734,373.01,375.2225,0.59,down,100,4,None,202,True,1
2026-04-28,09:30:01.687,373,375.2225,0.592,down,146,4,None,202,True,1
2026-04-28,09:30:01.690,373,375.2225,0.592,down,1116,4,None,202,True,1
2026-04-28,09:30:02.504,372.875,375.2225,0.626,down,458,4,None,203,True,1
2026-04-28,09:30:01.449,373.3,375.2225,0.512,down,100,4,None,202,True,1
2026-04-28,09:30:01.726,372.7656,375.2225,0.655,down,100,4,None,202,True,1
2026-04-28,09:30:02.514,372.82,375.2225,0.64,down,250,4,None,202,True,1
2026-04-28,09:30:02.515,372.82,375.2225,0.64,down,100,4,None,202,True,1
2026-04-28,09:30:02.516,372.82,375.2225,0.64,down,250,4,None,202,True,1
2026-04-28,09:30:02.517,372.82,375.2225,0.64,down,100,4,None,202,True,1
2026-04-28,09:30:02.518,372.82,375.2225,0.64,down,100,4,None,202,True,1
2026-04-28,09:30:02.519,372.82,375.2225,0.64,down,100,4,None,202,True,1
2026-04-28,09:30:02.519,372.82,375.2225,0.64,down,250,4,None,202,True,1
2026-04-28,09:30:02.520,372.82,375.2225,0.64,down,100,4,None,202,True,1
2026-04-28,09:30:02.520,372.82,375.2225,0.64,down,200,4,None,202,True,1
2026-04-28,09:30:02.871,373.3,375.2225,0.512,down,148,4,None,201,True,1
2026-04-28,09:30:02.661,372.815,375.2225,0.642,down,100,4,None,202,True,1
2026-04-28,09:30:02.661,372.815,375.2225,0.642,down,100,4,None,202,True,1
2026-04-28,09:30:02.661,372.815,375.2225,0.642,down,100,4,None,202,True,1
2026-04-28,09:30:02.793,372.87,375.2225,0.627,down,100,4,None,202,True,1
2026-04-28,09:30:02.827,372.87,375.2225,0.627,down,200,4,None,202,True,1
2026-04-28,09:30:02.827,372.87,375.2225,0.627,down,100,4,None,202,True,1
2026-04-28,09:30:02.827,372.87,375.2225,0.627,down,100,4,None,202,True,1
2026-04-28,09:30:02.827,372.87,375.2225,0.627,down,187,4,None,202,True,1
2026-04-28,09:30:02.896,372.939,375.2225,0.609,down,100,4,None,202,True,1
2026-04-28,09:30:02.827,372.91,375.2225,0.616,down,100,4,None,202,True,1
2026-04-28,09:30:03.067,372.75,375.2225,0.659,down,260,4,None,202,True,1
2026-04-28,09:30:02.827,372.91,375.2225,0.616,down,150,4,None,202,True,1
2026-04-28,09:30:03.298,372.6,375.2225,0.699,down,150,4,None,203,True,1
2026-04-28,09:30:03.114,372.7508,375.2225,0.659,down,100,4,None,202,True,1
2026-04-28,09:30:03.176,372.83,375.2225,0.638,down,100,4,None,202,True,1
2026-04-28,09:30:03.178,372.83,375.2225,0.638,down,170,4,None,202,True,1
2026-04-28,09:30:03.178,372.83,375.2225,0.638,down,200,4,None,202,True,1
2026-04-28,09:30:03.178,372.83,375.2225,0.638,down,100,4,None,202,True,1
2026-04-28,09:30:03.177,372.83,375.2225,0.638,down,100,4,None,202,True,1
2026-04-28,09:30:03.239,372.775,375.2225,0.652,down,250,4,None,202,True,1
2026-04-28,09:30:03.178,372.84,375.2225,0.635,down,100,4,None,202,True,1
2026-04-28,09:30:02.661,372.8275,375.2225,0.638,down,250,4,None,202,True,1
2026-04-28,09:30:01.974,373.2,375.2225,0.539,down,200,4,None,202,True,1
2026-04-28,09:30:03.351,372.724,375.2225,0.666,down,125,4,None,202,True,1
2026-04-28,09:30:01.453,373.3,375.2225,0.512,down,100,4,None,202,True,1
2026-04-28,09:30:02.827,372.885,375.2225,0.623,down,250,4,None,202,True,1
2026-04-28,09:30:03.448,372.69,375.2225,0.675,down,200,4,None,202,True,1
2026-04-28,09:30:03.448,372.69,375.2225,0.675,down,248,4,None,202,True,1
2026-04-28,09:30:03.177,372.91,375.2225,0.616,down,320,4,None,202,True,1
2026-04-28,09:30:03.455,372.72,375.2225,0.667,down,130,4,None,202,True,1
2026-04-28,09:30:03.455,372.72,375.2225,0.667,down,226,4,None,202,True,1
2026-04-28,09:30:03.457,372.72,375.2225,0.667,down,120,4,None,202,True,1
2026-04-28,09:30:03.178,372.8475,375.2225,0.633,down,100,4,None,202,True,1
2026-04-28,09:30:03.471,372.715,375.2225,0.668,down,130,4,None,202,True,1
2026-04-28,09:30:03.475,372.895,375.2225,0.62,down,537,4,None,202,True,1
2026-04-28,09:30:03.471,372.715,375.2225,0.668,down,100,4,None,202,True,1
2026-04-28,09:30:03.474,372.69,375.2225,0.675,down,200,4,None,202,True,1
2026-04-28,09:30:03.532,372.745,375.2225,0.66,down,340,4,None,202,True,1
2026-04-28,09:30:03.613,372.635,375.2225,0.69,down,250,4,None,202,True,1
2026-04-28,09:30:03.613,372.635,375.2225,0.69,down,190,4,None,202,True,1
2026-04-28,09:30:03.719,372.655,375.2225,0.684,down,130,4,None,202,True,1
2026-04-28,09:30:03.719,372.6575,375.2225,0.684,down,133,4,None,202,True,1
2026-04-28,09:30:03.719,372.655,375.2225,0.684,down,109,4,None,202,True,1
2026-04-28,09:30:03.719,372.655,375.2225,0.684,down,200,4,None,202,True,1
2026-04-28,09:30:03.719,372.6575,375.2225,0.684,down,117,4,None,202,True,1
2026-04-28,09:30:03.719,372.655,375.2225,0.684,down,200,4,None,202,True,1
2026-04-28,09:30:03.719,372.655,375.2225,0.684,down,220,4,None,202,True,1
2026-04-28,09:30:02.059,372.85,375.2225,0.632,down,500,4,None,202,True,1
2026-04-28,09:30:03.448,372.7275,375.2225,0.665,down,100,4,None,202,True,1
2026-04-28,09:30:03.764,372.5508,375.2225,0.712,down,185,4,None,202,True,1
2026-04-28,09:30:03.719,372.6825,375.2225,0.677,down,250,4,None,202,True,1
2026-04-28,09:30:03.813,372.58,375.2225,0.704,down,130,4,None,202,True,1
2026-04-28,09:30:03.857,372.6625,375.2225,0.682,down,160,4,None,202,True,1
2026-04-28,09:30:03.857,372.625,375.2225,0.692,down,160,4,None,202,True,1
2026-04-28,09:30:03.858,372.7,375.2225,0.672,down,160,4,None,202,True,1
2026-04-28,09:30:03.858,372.7,375.2225,0.672,down,160,4,None,202,True,1
2026-04-28,09:30:03.857,372.7,375.2225,0.672,down,160,4,None,202,True,1
2026-04-28,09:30:03.858,372.625,375.2225,0.692,down,145,4,None,202,True,1
2026-04-28,09:30:03.843,372.625,375.2225,0.692,down,458,4,None,202,True,1
2026-04-28,09:30:03.719,372.72,375.2225,0.667,down,100,4,None,202,True,1
2026-04-28,09:30:03.919,372.64,375.2225,0.688,down,248,4,None,202,True,1
2026-04-28,09:30:03.919,372.64,375.2225,0.688,down,200,4,None,202,True,1
2026-04-28,09:30:03.919,372.64,375.2225,0.688,down,100,4,None,202,True,1
2026-04-28,09:30:03.919,372.64,375.2225,0.688,down,250,4,None,202,True,1
2026-04-28,09:30:03.919,372.64,375.2225,0.688,down,150,4,None,202,True,1
2026-04-28,09:30:03.857,372.6625,375.2225,0.682,down,100,4,None,202,True,1
2026-04-28,09:30:03.940,372.64,375.2225,0.688,down,172,4,None,202,True,1
2026-04-28,09:30:03.156,372.7502,375.2225,0.659,down,100,4,None,202,True,1
2026-04-28,09:30:03.157,372.751,375.2225,0.659,down,3000,4,None,202,True,1
2026-04-28,09:30:03.188,372.89,375.2225,0.622,down,100,4,None,202,True,1
2026-04-28,09:30:03.448,372.69,375.2225,0.675,down,100,4,None,202,True,1
2026-04-28,09:30:03.448,372.705,375.2225,0.671,down,150,4,None,202,True,1
2026-04-28,09:30:03.919,372.645,375.2225,0.687,down,250,4,None,202,True,1
2026-04-28,09:30:04.381,372.75,375.2225,0.659,down,100,4,None,203,True,1
2026-04-28,09:30:04.173,372.73,375.2225,0.664,down,100,4,None,202,True,1
2026-04-28,09:30:04.173,372.73,375.2225,0.664,down,100,4,None,202,True,1
2026-04-28,09:30:04.020,372.69,375.2225,0.675,down,100,4,None,202,True,1
2026-04-28,09:30:03.858,372.67,375.2225,0.68,down,160,4,None,202,True,1
2026-04-28,09:30:04.379,372.75,375.2225,0.659,down,367,4,None,202,True,1
2026-04-28,09:30:04.381,372.75,375.2225,0.659,down,358,4,None,202,True,1
2026-04-28,09:30:04.379,372.7,375.2225,0.672,down,100,4,None,202,True,1
2026-04-28,09:30:03.066,372.75,375.2225,0.659,down,100,4,None,202,True,1
2026-04-28,09:30:04.595,372.83,375.2225,0.638,down,4100,4,None,202,True,1
2026-04-28,09:30:04.604,372.7,375.2225,0.672,down,4100,4,None,202,True,1
2026-04-28,09:30:04.605,372.702,375.2225,0.672,down,830,4,None,202,True,1
2026-04-28,09:30:04.618,372.7139,375.2225,0.669,down,644,4,None,202,True,1
2026-04-28,09:30:04.623,372.78,375.2225,0.651,down,100,4,None,202,True,1
2026-04-28,09:30:04.624,372.74,375.2225,0.662,down,300,4,None,202,True,1
2026-04-28,09:30:04.631,372.89,375.2225,0.622,down,240,4,None,202,True,1
2026-04-28,09:30:04.635,372.745,375.2225,0.66,down,200,4,None,202,True,1
2026-04-28,09:30:04.636,372.75,375.2225,0.659,down,100,4,None,202,True,1
2026-04-28,09:30:04.636,372.75,375.2225,0.659,down,220,4,None,202,True,1
2026-04-28,09:30:04.641,372.75,375.2225,0.659,down,160,4,None,202,True,1
2026-04-28,09:30:04.636,372.75,375.2225,0.659,down,200,4,None,202,True,1
2026-04-28,09:30:04.640,372.69,375.2225,0.675,down,100,4,None,202,True,1
2026-04-28,09:30:04.704,373.1099,375.2225,0.563,down,100,4,None,202,True,1
2026-04-28,09:30:04.741,372.6,375.2225,0.699,down,200,4,None,202,True,1
2026-04-28,09:30:04.741,372.54,375.2225,0.715,down,1226,4,None,202,True,1
2026-04-28,09:30:04.784,372.61,375.2225,0.696,down,1367,4,None,202,True,1
2026-04-28,09:30:04.789,372.61,375.2225,0.696,down,977,4,None,202,True,1
2026-04-28,09:30:04.804,372.855,375.2225,0.631,down,118,4,None,202,True,1
2026-04-28,09:30:04.818,372.75,375.2225,0.659,down,100,4,None,202,True,1
2026-04-28,09:30:04.635,372.67,375.2225,0.68,down,100,4,None,202,True,1
2026-04-28,09:30:04.831,372.6,375.2225,0.699,down,100,4,None,202,True,1
2026-04-28,09:30:04.831,372.6,375.2225,0.699,down,200,4,None,202,True,1
2026-04-28,09:30:04.833,372.6,375.2225,0.699,down,205,4,None,202,True,1
2026-04-28,09:30:04.901,372.855,375.2225,0.631,down,100,4,None,202,True,1
2026-04-28,09:30:04.904,372.65,375.2225,0.686,down,200,4,None,202,True,1
2026-04-28,09:30:04.904,372.61,375.2225,0.696,down,100,4,None,202,True,1
2026-04-28,09:30:04.916,372.855,375.2225,0.631,down,250,4,None,202,True,1
2026-04-28,09:30:04.918,372.855,375.2225,0.631,down,250,4,None,202,True,1
2026-04-28,09:30:04.925,372.855,375.2225,0.631,down,250,4,None,202,True,1
2026-04-28,09:30:04.925,372.61,375.2225,0.696,down,1749,4,None,202,True,1
2026-04-28,09:30:04.925,372.61,375.2225,0.696,down,200,4,None,202,True,1
2026-04-28,09:30:04.925,372.61,375.2225,0.696,down,100,4,None,202,True,1
2026-04-28,09:30:01.636,373.25,375.2225,0.526,down,184,4,None,202,True,1
2026-04-28,09:30:04.940,372.85,375.2225,0.632,down,158,4,None,201,True,1
2026-04-28,09:30:05.003,372.85,375.2225,0.632,down,158,4,None,201,True,1
2026-04-28,09:30:04.897,372.855,375.2225,0.631,down,250,4,None,202,True,1
2026-04-28,09:30:01.641,373.25,375.2225,0.526,down,200,4,None,202,True,1
2026-04-28,09:30:04.919,372.855,375.2225,0.631,down,186,4,None,202,True,1
2026-04-28,09:30:05.098,373.34,375.2225,0.502,down,100,4,None,202,True,1
2026-04-28,09:30:01.389,373.33,375.2225,0.504,down,200,4,None,202,True,1
2026-04-28,09:30:02.666,372.81,375.2225,0.643,down,100,4,None,202,True,1
2026-04-28,09:30:01.737,373.1,375.2225,0.566,down,520,4,None,202,True,1
2026-04-28,09:30:02.937,372.7501,375.2225,0.659,down,1000,4,None,202,True,1
2026-04-28,09:30:05.020,373.26,375.2225,0.523,down,200,4,None,202,True,1
2026-04-28,09:30:04.186,372.62,375.2225,0.694,down,100,4,None,202,True,1
2026-04-28,09:30:04.090,372.75,375.2225,0.659,down,200,4,None,202,True,1
2026-04-28,09:30:04.281,372.75,375.2225,0.659,down,100,4,None,202,True,1
2026-04-28,09:30:03.251,372.65,375.2225,0.686,down,760,4,None,202,True,1
2026-04-28,09:30:03.608,372.59,375.2225,0.702,down,150,4,None,202,True,1
2026-04-28,09:30:01.679,373.175,375.2225,0.546,down,200,4,None,202,True,1
2026-04-28,09:30:01.684,373.165,375.2225,0.548,down,100,4,None,202,True,1
2026-04-28,09:30:02.514,372.81,375.2225,0.643,down,800,4,None,202,True,1
2026-04-28,09:30:02.543,372.815,375.2225,0.642,down,100,4,None,202,True,1
2026-04-28,09:30:03.236,372.775,375.2225,0.652,down,458,4,None,202,True,1
2026-04-28,09:30:40.916,377.1,375.2225,0.5,up,120,4,None,202,True,2
2026-04-28,09:30:40.917,377.1,375.2225,0.5,up,160,4,None,202,True,2
2026-04-28,09:30:40.923,377.1,375.2225,0.5,up,180,4,None,202,True,2
2026-04-28,09:30:40.924,377.1,375.2225,0.5,up,160,4,None,202,True,2
2026-04-28,09:31:06.491,374.27,376.185,0.509,down,106,4,None,202,True,1
2026-04-28,09:31:06.491,374.27,376.185,0.509,down,125,4,None,202,True,1
2026-04-28,09:31:06.794,374.2713,376.185,0.509,down,100,4,None,202,True,1
2026-04-28,09:31:08.792,374.2901,376.185,0.504,down,500,4,None,202,True,1
2026-05-01,09:30:22.080,385.7999,383.8775,0.501,up,320,4,None,202,True,1
2026-05-01,09:30:22.422,385.85,383.8775,0.514,up,300,4,None,202,True,1
2026-05-01,09:30:22.444,385.873,383.8775,0.52,up,300,4,None,202,True,1
2026-05-01,09:30:22.476,385.815,383.8775,0.505,up,200,4,None,202,True,1
2026-05-01,09:30:22.488,385.862,383.8775,0.517,up,100,4,None,202,True,1
2026-05-01,09:30:22.676,385.8813,383.8775,0.522,up,100,4,None,202,True,1
2026-05-01,09:30:22.489,385.82,383.8775,0.506,up,150,4,None,202,True,1
2026-05-01,09:30:22.696,385.8813,383.8775,0.522,up,100,4,None,202,True,1
2026-05-01,09:30:22.706,385.8999,383.8775,0.527,up,500,4,None,202,True,1
2026-05-01,09:30:22.861,385.9499,383.8775,0.54,up,140,4,None,202,True,1
2026-05-01,09:30:22.916,385.9298,383.8775,0.535,up,100,4,None,202,True,1
2026-05-01,09:30:23.023,385.9077,383.8775,0.529,up,100,4,None,202,True,1
2026-05-01,09:30:23.031,385.98,383.8775,0.548,up,160,4,None,202,True,1
2026-05-01,09:30:23.032,385.98,383.8775,0.548,up,320,4,None,202,True,1
2026-05-01,09:30:23.034,386,383.8775,0.553,up,100,4,None,202,True,1
2026-05-01,09:30:23.037,386,383.8775,0.553,up,452,4,None,202,True,1
2026-05-01,09:30:23.033,386,383.8775,0.553,up,440,4,None,202,True,1
2026-05-01,09:30:23.071,385.9001,383.8775,0.527,up,100,4,None,202,True,1
2026-05-01,09:30:23.076,385.9123,383.8775,0.53,up,100,4,None,202,True,1
2026-05-01,09:30:23.096,386,383.8775,0.553,up,320,4,None,202,True,1
2026-05-01,09:30:23.095,386,383.8775,0.553,up,480,4,None,202,True,1
2026-05-01,09:30:23.104,386.0199,383.8775,0.558,up,1000,4,None,202,True,1
2026-05-01,09:30:23.166,386.06,383.8775,0.569,up,725,4,None,202,True,1
2026-05-01,09:30:23.169,386.09,383.8775,0.576,up,600,4,None,202,True,1
2026-05-01,09:30:23.174,386.0142,383.8775,0.557,up,200,4,None,202,True,1
2026-05-01,09:30:23.185,386.0488,383.8775,0.566,up,200,4,None,202,True,1
2026-05-01,09:30:23.049,385.95,383.8775,0.54,up,250,4,None,202,True,1
2026-05-01,09:30:23.245,385.88,383.8775,0.522,up,1500,4,None,202,True,1
2026-05-01,09:30:23.274,385.88,383.8775,0.522,up,500,4,None,202,True,1
2026-05-01,09:30:23.470,385.915,383.8775,0.531,up,500,4,None,202,True,1
2026-05-01,09:30:23.499,385.915,383.8775,0.531,up,220,4,None,202,True,1
2026-05-01,09:30:23.503,385.94,383.8775,0.537,up,100,4,None,202,True,1
2026-05-01,09:30:23.503,385.915,383.8775,0.531,up,100,4,None,202,True,1
2026-05-01,09:30:23.505,385.945,383.8775,0.539,up,100,4,None,202,True,1
2026-05-01,09:30:23.560,385.9504,383.8775,0.54,up,100,4,None,202,True,1
2026-05-01,09:30:23.567,385.9992,383.8775,0.553,up,560,4,None,202,True,1
2026-05-01,09:30:23.781,385.8,383.8775,0.501,up,200,4,None,202,True,1
2026-05-01,09:30:23.888,385.8999,383.8775,0.527,up,600,4,None,202,True,1
2026-05-01,09:30:25.750,385.8599,383.8775,0.516,up,100,4,None,202,True,1
2026-05-01,09:32:05.756,387.27,385.26,0.522,up,100,4,None,202,True,1
2026-05-01,09:32:05.848,387.36,385.26,0.545,up,100,4,None,203,True,1
2026-05-01,09:32:05.952,387.295,385.26,0.528,up,300,4,None,202,True,1
2026-05-01,09:32:05.996,387.2454,385.26,0.515,up,200,4,None,202,True,1
2026-05-01,09:32:06.011,387.38,385.26,0.55,up,140,4,None,202,True,1
2026-05-01,09:32:06.033,387.3965,385.26,0.555,up,150,4,None,202,True,1
2026-05-01,09:32:06.096,387.295,385.26,0.528,up,300,4,None,202,True,1
2026-05-01,09:32:06.100,387.36,385.26,0.545,up,200,4,None,202,True,1
2026-05-01,09:32:06.098,387.38,385.26,0.55,up,100,4,None,203,True,1
2026-05-01,09:32:06.278,387.305,385.26,0.531,up,220,4,None,202,True,1
2026-05-01,09:35:38.672,381.77,383.695,0.502,down,100,4,None,202,False,
2026-05-01,09:35:38.677,381.76,383.695,0.504,down,250,4,None,202,False,
2026-05-04,09:30:11.989,391.51,389.26,0.578,up,130,4,None,202,True,1
2026-05-04,09:30:11.992,391.5336,389.26,0.584,up,450,4,None,202,True,1
2026-05-04,09:30:12.031,391.62,389.26,0.606,up,120,4,None,202,True,1
2026-05-04,09:30:12.093,391.7485,389.26,0.639,up,100,4,None,202,True,1
2026-05-04,09:30:12.135,391.725,389.26,0.633,up,100,4,None,202,True,1
2026-05-04,09:30:12.149,391.7499,389.26,0.64,up,229,4,None,202,True,1
2026-05-04,09:30:12.274,391.73,389.26,0.635,up,100,4,None,202,True,1
2026-05-04,09:30:12.310,391.8416,389.26,0.663,up,100,4,None,202,True,1
2026-05-04,09:30:12.456,391.77,389.26,0.645,up,100,4,None,202,True,1
2026-05-04,09:30:12.456,391.765,389.26,0.644,up,100,4,None,202,True,1
2026-05-04,09:30:12.456,391.77,389.26,0.645,up,100,4,None,202,True,1
2026-05-04,09:30:12.477,391.76,389.26,0.642,up,100,4,None,202,True,1
2026-05-04,09:30:12.479,391.585,389.26,0.597,up,380,4,None,202,True,1
2026-05-04,09:30:12.649,391.5078,389.26,0.577,up,100,4,None,202,True,1
2026-05-04,09:30:12.860,391.809,389.26,0.655,up,100,4,None,201,True,1
2026-05-04,09:30:12.924,391.585,389.26,0.597,up,600,4,None,202,True,1
2026-05-04,09:30:13.103,391.64,389.26,0.611,up,486,4,None,202,True,1
2026-05-04,09:30:13.103,391.64,389.26,0.611,up,100,4,None,202,True,1
2026-05-04,09:30:13.103,391.62,389.26,0.606,up,100,4,None,202,True,1
2026-05-04,09:30:13.103,391.79,389.26,0.65,up,238,4,None,203,True,1
2026-05-04,09:30:13.343,391.81,389.26,0.655,up,560,4,None,202,True,1
2026-05-04,09:30:13.346,391.81,389.26,0.655,up,840,4,None,202,True,1
2026-05-04,09:30:13.353,391.64,389.26,0.611,up,100,4,None,202,True,1
2026-05-04,09:30:13.379,391.64,389.26,0.611,up,100,4,None,202,True,1
2026-05-04,09:30:13.384,391.55,389.26,0.588,up,100,4,None,202,True,1
2026-05-04,09:30:13.384,391.48,389.26,0.57,up,119,4,None,202,True,1
2026-05-04,09:30:13.398,391.245,389.26,0.51,up,300,4,None,202,True,1
2026-05-04,09:30:13.399,391.245,389.26,0.51,up,360,4,None,202,True,1
2026-05-04,09:30:13.407,391.245,389.26,0.51,up,680,4,None,202,True,1
2026-05-04,09:30:13.681,391.4001,389.26,0.55,up,100,4,None,202,True,1
2026-05-04,09:30:13.724,391.44,389.26,0.56,up,220,4,None,202,True,1
2026-05-04,09:30:13.573,391.4,389.26,0.55,up,320,4,None,202,True,1
2026-05-04,09:30:13.753,391.4,389.26,0.55,up,200,4,None,202,True,1
2026-05-04,09:30:13.880,391.4,389.26,0.55,up,360,4,None,202,True,1
2026-05-04,09:30:13.907,391.8,389.26,0.653,up,160,4,None,202,True,1
2026-05-04,09:30:14.072,391.5299,389.26,0.583,up,241,4,None,202,True,1
2026-05-04,09:30:14.181,391.3559,389.26,0.538,up,100,4,None,202,True,1
2026-05-04,09:30:14.194,391.5299,389.26,0.583,up,100,4,None,202,True,1
2026-05-04,09:30:14.277,391.27,389.26,0.516,up,400,4,None,202,True,1
2026-05-04,09:30:14.281,391.3837,389.26,0.546,up,127,4,None,202,True,1
2026-05-04,09:30:14.361,391.27,389.26,0.516,up,535,4,None,202,True,1
2026-05-04,09:30:14.507,391.565,389.26,0.592,up,250,4,None,202,True,1
2026-05-04,09:30:14.527,391.6622,389.26,0.617,up,100,4,None,202,True,1
2026-05-04,09:30:14.703,391.5675,389.26,0.593,up,100,4,None,202,True,1
2026-05-04,09:30:14.790,391.565,389.26,0.592,up,100,4,None,202,True,1
2026-05-04,09:30:14.888,391.6622,389.26,0.617,up,100,4,None,202,True,1
2026-05-04,09:30:14.960,391.86,389.26,0.668,up,120,4,None,202,True,1
2026-05-04,09:30:14.964,391.565,389.26,0.592,up,100,4,None,202,True,1
2026-05-04,09:30:14.967,391.565,389.26,0.592,up,250,4,None,202,True,1
2026-05-04,09:30:15.165,391.625,389.26,0.608,up,400,4,None,202,True,1
2026-05-04,09:30:15.187,391.625,389.26,0.608,up,100,4,None,202,True,1
2026-05-04,09:30:15.516,391.6795,389.26,0.622,up,100,4,None,202,True,1
2026-05-04,09:30:13.602,391.77,389.26,0.645,up,100,4,None,202,True,1
2026-05-04,09:30:15.804,391.6,389.26,0.601,up,500,4,None,202,True,1
2026-05-04,09:30:15.904,391.6795,389.26,0.622,up,100,4,None,202,True,1
2026-05-04,09:30:16.187,391.665,389.26,0.618,up,120,4,None,202,True,1
2026-05-04,09:30:16.276,391.7477,389.26,0.639,up,200,4,None,201,True,1
2026-05-04,09:30:16.278,391.665,389.26,0.618,up,160,4,None,202,True,1
2026-05-04,09:30:16.278,391.665,389.26,0.618,up,120,4,None,202,True,1
2026-05-04,09:30:16.284,391.76,389.26,0.642,up,160,4,None,201,True,1
2026-05-04,09:30:16.439,391.67,389.26,0.619,up,100,4,None,202,True,1
2026-05-04,09:30:16.439,391.67,389.26,0.619,up,200,4,None,202,True,1
2026-05-04,09:30:16.454,391.77,389.26,0.645,up,200,4,None,201,True,1
2026-05-04,09:30:16.614,391.7742,389.26,0.646,up,100,4,None,202,True,1
2026-05-04,09:30:16.626,391.665,389.26,0.618,up,200,4,None,202,True,1
2026-05-04,09:30:16.680,391.7742,389.26,0.646,up,100,4,None,202,True,1
2026-05-04,09:30:16.835,391.81,389.26,0.655,up,100,4,None,202,True,1
2026-05-04,09:30:16.850,391.74,389.26,0.637,up,180,4,None,202,True,1
2026-05-04,09:30:16.917,391.74,389.26,0.637,up,100,4,None,202,True,1
2026-05-04,09:30:14.083,391.265,389.26,0.515,up,100,4,None,202,True,1
2026-05-04,09:30:14.254,391.27,389.26,0.516,up,100,4,None,202,True,1
2026-05-04,09:30:14.471,391.7999,389.26,0.653,up,704,4,None,202,True,1
2026-05-04,09:30:17.160,392.05,389.26,0.717,up,400,4,None,202,True,1
2026-05-04,09:30:17.168,392.005,389.26,0.705,up,104,4,None,202,True,1
2026-05-04,09:30:17.209,392.025,389.26,0.71,up,120,4,None,202,True,1
2026-05-04,09:30:17.211,392.078,389.26,0.724,up,285,4,None,202,True,1
2026-05-04,09:30:17.214,392,389.26,0.704,up,191,4,None,201,True,1
2026-05-04,09:30:17.343,392.2443,389.26,0.767,up,200,4,None,202,True,1
2026-05-04,09:30:17.376,392.29,389.26,0.778,up,120,4,None,202,True,1
2026-05-04,09:30:17.382,392.29,389.26,0.778,up,100,4,None,202,True,1
2026-05-04,09:30:17.452,392.32,389.26,0.786,up,160,4,None,202,True,1
2026-05-04,09:30:17.516,392.17,389.26,0.748,up,100,4,None,202,True,1
2026-05-04,09:30:17.517,392.17,389.26,0.748,up,100,4,None,202,True,1
2026-05-04,09:30:17.520,392.24,389.26,0.766,up,650,4,None,202,True,1
2026-05-04,09:30:17.520,392.03,389.26,0.712,up,120,4,None,202,True,1
2026-05-04,09:30:17.524,392.24,389.26,0.766,up,510,4,None,202,True,1
2026-05-04,09:30:17.526,392.03,389.26,0.712,up,250,4,None,202,True,1
2026-05-04,09:30:14.765,391.565,389.26,0.592,up,100,4,None,202,True,1
2026-05-04,09:30:17.554,392.09,389.26,0.727,up,360,4,None,202,True,1
2026-05-04,09:30:17.573,391.82,389.26,0.658,up,100,4,None,202,True,1
2026-05-04,09:30:17.133,391.99,389.26,0.701,up,480,4,None,202,True,1
2026-05-04,09:30:17.731,392.3599,389.26,0.796,up,150,4,None,202,True,1
2026-05-04,09:30:17.133,392,389.26,0.704,up,320,4,None,202,True,1
2026-05-04,09:30:18.077,392.36,389.26,0.796,up,120,4,None,202,True,1
2026-05-04,09:30:18.373,391.98,389.26,0.699,up,200,4,None,202,True,1
2026-05-04,09:30:18.624,392.075,389.26,0.723,up,166,4,None,201,True,1
2026-05-04,09:30:18.643,392.0675,389.26,0.721,up,100,4,None,202,True,1
2026-05-04,09:30:18.643,392.0725,389.26,0.723,up,100,4,None,202,True,1
2026-05-04,09:30:18.643,392.075,389.26,0.723,up,360,4,None,202,True,1
2026-05-04,09:30:18.643,392.075,389.26,0.723,up,320,4,None,202,True,1
2026-05-04,09:30:18.643,392.075,389.26,0.723,up,100,4,None,202,True,1
2026-05-04,09:30:18.643,392.075,389.26,0.723,up,200,4,None,202,True,1
2026-05-04,09:30:18.694,391.8601,389.26,0.668,up,2000,4,None,202,True,1
2026-05-04,09:30:18.754,392.2614,389.26,0.771,up,840,4,None,202,True,1
2026-05-04,09:30:18.782,392.075,389.26,0.723,up,100,4,None,202,True,1
2026-05-04,09:30:18.796,392.075,389.26,0.723,up,200,4,None,202,True,1
2026-05-04,09:30:18.749,392.075,389.26,0.723,up,160,4,None,202,True,1
2026-05-04,09:30:18.851,392.2899,389.26,0.778,up,125,4,None,202,True,1
2026-05-04,09:30:18.884,392.2899,389.26,0.778,up,450,4,None,202,True,1
2026-05-04,09:30:18.925,392.1508,389.26,0.743,up,100,4,None,201,True,1
2026-05-04,09:30:18.935,392.075,389.26,0.723,up,100,4,None,202,True,1
2026-05-04,09:30:19.340,392.06,389.26,0.719,up,130,4,None,202,True,1
2026-05-04,09:30:19.331,392.06,389.26,0.719,up,120,4,None,202,True,1
2026-05-04,09:30:19.754,391.9825,389.26,0.699,up,100,4,None,202,True,1
2026-05-04,09:30:19.768,392.1199,389.26,0.735,up,100,4,None,202,True,1
2026-05-04,09:30:19.882,391.925,389.26,0.685,up,160,4,None,202,True,1
2026-05-04,09:30:19.727,391.885,389.26,0.674,up,100,4,None,202,True,1
2026-05-04,09:30:19.727,391.87,389.26,0.671,up,300,4,None,202,True,1
2026-05-04,09:30:20.026,391.7576,389.26,0.642,up,100,4,None,202,True,1
2026-05-04,09:30:20.071,391.9299,389.26,0.686,up,400,4,None,202,True,1
2026-05-04,09:30:20.113,391.7577,389.26,0.642,up,100,4,None,202,True,1
2026-05-04,09:30:20.166,391.83,389.26,0.66,up,250,4,None,202,True,1
2026-05-04,09:30:20.168,391.845,389.26,0.664,up,100,4,None,202,True,1
2026-05-04,09:30:20.167,391.8375,389.26,0.662,up,100,4,None,202,True,1
2026-05-04,09:30:20.255,391.98,389.26,0.699,up,100,4,None,202,True,1
2026-05-04,09:30:20.591,391.345,389.26,0.536,up,200,4,None,202,True,1
2026-05-04,09:30:20.646,391.24,389.26,0.509,up,450,4,None,202,True,1
2026-05-04,09:30:20.664,391.35,389.26,0.537,up,223,4,None,202,True,1
2026-05-04,09:30:21.073,391.5399,389.26,0.586,up,400,4,None,202,True,1
2026-05-04,09:30:21.197,391.265,389.26,0.515,up,200,4,None,202,True,1
2026-05-04,09:30:11.938,391.34,389.26,0.534,up,297,4,[32],202,True,1
2026-05-04,09:30:11.942,391.34,389.26,0.534,up,200,4,[32],202,True,1
2026-05-04,09:30:14.880,391.6535,389.26,0.615,up,100,4,None,202,True,1
2026-05-04,09:30:19.739,392.029,389.26,0.711,up,100,4,None,202,True,1
2026-05-04,11:43:16.914,389.3174,386.8175,0.646,up,158,4,"[10, 22, 41]",202,True,1
2026-05-05,09:30:25.735,397.61,395.605,0.507,up,100,4,None,202,True,1
2026-05-05,09:30:25.747,397.59,395.605,0.502,up,250,4,None,202,True,1
2026-05-05,09:30:25.796,397.59,395.605,0.502,up,100,4,None,202,True,1
2026-05-05,09:30:25.812,397.59,395.605,0.502,up,120,4,None,202,True,1
2026-05-05,09:30:25.833,397.5902,395.605,0.502,up,160,4,None,202,True,1
2026-05-05,09:30:25.947,397.6663,395.605,0.521,up,100,4,None,202,True,1
2026-05-05,09:30:25.954,397.6701,395.605,0.522,up,100,4,None,202,True,1
2026-05-05,09:30:25.974,397.745,395.605,0.541,up,160,4,None,202,True,1
2026-05-05,09:30:25.976,397.7304,395.605,0.537,up,303,4,None,202,True,1
2026-05-05,09:30:26.012,397.7701,395.605,0.547,up,500,4,None,202,True,1
2026-05-05,09:30:25.879,397.68,395.605,0.525,up,100,4,None,202,True,1
2026-05-05,09:30:26.077,397.785,395.605,0.551,up,300,4,None,202,True,1
2026-05-05,09:30:26.090,397.78,395.605,0.55,up,500,4,None,202,True,1
2026-05-05,09:30:26.139,397.825,395.605,0.561,up,200,4,None,202,True,1
2026-05-05,09:30:26.140,397.8496,395.605,0.567,up,1400,4,None,202,True,1
2026-05-05,09:30:26.152,397.88,395.605,0.575,up,900,4,None,202,True,1
2026-05-05,09:30:26.166,398.01,395.605,0.608,up,787,4,None,202,True,1
2026-05-05,09:30:26.165,398.01,395.605,0.608,up,100,4,None,202,True,1
2026-05-05,09:30:26.176,398.04,395.605,0.616,up,200,4,None,202,True,1
2026-05-05,09:30:26.159,398,395.605,0.605,up,520,4,None,202,True,1
2026-05-05,09:30:26.203,398,395.605,0.605,up,200,4,None,202,True,1
2026-05-05,09:30:26.284,398.06,395.605,0.621,up,100,4,None,202,True,1
2026-05-05,09:30:26.295,398.068,395.605,0.623,up,178,4,None,202,True,1
2026-05-05,09:30:26.390,398.0869,395.605,0.627,up,200,4,None,202,True,1
2026-05-05,09:30:26.489,398.2,395.605,0.656,up,160,4,None,202,True,1
2026-05-05,09:30:26.516,398.13,395.605,0.638,up,100,4,None,202,True,1
2026-05-05,09:30:26.578,398.13,395.605,0.638,up,100,4,None,202,True,1
2026-05-05,09:30:26.301,398.07,395.605,0.623,up,120,4,None,202,True,1
2026-05-05,09:30:26.686,398.17,395.605,0.648,up,640,4,None,202,True,1
2026-05-05,09:30:26.729,398.185,395.605,0.652,up,100,4,None,202,True,1
2026-05-05,09:30:26.756,398.25,395.605,0.669,up,1400,4,None,202,True,1
2026-05-05,09:30:26.776,398.205,395.605,0.657,up,150,4,None,202,True,1
2026-05-05,09:30:26.782,398.205,395.605,0.657,up,100,4,None,202,True,1
2026-05-05,09:30:26.800,398.205,395.605,0.657,up,100,4,None,201,True,1
2026-05-05,09:30:26.804,398.1448,395.605,0.642,up,100,4,None,202,True,1
2026-05-05,09:30:26.807,398.2108,395.605,0.659,up,100,4,None,202,True,1
2026-05-05,09:30:26.815,398.29,395.605,0.679,up,100,4,None,202,True,1
2026-05-05,09:30:26.941,398.185,395.605,0.652,up,500,4,None,202,True,1
2026-05-05,09:30:26.663,398.185,395.605,0.652,up,300,4,None,202,True,1
2026-05-05,09:30:27.024,397.92,395.605,0.585,up,450,4,None,202,True,1
2026-05-05,09:30:27.027,398,395.605,0.605,up,220,4,None,202,True,1
2026-05-05,09:30:27.096,397.97,395.605,0.598,up,150,4,None,202,True,1
2026-05-05,09:30:27.126,397.97,395.605,0.598,up,200,4,None,202,True,1
2026-05-05,09:30:27.226,398,395.605,0.605,up,118,4,None,202,True,1
2026-05-05,09:30:27.280,397.9099,395.605,0.583,up,100,4,None,202,True,1
2026-05-05,09:30:27.352,397.595,395.605,0.503,up,100,4,None,202,True,1
2026-05-05,09:30:27.444,397.65,395.605,0.517,up,100,4,None,202,True,1
2026-05-05,09:30:27.470,397.7206,395.605,0.535,up,1000,4,None,202,True,1
2026-05-05,09:30:27.473,397.6501,395.605,0.517,up,200,4,None,202,True,1
2026-05-05,09:30:27.530,397.685,395.605,0.526,up,300,4,None,202,True,1
2026-05-05,09:30:27.638,397.685,395.605,0.526,up,150,4,None,202,True,1
2026-05-05,09:30:27.644,397.665,395.605,0.521,up,100,4,None,202,True,1
2026-05-05,09:30:27.683,397.715,395.605,0.533,up,200,4,None,202,True,1
2026-05-05,09:30:27.694,397.78,395.605,0.55,up,255,4,None,202,True,1
2026-05-05,09:30:27.695,397.82,395.605,0.56,up,234,4,None,202,True,1
2026-05-05,09:30:27.747,397.96,395.605,0.595,up,100,4,None,202,True,1
2026-05-05,09:30:27.747,397.955,395.605,0.594,up,100,4,None,202,True,1
2026-05-05,09:30:27.804,397.715,395.605,0.533,up,300,4,None,202,True,1
2026-05-05,09:30:27.812,397.715,395.605,0.533,up,100,4,None,202,True,1
2026-05-05,09:30:27.932,397.7644,395.605,0.546,up,100,4,None,202,True,1
2026-05-05,09:30:27.954,397.7262,395.605,0.536,up,450,4,None,202,True,1
2026-05-05,09:30:28.075,397.605,395.605,0.506,up,400,4,None,202,True,1
2026-05-05,09:30:28.153,397.6,395.605,0.504,up,100,4,None,202,True,1
2026-05-05,09:30:28.156,397.86,395.605,0.57,up,100,4,None,202,True,1
2026-05-05,09:30:28.197,397.7977,395.605,0.554,up,250,4,None,202,True,1
2026-05-05,09:30:28.232,397.5951,395.605,0.503,up,100,4,None,202,True,1
2026-05-05,09:30:28.339,397.585,395.605,0.5,up,500,4,None,202,True,1
2026-05-05,09:30:28.358,397.585,395.605,0.5,up,300,4,None,202,True,1
2026-05-05,09:30:31.883,397.648,395.605,0.516,up,100,4,None,202,True,1
2026-05-05,09:30:32.025,397.76,395.605,0.545,up,100,4,None,202,True,1
2026-05-05,09:30:32.025,397.75,395.605,0.542,up,100,4,None,203,True,1
2026-05-05,09:30:32.125,397.66,395.605,0.519,up,100,4,None,202,True,1
2026-05-05,09:30:32.140,397.66,395.605,0.519,up,100,4,None,202,True,1
2026-05-05,09:30:32.118,397.66,395.605,0.519,up,120,4,None,201,True,1
2026-05-05,09:30:32.186,397.7628,395.605,0.545,up,102,4,None,202,True,1
2026-05-05,09:30:32.217,397.77,395.605,0.547,up,150,4,None,202,True,1
2026-05-05,09:30:32.346,397.66,395.605,0.519,up,100,4,None,202,True,1
2026-05-05,09:30:32.501,397.6082,395.605,0.506,up,240,4,None,202,True,1
2026-05-05,09:30:32.629,397.59,395.605,0.502,up,150,4,None,202,True,1
2026-05-05,09:30:31.739,397.5845,395.605,0.5,up,240,4,None,202,True,1
2026-05-05,09:30:32.766,397.7699,395.605,0.547,up,100,4,None,202,True,1
2026-05-05,09:30:32.911,397.7699,395.605,0.547,up,100,4,None,202,True,1
2026-05-05,09:30:32.947,397.75,395.605,0.542,up,100,4,None,202,True,1
2026-05-05,09:30:32.963,397.6549,395.605,0.518,up,150,4,None,202,True,1
2026-05-05,09:30:33.016,397.7648,395.605,0.546,up,150,4,None,202,True,1
2026-05-05,09:30:33.039,397.67,395.605,0.522,up,130,4,None,202,True,1
2026-05-05,09:30:33.053,397.66,395.605,0.519,up,200,4,None,202,True,1
2026-05-05,09:30:33.245,397.7683,395.605,0.547,up,100,4,None,202,True,1
2026-05-05,09:30:33.296,397.66,395.605,0.519,up,200,4,None,202,True,1
2026-05-05,09:30:33.528,397.66,395.605,0.519,up,200,4,None,202,True,1
2026-05-05,09:30:33.557,397.7458,395.605,0.541,up,120,4,None,202,True,1
2026-05-05,09:30:33.593,397.7699,395.605,0.547,up,200,4,None,202,True,1
2026-05-05,09:30:33.630,397.77,395.605,0.547,up,360,4,None,202,True,1
2026-05-05,09:30:36.135,397.5938,395.605,0.503,up,160,4,None,202,True,1
2026-05-05,09:30:36.225,397.62,395.605,0.509,up,100,4,None,202,True,1
2026-05-05,09:30:36.252,397.62,395.605,0.509,up,250,4,None,202,True,1
2026-05-05,09:33:11.165,400.1,398.1,0.502,up,2921,4,None,202,True,1
2026-05-05,09:33:11.208,400.11,398.1,0.505,up,240,4,None,202,True,1
2026-05-05,09:33:11.222,400.11,398.1,0.505,up,100,4,None,202,True,1
2026-05-05,09:33:11.510,400.1,398.1,0.502,up,105,4,None,202,True,1
2026-05-05,09:33:11.509,400.1,398.1,0.502,up,337,4,None,203,True,1
2026-05-05,09:33:12.903,400.11,398.1,0.505,up,288,4,None,202,True,1
2026-05-05,09:33:13.022,400.125,398.1,0.509,up,100,4,None,202,True,1
2026-05-05,09:33:13.221,400.11,398.1,0.505,up,500,4,None,202,True,1
2026-05-05,09:33:13.240,400.21,398.1,0.53,up,100,4,None,202,True,1
2026-05-05,09:33:13.335,400.11,398.1,0.505,up,100,4,None,202,True,1
2026-05-05,09:33:13.338,400.21,398.1,0.53,up,100,4,None,202,True,1
2026-05-05,09:33:13.339,400.22,398.1,0.533,up,120,4,None,202,True,1
2026-05-05,09:33:13.346,400.28,398.1,0.548,up,320,4,None,202,True,1
2026-05-05,09:33:13.348,400.31,398.1,0.555,up,100,4,None,202,True,1
2026-05-05,09:33:13.348,400.3,398.1,0.553,up,100,4,None,202,True,1
2026-05-05,09:33:13.348,400.29,398.1,0.55,up,100,4,None,202,True,1
2026-05-05,09:33:13.348,400.31,398.1,0.555,up,100,4,None,202,True,1
2026-05-05,09:33:13.348,400.31,398.1,0.555,up,100,4,None,202,True,1
2026-05-05,09:33:13.351,400.26,398.1,0.543,up,125,4,None,202,True,1
2026-05-05,09:33:13.351,400.3,398.1,0.553,up,100,4,None,202,True,1
2026-05-05,09:33:13.352,400.28,398.1,0.548,up,200,4,None,202,True,1
2026-05-05,09:33:13.391,400.33,398.1,0.56,up,100,4,None,202,True,1
2026-05-05,09:33:13.440,400.27,398.1,0.545,up,100,4,None,202,True,1
2026-05-05,09:33:13.441,400.27,398.1,0.545,up,100,4,None,202,True,1
2026-05-05,09:33:13.491,400.29,398.1,0.55,up,300,4,None,202,True,1
2026-05-05,09:33:13.610,400.155,398.1,0.516,up,100,4,None,202,True,1
2026-05-05,09:33:13.633,400.32,398.1,0.558,up,100,4,None,202,True,1
2026-05-05,09:33:13.496,400.145,398.1,0.514,up,100,4,None,202,True,1
2026-05-05,09:33:13.729,400.33,398.1,0.56,up,300,4,None,202,True,1
2026-05-05,09:33:13.731,400.19,398.1,0.525,up,220,4,None,202,True,1
2026-05-05,09:33:13.750,400.245,398.1,0.539,up,100,4,None,202,True,1
2026-05-05,09:33:13.726,400.25,398.1,0.54,up,100,4,None,203,True,1
2026-05-05,09:33:13.907,400.12,398.1,0.507,up,300,4,None,202,True,1
2026-05-05,09:33:13.938,400.27,398.1,0.545,up,100,4,None,202,True,1
2026-05-05,09:33:13.938,400.27,398.1,0.545,up,100,4,None,202,True,1
2026-05-05,09:33:13.938,400.27,398.1,0.545,up,100,4,None,202,True,1
2026-05-05,09:33:13.938,400.27,398.1,0.545,up,100,4,None,202,True,1
2026-05-05,09:33:13.938,400.245,398.1,0.539,up,100,4,None,202,True,1
2026-05-05,09:33:13.938,400.27,398.1,0.545,up,100,4,None,202,True,1
2026-05-05,09:33:13.938,400.27,398.1,0.545,up,100,4,None,202,True,1
2026-05-05,09:33:13.938,400.27,398.1,0.545,up,100,4,None,202,True,1
2026-05-05,09:33:13.939,400.28,398.1,0.548,up,1320,4,None,202,True,1
2026-05-05,09:33:13.939,400.38,398.1,0.573,up,400,4,None,202,True,1
2026-05-05,09:33:13.946,400.325,398.1,0.559,up,100,4,None,202,True,1
2026-05-05,09:33:13.949,400.3,398.1,0.553,up,100,4,None,202,True,1
2026-05-05,09:33:13.954,400.23,398.1,0.535,up,300,4,None,202,True,1
2026-05-05,09:33:13.957,400.15,398.1,0.515,up,300,4,None,202,True,1
2026-05-05,09:33:13.959,400.245,398.1,0.539,up,100,4,None,202,True,1
2026-05-05,09:33:13.952,400.27,398.1,0.545,up,100,4,None,202,True,1
2026-05-05,09:33:14.062,400.2,398.1,0.528,up,571,4,None,202,True,1
2026-05-05,09:33:14.056,400.19,398.1,0.525,up,111,4,None,203,True,1
2026-05-05,09:33:14.092,400.1907,398.1,0.525,up,100,4,None,202,True,1
2026-05-05,09:33:14.063,400.22,398.1,0.533,up,229,4,None,203,True,1
2026-05-05,09:33:14.450,400.19,398.1,0.525,up,100,4,None,202,True,1
2026-05-05,09:33:14.450,400.19,398.1,0.525,up,100,4,None,202,True,1
2026-05-05,09:33:14.451,400.32,398.1,0.558,up,100,4,None,202,True,1
2026-05-05,09:33:14.451,400.32,398.1,0.558,up,100,4,None,202,True,1
2026-05-05,09:33:14.451,400.32,398.1,0.558,up,100,4,None,202,True,1
2026-05-05,09:33:14.460,400.19,398.1,0.525,up,100,4,None,202,True,1
2026-05-05,09:33:14.561,400.18,398.1,0.522,up,100,4,None,202,True,1
2026-05-05,09:33:14.646,400.22,398.1,0.533,up,100,4,None,202,True,1
2026-05-05,09:33:14.697,400.175,398.1,0.521,up,735,4,None,202,True,1
2026-05-05,09:33:14.460,400.18,398.1,0.522,up,100,4,None,202,True,1
2026-05-05,09:33:14.761,400.175,398.1,0.521,up,100,4,None,202,True,1
2026-05-05,09:33:14.785,400.175,398.1,0.521,up,700,4,None,202,True,1
2026-05-05,09:33:14.833,400.175,398.1,0.521,up,100,4,None,202,True,1
2026-05-05,09:33:14.833,400.13,398.1,0.51,up,100,4,None,202,True,1
2026-05-05,09:33:14.839,400.26,398.1,0.543,up,100,4,None,202,True,1
2026-05-05,09:33:14.839,400.26,398.1,0.543,up,100,4,None,202,True,1
2026-05-05,09:33:14.839,400.285,398.1,0.549,up,100,4,None,202,True,1
2026-05-05,09:33:14.839,400.3,398.1,0.553,up,100,4,None,202,True,1
2026-05-05,09:33:14.839,400.26,398.1,0.543,up,100,4,None,202,True,1
2026-05-05,09:33:14.839,400.28,398.1,0.548,up,100,4,None,202,True,1
2026-05-05,09:33:14.839,400.3,398.1,0.553,up,100,4,None,202,True,1
2026-05-05,09:33:14.839,400.26,398.1,0.543,up,200,4,None,202,True,1
2026-05-05,09:33:14.860,400.14,398.1,0.512,up,100,4,None,202,True,1
2026-05-05,09:33:14.896,400.28,398.1,0.548,up,100,4,None,202,True,1
2026-05-05,09:33:14.950,400.16,398.1,0.517,up,100,4,None,203,True,1
2026-05-05,09:33:15.192,400.1519,398.1,0.515,up,100,4,None,202,True,1
2026-05-05,09:33:15.223,400.145,398.1,0.514,up,120,4,None,202,True,1
2026-05-05,09:33:15.369,400.1896,398.1,0.525,up,100,4,None,202,True,1
2026-05-05,09:33:15.369,400.145,398.1,0.514,up,100,4,None,202,True,1
2026-05-05,09:33:15.566,400.14,398.1,0.512,up,200,4,None,202,True,1
2026-05-05,09:33:15.599,400.25,398.1,0.54,up,100,4,None,202,True,1
2026-05-05,09:33:15.837,400.14,398.1,0.512,up,340,4,None,202,True,1
2026-05-07,09:31:32.073,407.37,409.5075,0.522,down,360,4,None,202,True,7
2026-05-07,09:31:32.073,407.35,409.5075,0.527,down,144,4,None,202,True,7
2026-05-07,09:31:32.075,407.35,409.5075,0.527,down,200,4,None,202,True,7
2026-05-07,09:31:32.076,407.35,409.5075,0.527,down,450,4,None,202,True,7
2026-05-07,09:31:32.080,407.2,409.5075,0.563,down,100,4,None,202,True,7
2026-05-07,09:31:32.082,407.2,409.5075,0.563,down,450,4,None,202,True,7
2026-05-07,09:31:32.090,407.03,409.5075,0.605,down,200,4,None,202,True,7
2026-05-07,09:31:32.092,407,409.5075,0.612,down,172,4,None,202,True,7
2026-05-07,09:31:32.097,407,409.5075,0.612,down,154,4,None,202,True,7
2026-05-07,09:31:32.098,407,409.5075,0.612,down,100,4,None,202,True,7
2026-05-07,09:31:32.113,407.11,409.5075,0.585,down,100,4,None,202,True,7
2026-05-07,09:31:32.129,407.1,409.5075,0.588,down,278,4,None,202,True,7
2026-05-07,09:31:32.143,407.076,409.5075,0.594,down,400,4,None,202,True,7
2026-05-07,09:31:32.165,407.07,409.5075,0.595,down,300,4,None,202,True,7
2026-05-07,09:31:32.154,407.09,409.5075,0.59,down,100,4,None,203,True,7
2026-05-07,09:31:32.193,407.105,409.5075,0.587,down,100,4,None,202,True,7
2026-05-07,09:31:32.201,407.13,409.5075,0.581,down,105,4,None,202,True,7
2026-05-07,09:31:32.241,407.1,409.5075,0.588,down,117,4,None,202,True,7
2026-05-07,09:31:32.257,407.14,409.5075,0.578,down,117,4,None,202,True,7
2026-05-07,09:31:32.320,407.22,409.5075,0.559,down,200,4,None,202,True,7
2026-05-07,09:31:32.321,407.2475,409.5075,0.552,down,100,4,None,202,True,7
2026-05-07,09:31:32.321,407.275,409.5075,0.545,down,100,4,None,202,True,7
2026-05-07,09:31:32.322,407.2475,409.5075,0.552,down,100,4,None,202,True,7
2026-05-07,09:31:32.323,407.41,409.5075,0.512,down,413,4,None,202,True,7
2026-05-07,09:31:32.332,407.15,409.5075,0.576,down,200,4,None,202,True,7
2026-05-07,09:31:32.332,407.14,409.5075,0.578,down,100,4,None,202,True,7
2026-05-07,09:31:32.500,407.095,409.5075,0.589,down,200,4,None,202,True,7
2026-05-07,09:31:32.501,407.22,409.5075,0.559,down,200,4,None,202,True,7
2026-05-07,09:31:32.592,407.3803,409.5075,0.519,down,100,4,None,202,True,7
2026-05-07,09:31:32.592,407.3803,409.5075,0.519,down,100,4,None,202,True,7
2026-05-07,09:31:32.080,407.25,409.5075,0.551,down,100,4,None,202,True,7
2026-05-07,09:31:33.904,407.3781,409.5075,0.52,down,141,4,None,202,True,7
2026-05-07,09:31:34.097,407.44,409.5075,0.505,down,400,4,None,202,True,7
2026-05-07,09:31:34.098,407.45,409.5075,0.502,down,600,4,None,202,True,7
2026-05-07,09:31:34.113,407.335,409.5075,0.531,down,200,4,None,202,True,7
2026-05-07,09:31:34.143,407.28,409.5075,0.544,down,200,4,None,202,True,7
2026-05-07,09:31:34.194,407.24,409.5075,0.554,down,200,4,None,202,True,7
2026-05-07,09:31:34.194,407.24,409.5075,0.554,down,100,4,None,202,True,7
2026-05-07,09:31:34.482,407.4209,409.5075,0.51,down,100,4,None,202,True,7
2026-05-07,09:31:34.508,407.11,409.5075,0.585,down,200,4,None,202,True,7
2026-05-07,09:31:34.583,407.34,409.5075,0.529,down,300,4,None,202,True,7
2026-05-07,09:31:34.647,407,409.5075,0.612,down,200,4,None,202,True,7
2026-05-07,09:31:34.672,407.33,409.5075,0.532,down,476,4,None,202,True,7
2026-05-07,09:31:34.826,407.35,409.5075,0.527,down,1667,4,None,202,True,7
2026-05-07,09:31:34.880,407.37,409.5075,0.522,down,200,4,None,202,True,7
2026-05-07,09:31:35.084,407.255,409.5075,0.55,down,100,4,None,202,True,7
2026-05-07,09:31:35.104,407.255,409.5075,0.55,down,300,4,None,202,True,7
2026-05-07,09:31:35.173,407.2551,409.5075,0.55,down,100,4,None,202,True,7
2026-05-07,09:31:35.263,407.26,409.5075,0.549,down,100,4,None,202,True,7
2026-05-07,09:31:35.465,407.2554,409.5075,0.55,down,300,4,None,202,True,7
2026-05-07,09:31:35.508,407.365,409.5075,0.523,down,200,4,None,202,True,7
2026-05-07,09:31:35.627,407.1901,409.5075,0.566,down,600,4,None,202,True,7
2026-05-07,09:31:35.723,407.1401,409.5075,0.578,down,156,4,None,202,True,7
2026-05-07,09:31:35.764,407.3,409.5075,0.539,down,100,4,None,202,True,7
2026-05-07,09:31:35.768,407.45,409.5075,0.502,down,113,4,None,202,True,7
2026-05-07,09:31:35.996,407.38,409.5075,0.52,down,100,4,None,202,True,7
2026-05-07,09:31:36.168,407.38,409.5075,0.52,down,100,4,None,202,True,7
2026-05-07,09:31:36.419,407.25,409.5075,0.551,down,100,4,None,201,True,7
2026-05-07,09:31:36.482,407.335,409.5075,0.531,down,100,4,None,202,True,7
2026-05-07,09:31:36.602,407.2601,409.5075,0.549,down,300,4,None,202,True,7
2026-05-07,09:31:36.633,407.23,409.5075,0.556,down,150,4,None,202,True,7
2026-05-07,09:31:36.661,407.195,409.5075,0.565,down,100,4,None,202,True,7
2026-05-07,09:31:36.737,407.195,409.5075,0.565,down,201,4,None,202,True,7
2026-05-07,09:31:36.799,407.31,409.5075,0.537,down,300,4,None,202,True,7
2026-05-07,09:31:36.818,407.25,409.5075,0.551,down,100,4,None,202,True,7
2026-05-07,09:31:37.116,407.29,409.5075,0.542,down,270,4,None,202,True,7
2026-05-07,09:31:37.146,407.19,409.5075,0.566,down,100,4,None,202,True,7
2026-05-07,09:31:37.156,407.19,409.5075,0.566,down,250,4,None,202,True,7
2026-05-07,09:31:37.237,407.19,409.5075,0.566,down,100,4,None,202,True,7
2026-05-07,09:31:37.307,407.19,409.5075,0.566,down,100,4,None,202,True,7
2026-05-07,09:31:37.407,407.19,409.5075,0.566,down,140,4,None,202,True,7
2026-05-07,09:31:37.605,407.2,409.5075,0.563,down,100,4,None,202,True,7
2026-05-07,09:31:37.615,407.215,409.5075,0.56,down,100,4,None,202,True,7
2026-05-07,09:31:37.702,407.23,409.5075,0.556,down,353,4,None,202,True,7
2026-05-07,09:31:37.723,407.26,409.5075,0.549,down,250,4,None,202,True,7
2026-05-07,09:31:37.757,407.23,409.5075,0.556,down,100,4,None,202,True,7
2026-05-07,09:31:37.811,407.2,409.5075,0.563,down,150,4,None,202,True,7
2026-05-07,09:31:37.815,407.08,409.5075,0.593,down,100,4,None,202,True,7
2026-05-07,09:31:37.853,407.18,409.5075,0.568,down,200,4,None,202,True,7
2026-05-07,09:31:37.927,407.2799,409.5075,0.544,down,150,4,None,202,True,7
2026-05-07,09:31:37.949,407.28,409.5075,0.544,down,116,4,None,202,True,7
2026-05-07,09:31:36.748,407.1088,409.5075,0.586,down,100,4,None,202,True,7
2026-05-07,09:31:37.979,407.36,409.5075,0.524,down,400,4,None,202,True,7
2026-05-07,09:31:38.156,407.415,409.5075,0.511,down,100,4,None,202,True,7
2026-05-07,09:31:37.699,407.3161,409.5075,0.535,down,122,4,None,202,True,7
2026-05-07,09:31:38.342,407.29,409.5075,0.542,down,100,4,None,202,True,7
2026-05-07,09:31:38.349,407.42,409.5075,0.51,down,100,4,None,202,True,7
2026-05-07,09:31:38.416,407.42,409.5075,0.51,down,200,4,None,202,True,7
2026-05-07,09:31:38.738,407.3113,409.5075,0.536,down,200,4,None,202,True,7
2026-05-07,12:24:04.263,408.03,405.8299,0.542,up,100,4,"[22, 41]",202,True,1
2026-05-07,13:31:02.856,408.03,405.265,0.682,up,100,4,"[22, 41]",202,True,1
2026-05-08,09:31:10.547,417.3501,419.56,0.527,down,110,4,None,202,True,1
2026-05-08,09:31:10.903,417.39,419.56,0.517,down,100,4,None,202,True,1
2026-05-08,09:31:10.903,417.39,419.56,0.517,down,100,4,None,202,True,1
2026-05-08,09:31:10.905,417.27,419.56,0.546,down,1600,4,None,202,True,1
2026-05-08,09:31:10.945,417.45,419.56,0.503,down,100,4,None,202,True,1
2026-05-08,09:31:10.994,417.36,419.56,0.524,down,200,4,None,202,True,1
2026-05-08,09:31:11.093,417.36,419.56,0.524,down,100,4,None,202,True,1
2026-05-08,09:31:11.224,417.37,419.56,0.522,down,100,4,None,202,True,1
2026-05-11,09:30:06.825,424.87,422.7075,0.512,up,100,4,None,203,True,1
2026-05-11,09:30:06.615,424.84,422.7075,0.504,up,200,4,None,202,True,1
2026-05-11,09:30:06.696,424.84,422.7075,0.504,up,120,4,None,202,True,1
2026-05-11,09:30:06.790,424.9,422.7075,0.519,up,360,4,None,202,True,1
2026-05-11,09:30:06.890,424.875,422.7075,0.513,up,162,4,None,202,True,1
2026-05-11,09:30:06.944,424.875,422.7075,0.513,up,100,4,None,202,True,1
2026-05-11,09:30:06.999,424.875,422.7075,0.513,up,160,4,None,202,True,1
2026-05-11,09:30:06.999,424.875,422.7075,0.513,up,100,4,None,202,True,1
2026-05-11,09:30:07.001,424.8469,422.7075,0.506,up,700,4,None,202,True,1
2026-05-11,09:30:07.102,424.9099,422.7075,0.521,up,200,4,None,202,True,1
2026-05-11,09:30:07.163,424.99,422.7075,0.54,up,234,4,None,202,True,1
2026-05-11,09:30:07.163,425,422.7075,0.542,up,266,4,None,202,True,1
2026-05-11,09:30:07.303,425.0699,422.7075,0.559,up,123,4,None,202,True,1
2026-05-11,09:30:07.329,425.085,422.7075,0.562,up,160,4,None,202,True,1
2026-05-11,09:30:07.335,425.085,422.7075,0.562,up,120,4,None,202,True,1
2026-05-11,09:30:07.385,425.1756,422.7075,0.584,up,300,4,None,202,True,1
2026-05-11,09:30:07.601,425.1987,422.7075,0.589,up,450,4,None,202,True,1
2026-05-11,09:30:07.647,425.09,422.7075,0.564,up,100,4,None,202,True,1
2026-05-11,09:30:07.661,425.135,422.7075,0.574,up,108,4,None,202,True,1
2026-05-11,09:30:07.685,425.135,422.7075,0.574,up,100,4,None,202,True,1
2026-05-11,09:30:07.855,425.07,422.7075,0.559,up,134,4,None,202,True,1
2026-05-11,09:30:07.957,425.13,422.7075,0.573,up,150,4,None,202,True,1
2026-05-11,09:30:08.146,425.155,422.7075,0.579,up,120,4,None,203,True,1
2026-05-11,09:30:08.146,425.12,422.7075,0.571,up,964,4,None,202,True,1
2026-05-11,09:30:08.146,425.09,422.7075,0.564,up,100,4,None,202,True,1
2026-05-11,09:30:08.146,425.155,422.7075,0.579,up,200,4,None,202,True,1
2026-05-11,09:30:08.161,425.135,422.7075,0.574,up,200,4,None,202,True,1
2026-05-11,09:30:08.250,425.29,422.7075,0.611,up,600,4,None,202,True,1
2026-05-11,09:30:07.008,424.84,422.7075,0.504,up,300,4,None,202,True,1
2026-05-11,09:30:07.709,425.1399,422.7075,0.575,up,100,4,None,202,True,1
2026-05-11,09:30:08.438,425.255,422.7075,0.603,up,187,4,None,202,True,1
2026-05-11,09:30:08.443,425.255,422.7075,0.603,up,400,4,None,202,True,1
2026-05-11,09:30:08.460,425.255,422.7075,0.603,up,100,4,None,202,True,1
2026-05-11,09:30:08.471,425.25,422.7075,0.601,up,227,4,None,202,True,1
2026-05-11,09:30:08.520,425.255,422.7075,0.603,up,125,4,None,201,True,1
2026-05-11,09:30:08.470,425.25,422.7075,0.601,up,300,4,None,202,True,1
2026-05-11,09:30:08.584,425.3339,422.7075,0.621,up,100,4,None,202,True,1
2026-05-11,09:30:08.601,425.18,422.7075,0.585,up,120,4,None,202,True,1
2026-05-11,09:30:08.618,425.15,422.7075,0.578,up,174,4,None,202,True,1
2026-05-11,09:30:08.317,425.235,422.7075,0.598,up,400,4,None,202,True,1
2026-05-11,09:30:06.737,424.8401,422.7075,0.505,up,100,4,None,202,True,1
2026-05-11,09:30:07.136,425,422.7075,0.542,up,320,4,None,202,True,1
2026-05-11,09:31:14.445,425.59,423.463,0.502,up,100,4,None,202,True,1
2026-05-11,09:31:14.740,425.6,423.463,0.505,up,125,4,None,202,True,1
2026-05-11,09:31:15.098,425.68,423.463,0.524,up,100,4,None,202,True,1
2026-05-11,09:31:15.347,425.68,423.463,0.524,up,200,4,None,202,True,1
2026-05-11,09:31:15.405,425.6799,423.463,0.524,up,1000,4,None,202,True,1
2026-05-11,09:31:15.523,425.67,423.463,0.521,up,100,4,None,202,True,1
2026-05-11,09:31:15.556,425.62,423.463,0.509,up,560,4,None,202,True,1
2026-05-11,09:31:15.556,425.6,423.463,0.505,up,100,4,None,202,True,1
2026-05-11,09:31:15.557,425.67,423.463,0.521,up,480,4,None,202,True,1
2026-05-11,09:31:15.556,425.6,423.463,0.505,up,100,4,None,202,True,1
2026-05-11,09:31:15.557,425.67,423.463,0.521,up,2406,4,None,202,True,1
2026-05-11,09:31:15.556,425.62,423.463,0.509,up,150,4,None,202,True,1
2026-05-11,09:31:15.558,425.59,423.463,0.502,up,150,4,None,202,True,1
2026-05-11,09:31:15.558,425.68,423.463,0.524,up,240,4,None,202,True,1
2026-05-11,09:31:15.560,425.67,423.463,0.521,up,100,4,None,202,True,1
2026-05-11,09:31:15.560,425.6799,423.463,0.524,up,316,4,None,202,True,1
2026-05-11,09:31:15.560,425.68,423.463,0.524,up,280,4,None,202,True,1
2026-05-11,09:31:15.560,425.6,423.463,0.505,up,100,4,None,202,True,1
2026-05-11,09:31:15.560,425.67,423.463,0.521,up,100,4,None,202,True,1
2026-05-11,09:31:15.560,425.64,423.463,0.514,up,100,4,None,202,True,1
2026-05-11,09:31:15.561,425.6,423.463,0.505,up,100,4,None,202,True,1
2026-05-11,09:31:15.560,425.66,423.463,0.519,up,100,4,None,202,True,1
2026-05-11,09:31:15.557,425.66,423.463,0.519,up,100,4,None,202,True,1
2026-05-11,09:31:15.560,425.6,423.463,0.505,up,100,4,None,202,True,1
2026-05-11,09:31:15.565,425.6999,423.463,0.528,up,173,4,None,202,True,1
2026-05-11,09:31:15.565,425.6999,423.463,0.528,up,372,4,None,202,True,1
2026-05-11,09:31:15.569,425.64,423.463,0.514,up,194,4,None,202,True,1
2026-05-11,09:31:15.565,425.7,423.463,0.528,up,120,4,None,202,True,1
2026-05-11,09:31:15.561,425.68,423.463,0.524,up,240,4,None,202,True,1
2026-05-11,09:31:15.566,425.7,423.463,0.528,up,130,4,None,202,True,1
2026-05-11,09:31:15.639,425.63,423.463,0.512,up,1392,4,None,202,True,1
2026-05-12,09:30:02.976,443.69,441.46,0.505,up,120,4,None,202,True,1
2026-05-12,09:30:02.988,443.71,441.46,0.51,up,118,4,None,202,True,1
2026-05-12,09:30:03.587,443.7604,441.46,0.521,up,100,4,None,201,True,1
2026-05-12,09:30:03.185,443.71,441.46,0.51,up,132,4,None,202,True,1
2026-05-12,09:30:03.226,443.69,441.46,0.505,up,120,4,None,202,True,1
2026-05-12,09:30:03.296,443.84,441.46,0.539,up,120,4,None,202,True,1
2026-05-12,09:30:03.307,443.745,441.46,0.518,up,169,4,None,202,True,1
2026-05-12,09:30:03.382,443.74,441.46,0.516,up,300,4,None,202,True,1
2026-05-12,09:30:03.398,443.745,441.46,0.518,up,100,4,None,202,True,1
2026-05-12,09:30:03.393,443.87,441.46,0.546,up,130,4,None,202,True,1
2026-05-12,09:30:03.534,443.82,441.46,0.535,up,120,4,None,202,True,1
2026-05-12,09:30:03.578,443.88,441.46,0.548,up,120,4,None,202,True,1
2026-05-12,09:30:04.127,444.125,441.46,0.604,up,300,4,None,201,True,1
2026-05-12,09:30:03.627,443.77,441.46,0.523,up,100,4,None,202,True,1
2026-05-12,09:30:03.628,443.76,441.46,0.521,up,100,4,None,202,True,1
2026-05-12,09:30:03.642,443.815,441.46,0.533,up,245,4,None,202,True,1
2026-05-12,09:30:03.660,443.815,441.46,0.533,up,124,4,None,202,True,1
2026-05-12,09:30:03.717,443.745,441.46,0.518,up,200,4,None,202,True,1
2026-05-12,09:30:03.744,443.8899,441.46,0.55,up,300,4,None,202,True,1
2026-05-12,09:30:03.823,443.91,441.46,0.555,up,720,4,None,202,True,1
2026-05-12,09:30:03.886,443.96,441.46,0.566,up,151,4,None,202,True,1
2026-05-12,09:30:03.928,443.83,441.46,0.537,up,500,4,None,202,True,1
2026-05-12,09:30:03.959,443.91,441.46,0.555,up,120,4,None,202,True,1
2026-05-12,09:30:03.958,444,441.46,0.575,up,260,4,None,202,True,1
2026-05-12,09:30:04.006,444.085,441.46,0.595,up,135,4,None,202,True,1
2026-05-12,09:30:04.046,444.015,441.46,0.579,up,200,4,None,202,True,1
2026-05-12,09:30:04.046,443.98,441.46,0.571,up,100,4,None,202,True,1
2026-05-12,09:30:04.046,444.015,441.46,0.579,up,100,4,None,202,True,1
2026-05-12,09:30:04.046,443.97,441.46,0.569,up,100,4,None,202,True,1
2026-05-12,09:30:04.074,444.11,441.46,0.6,up,440,4,None,202,True,1
2026-05-12,09:30:04.246,444.22,441.46,0.625,up,200,4,None,202,True,1
2026-05-12,09:30:04.255,444.2889,441.46,0.641,up,100,4,None,202,True,1
2026-05-12,09:30:04.311,444.3,441.46,0.643,up,117,4,None,202,True,1
2026-05-12,09:30:04.325,444.25,441.46,0.632,up,280,4,None,202,True,1
2026-05-12,09:30:04.046,443.96,441.46,0.566,up,100,4,None,202,True,1
2026-05-12,09:30:04.417,444.245,441.46,0.631,up,300,4,None,202,True,1
2026-05-12,09:30:04.447,444.245,441.46,0.631,up,101,4,None,202,True,1
2026-05-12,09:30:04.476,444.205,441.46,0.622,up,200,4,None,202,True,1
2026-05-12,09:30:04.542,444.1284,441.46,0.604,up,308,4,None,202,True,1
2026-05-12,09:30:04.566,444.3,441.46,0.643,up,149,4,None,202,True,1
2026-05-12,09:30:04.572,444.3,441.46,0.643,up,900,4,None,202,True,1
2026-05-12,09:30:04.581,444.3,441.46,0.643,up,120,4,None,202,True,1
2026-05-12,09:30:04.615,444.3,441.46,0.643,up,120,4,None,202,True,1
2026-05-12,09:30:04.615,444.29,441.46,0.641,up,200,4,None,202,True,1
2026-05-12,09:30:04.630,444.11,441.46,0.6,up,100,4,None,202,True,1
2026-05-12,09:30:04.637,444.205,441.46,0.622,up,120,4,None,202,True,1
2026-05-12,09:30:04.659,444.3,441.46,0.643,up,446,4,None,202,True,1
2026-05-12,09:30:04.762,444.225,441.46,0.626,up,199,4,None,202,True,1
2026-05-12,09:30:04.762,444.225,441.46,0.626,up,300,4,None,202,True,1
2026-05-12,09:30:04.770,444.225,441.46,0.626,up,300,4,None,202,True,1
2026-05-12,09:30:04.763,444.13,441.46,0.605,up,689,4,None,202,True,1
2026-05-12,09:30:04.778,444.225,441.46,0.626,up,300,4,None,202,True,1
2026-05-12,09:30:04.786,444.225,441.46,0.626,up,300,4,None,202,True,1
2026-05-12,09:30:04.794,444.225,441.46,0.626,up,285,4,None,202,True,1
2026-05-12,09:30:04.796,444.225,441.46,0.626,up,300,4,None,202,True,1
2026-05-12,09:30:04.830,444.32,441.46,0.648,up,200,4,None,202,True,1
2026-05-12,09:30:04.840,444.3194,441.46,0.648,up,3800,4,None,202,True,1
2026-05-12,09:30:04.882,444.14,441.46,0.607,up,100,4,None,202,True,1
2026-05-12,09:30:04.901,444.14,441.46,0.607,up,200,4,None,202,True,1
2026-05-12,09:30:04.975,444.1985,441.46,0.62,up,100,4,None,202,True,1
2026-05-12,09:30:05.073,444.318,441.46,0.647,up,150,4,None,202,True,1
2026-05-12,09:30:05.080,444.32,441.46,0.648,up,240,4,None,202,True,1
2026-05-12,09:30:05.202,444.2833,441.46,0.64,up,1500,4,None,202,True,1
2026-05-12,09:30:05.293,444.24,441.46,0.63,up,100,4,None,202,True,1
2026-05-12,09:30:05.293,444.225,441.46,0.626,up,112,4,None,202,True,1
2026-05-12,09:30:05.293,444.235,441.46,0.629,up,188,4,None,202,True,1
2026-05-12,09:30:05.293,444.24,441.46,0.63,up,100,4,None,202,True,1
2026-05-12,09:30:05.298,444.2055,441.46,0.622,up,202,4,None,202,True,1
2026-05-12,09:30:05.302,444.21,441.46,0.623,up,100,4,None,202,True,1
2026-05-12,09:30:05.302,444.21,441.46,0.623,up,200,4,None,202,True,1
2026-05-12,09:30:05.302,444.21,441.46,0.623,up,100,4,None,202,True,1
2026-05-12,09:30:05.302,444.19,441.46,0.618,up,100,4,None,202,True,1
2026-05-12,09:30:05.302,444.24,441.46,0.63,up,100,4,None,202,True,1
2026-05-12,09:30:05.302,444.21,441.46,0.623,up,200,4,None,202,True,1
2026-05-12,09:30:05.305,444.185,441.46,0.617,up,100,4,None,202,True,1
2026-05-12,09:30:05.305,444.18,441.46,0.616,up,100,4,None,202,True,1
2026-05-12,09:30:05.305,444.18,441.46,0.616,up,100,4,None,202,True,1
2026-05-12,09:30:05.305,444.185,441.46,0.617,up,200,4,None,202,True,1
2026-05-12,09:30:05.305,444.185,441.46,0.617,up,100,4,None,202,True,1
2026-05-12,09:30:05.250,444.2225,441.46,0.626,up,300,4,None,202,True,1
2026-05-12,09:30:05.305,444.17,441.46,0.614,up,200,4,None,202,True,1
2026-05-12,09:30:05.306,444.15,441.46,0.609,up,100,4,None,202,True,1
2026-05-12,09:30:05.307,444.135,441.46,0.606,up,100,4,None,202,True,1
2026-05-12,09:30:05.307,444.14,441.46,0.607,up,100,4,None,202,True,1
2026-05-12,09:30:05.307,444.16,441.46,0.612,up,200,4,None,202,True,1
2026-05-12,09:30:05.307,444.06,441.46,0.589,up,100,4,None,202,True,1
2026-05-12,09:30:05.307,444.16,441.46,0.612,up,100,4,None,202,True,1
2026-05-12,09:30:05.307,444.1,441.46,0.598,up,100,4,None,202,True,1
2026-05-12,09:30:05.307,444.06,441.46,0.589,up,100,4,None,202,True,1
2026-05-12,09:30:05.307,444.07,441.46,0.591,up,100,4,None,202,True,1
2026-05-12,09:30:05.307,444.06,441.46,0.589,up,100,4,None,202,True,1
2026-05-12,09:30:05.307,444.1,441.46,0.598,up,100,4,None,202,True,1
2026-05-12,09:30:05.308,444.1,441.46,0.598,up,120,4,None,202,True,1
2026-05-12,09:30:05.308,444.1,441.46,0.598,up,120,4,None,202,True,1
2026-05-12,09:30:05.329,444.32,441.46,0.648,up,640,4,None,202,True,1
2026-05-12,09:30:05.305,444.18,441.46,0.616,up,295,4,None,202,True,1
2026-05-12,09:30:05.307,444.065,441.46,0.59,up,100,4,None,202,True,1
2026-05-12,09:30:05.307,444.045,441.46,0.586,up,300,4,None,202,True,1
2026-05-12,09:30:05.401,444.32,441.46,0.648,up,200,4,None,202,True,1
2026-05-12,09:30:05.250,444.2175,441.46,0.625,up,100,4,None,202,True,1
2026-05-12,09:30:05.250,444.2175,441.46,0.625,up,100,4,None,202,True,1
2026-05-12,09:30:05.583,444.44,441.46,0.675,up,874,4,None,202,True,1
2026-05-12,09:30:05.674,444.17,441.46,0.614,up,100,4,None,202,True,1
2026-05-12,09:30:05.733,444.47,441.46,0.682,up,100,4,None,202,True,1
2026-05-12,09:30:05.733,444.46,441.46,0.68,up,160,4,None,202,True,1
2026-05-12,09:30:05.835,444.44,441.46,0.675,up,456,4,None,202,True,1
2026-05-12,09:30:05.922,444.26,441.46,0.634,up,285,4,None,202,True,1
2026-05-12,09:30:05.995,444.44,441.46,0.675,up,200,4,None,202,True,1
2026-05-12,09:30:06.049,444.44,441.46,0.675,up,100,4,None,202,True,1
2026-05-12,09:30:06.049,444.44,441.46,0.675,up,400,4,None,202,True,1
2026-05-12,09:30:06.039,444.61,441.46,0.714,up,100,4,None,202,True,1
2026-05-12,09:30:06.103,444.44,441.46,0.675,up,100,4,None,202,True,1
2026-05-12,09:30:06.317,444.47,441.46,0.682,up,400,4,None,202,True,1
2026-05-12,09:30:06.332,444.68,441.46,0.729,up,5471,4,None,202,True,1
2026-05-12,09:30:06.337,444.659,441.46,0.725,up,1760,4,None,202,True,1
2026-05-12,09:30:06.337,444.68,441.46,0.729,up,2400,4,None,202,True,1
2026-05-12,09:30:06.385,444.61,441.46,0.714,up,100,4,None,202,True,1
2026-05-12,09:30:06.169,444.6899,441.46,0.732,up,100,4,None,202,True,1
2026-05-12,09:30:06.569,444.64,441.46,0.72,up,120,4,None,202,True,1
2026-05-12,09:30:06.582,444.26,441.46,0.634,up,420,4,None,202,True,1
2026-05-12,09:30:06.583,444.33,441.46,0.65,up,100,4,None,202,True,1
2026-05-12,09:30:06.606,444.34,441.46,0.652,up,250,4,None,202,True,1
2026-05-12,09:30:06.673,444.21,441.46,0.623,up,100,4,None,202,True,1
2026-05-12,09:30:06.673,444.21,441.46,0.623,up,100,4,None,202,True,1
2026-05-12,09:30:06.682,444.13,441.46,0.605,up,280,4,None,202,True,1
2026-05-12,09:30:06.760,444.32,441.46,0.648,up,265,4,None,202,True,1
2026-05-12,09:30:06.918,443.9351,441.46,0.561,up,100,4,None,202,True,1
2026-05-12,09:30:07.035,443.89,441.46,0.55,up,420,4,None,202,True,1
2026-05-12,09:30:06.924,444.115,441.46,0.601,up,199,4,None,202,True,1
2026-05-12,09:30:07.079,443.7274,441.46,0.514,up,200,4,None,202,True,1
2026-05-12,09:30:07.089,443.81,441.46,0.532,up,100,4,None,202,True,1
2026-05-12,09:30:07.227,443.9399,441.46,0.562,up,1130,4,None,202,True,1
2026-05-12,09:30:07.237,443.92,441.46,0.557,up,200,4,None,202,True,1
2026-05-12,09:30:07.281,443.94,441.46,0.562,up,600,4,None,202,True,1
2026-05-12,09:30:07.363,443.74,441.46,0.516,up,100,4,None,202,True,1
2026-05-12,09:30:07.363,443.8295,441.46,0.537,up,3006,4,None,202,True,1
2026-05-12,09:30:07.389,444.21,441.46,0.623,up,100,4,None,202,True,1
2026-05-12,09:30:07.389,444.22,441.46,0.625,up,200,4,None,202,True,1
2026-05-12,09:30:07.390,444.22,441.46,0.625,up,1900,4,None,202,True,1
2026-05-12,09:30:07.390,444.1895,441.46,0.618,up,560,4,None,202,True,1
2026-05-12,09:30:07.396,444.29,441.46,0.641,up,100,4,None,202,True,1
2026-05-12,09:30:07.396,444.3,441.46,0.643,up,200,4,None,202,True,1
2026-05-12,09:30:07.397,444.3,441.46,0.643,up,1900,4,None,202,True,1
2026-05-12,09:30:07.403,444.33,441.46,0.65,up,200,4,None,202,True,1
2026-05-12,09:30:07.403,444.33,441.46,0.65,up,1900,4,None,202,True,1
2026-05-12,09:30:07.411,444.36,441.46,0.657,up,1900,4,None,202,True,1
2026-05-12,09:30:07.462,444.67,441.46,0.727,up,100,4,None,202,True,1
2026-05-12,09:30:07.462,444.68,441.46,0.729,up,100,4,None,202,True,1
2026-05-12,09:30:07.462,444.68,441.46,0.729,up,200,4,None,202,True,1
2026-05-12,09:30:07.463,444.68,441.46,0.729,up,1900,4,None,202,True,1
2026-05-12,09:30:07.465,444.49,441.46,0.686,up,100,4,None,202,True,1
2026-05-12,09:30:07.465,444.33,441.46,0.65,up,200,4,None,202,True,1
2026-05-12,09:30:07.471,444.46,441.46,0.68,up,100,4,None,202,True,1
2026-05-12,09:30:07.475,444.535,441.46,0.697,up,120,4,None,202,True,1
2026-05-12,09:30:07.477,444.51,441.46,0.691,up,505,4,None,202,True,1
2026-05-12,09:30:07.521,444.55,441.46,0.7,up,100,4,None,202,True,1
2026-05-12,09:30:07.413,444.35,441.46,0.655,up,100,4,None,202,True,1
2026-05-12,09:30:07.582,444.55,441.46,0.7,up,100,4,None,202,True,1
2026-05-12,09:30:07.708,444.48,441.46,0.684,up,100,4,None,202,True,1
2026-05-12,09:30:07.742,444.78,441.46,0.752,up,125,4,None,202,True,1
2026-05-12,09:30:07.786,444.53,441.46,0.695,up,200,4,None,202,True,1
2026-05-12,09:30:07.814,444.6898,441.46,0.732,up,160,4,None,202,True,1
2026-05-12,09:30:07.814,444.6898,441.46,0.732,up,160,4,None,202,True,1
2026-05-12,09:30:07.814,444.68,441.46,0.729,up,408,4,None,202,True,1
2026-05-12,09:30:07.828,444.3516,441.46,0.655,up,100,4,None,202,True,1
2026-05-12,09:30:07.893,444.4585,441.46,0.679,up,302,4,None,202,True,1
2026-05-12,09:30:08.022,444.65,441.46,0.723,up,100,4,None,202,True,1
2026-05-12,09:30:08.134,444.5694,441.46,0.704,up,200,4,None,202,True,1
2026-05-12,09:30:08.169,444.4859,441.46,0.685,up,250,4,None,202,True,1
2026-05-12,09:30:08.239,444.445,441.46,0.676,up,299,4,None,202,True,1
2026-05-12,09:30:08.241,444.16,441.46,0.612,up,200,4,None,202,True,1
2026-05-12,09:30:08.267,444.5,441.46,0.689,up,300,4,None,202,True,1
2026-05-12,09:30:08.267,444.5,441.46,0.689,up,200,4,None,202,True,1
2026-05-12,09:30:08.426,444.3156,441.46,0.647,up,200,4,None,202,True,1
2026-05-12,09:30:08.460,444.48,441.46,0.684,up,274,4,None,202,True,1
2026-05-12,09:30:08.461,444.66,441.46,0.725,up,243,4,None,202,True,1
2026-05-12,09:30:07.364,443.846,441.46,0.54,up,280,4,None,202,True,1
2026-05-12,09:30:08.552,444.7974,441.46,0.756,up,300,4,None,202,True,1
2026-05-12,09:30:08.570,444.32,441.46,0.648,up,100,4,None,202,True,1
2026-05-12,09:30:08.647,444.54,441.46,0.698,up,100,4,None,202,True,1
2026-05-12,09:30:08.709,444.29,441.46,0.641,up,100,4,None,202,True,1
2026-05-12,09:30:08.718,444.16,441.46,0.612,up,100,4,None,202,True,1
2026-05-12,09:30:08.718,444.17,441.46,0.614,up,400,4,None,202,True,1
2026-05-12,09:30:08.953,444.43,441.46,0.673,up,200,4,None,202,True,1
2026-05-12,09:30:09.010,444.16,441.46,0.612,up,300,4,None,201,True,1
2026-05-12,09:30:03.253,443.79,441.46,0.528,up,480,4,None,202,True,1
2026-05-12,09:30:09.061,444.43,441.46,0.673,up,111,4,None,202,True,1
2026-05-12,09:30:09.078,444.43,441.46,0.673,up,100,4,None,202,True,1
2026-05-12,09:30:09.126,444.62,441.46,0.716,up,100,4,None,202,True,1
2026-05-12,09:30:04.419,444.19,441.46,0.618,up,323,4,None,202,True,1
2026-05-12,09:30:09.274,444.43,441.46,0.673,up,100,4,None,202,True,1
2026-05-12,09:30:09.126,444.23,441.46,0.627,up,100,4,None,202,True,1
2026-05-12,09:30:09.326,444.17,441.46,0.614,up,300,4,None,202,True,1
2026-05-12,09:30:09.126,444.16,441.46,0.612,up,150,4,None,202,True,1
2026-05-12,09:30:09.328,444.17,441.46,0.614,up,100,4,None,202,True,1
2026-05-12,09:30:09.618,444.45,441.46,0.677,up,100,4,None,202,True,1
2026-05-12,09:30:09.636,444.45,441.46,0.677,up,500,4,None,202,True,1
2026-05-12,09:30:09.724,444.4616,441.46,0.68,up,100,4,None,202,True,1
2026-05-12,09:30:09.744,444.8,441.46,0.757,up,160,4,None,202,True,1
2026-05-12,09:30:09.777,444.52,441.46,0.693,up,103,4,None,202,True,1
2026-05-12,09:30:09.848,444.2501,441.46,0.632,up,440,4,None,202,True,1
2026-05-12,09:30:09.860,444.525,441.46,0.694,up,100,4,None,202,True,1
2026-05-12,09:30:09.984,444.475,441.46,0.683,up,100,4,None,203,True,1
2026-05-12,09:30:10.043,444.495,441.46,0.687,up,120,4,None,202,True,1
2026-05-12,09:30:10.044,444.495,441.46,0.687,up,120,4,None,202,True,1
2026-05-12,09:30:10.045,444.495,441.46,0.687,up,120,4,None,202,True,1
2026-05-12,09:30:10.046,444.495,441.46,0.687,up,120,4,None,202,True,1
2026-05-12,09:30:10.051,444.495,441.46,0.687,up,120,4,None,202,True,1
2026-05-12,09:30:10.056,444.495,441.46,0.687,up,120,4,None,202,True,1
2026-05-12,09:30:10.112,444.525,441.46,0.694,up,200,4,None,202,True,1
2026-05-12,09:30:08.643,444.54,441.46,0.698,up,200,4,None,202,True,1
2026-05-12,09:30:10.363,444.525,441.46,0.694,up,100,4,None,202,True,1
2026-05-12,09:30:10.432,444.25,441.46,0.632,up,309,4,None,202,True,1
2026-05-12,09:30:10.439,444.7782,441.46,0.752,up,1500,4,None,202,True,1
2026-05-12,09:30:10.474,444.71,441.46,0.736,up,100,4,None,202,True,1
2026-05-12,09:30:10.736,444.82,441.46,0.761,up,100,4,None,202,True,1
2026-05-12,09:30:10.802,444.5585,441.46,0.702,up,100,4,None,202,True,1
2026-05-12,09:30:10.794,444.53,441.46,0.695,up,300,4,None,202,True,1
2026-05-12,09:30:10.840,444.7,441.46,0.734,up,225,4,None,202,True,1
2026-05-12,09:30:10.865,444.7,441.46,0.734,up,100,4,None,203,True,1
2026-05-12,09:30:10.855,444.52,441.46,0.693,up,100,4,None,202,True,1
2026-05-12,09:30:11.049,444.77,441.46,0.75,up,100,4,None,202,True,1
2026-05-12,09:30:11.065,444.37,441.46,0.659,up,180,4,None,202,True,1
2026-05-12,09:30:11.065,444.52,441.46,0.693,up,220,4,None,203,True,1
2026-05-12,09:30:11.091,444.525,441.46,0.694,up,300,4,None,202,True,1
2026-05-12,09:30:11.145,444.525,441.46,0.694,up,130,4,None,202,True,1
2026-05-12,09:30:11.178,444.525,441.46,0.694,up,100,4,None,202,True,1
2026-05-12,09:30:10.504,444.31,441.46,0.646,up,500,4,None,202,True,1
2026-05-12,09:30:11.194,444.475,441.46,0.683,up,100,4,None,202,True,1
2026-05-12,09:30:11.287,444.63,441.46,0.718,up,100,4,None,202,True,1
2026-05-12,09:30:11.287,444.58,441.46,0.707,up,100,4,None,202,True,1
2026-05-12,09:30:11.036,444.565,441.46,0.703,up,100,4,None,202,True,1
2026-05-12,09:30:11.305,444.3928,441.46,0.664,up,200,4,None,202,True,1
2026-05-12,09:30:11.412,444.36,441.46,0.657,up,400,4,None,202,True,1
2026-05-12,09:30:11.551,444.04,441.46,0.584,up,100,4,None,202,True,1
2026-05-12,09:30:11.551,444,441.46,0.575,up,100,4,None,202,True,1
2026-05-12,09:30:11.559,444.025,441.46,0.581,up,300,4,None,202,True,1
2026-05-12,09:30:11.703,444.05,441.46,0.587,up,100,4,None,202,True,1
2026-05-12,09:30:11.705,444.07,441.46,0.591,up,100,4,None,202,True,1
2026-05-12,09:30:11.705,444.09,441.46,0.596,up,100,4,None,202,True,1
2026-05-12,09:30:11.713,444.05,441.46,0.587,up,154,4,None,202,True,1
2026-05-12,09:30:11.843,444.085,441.46,0.595,up,100,4,None,202,True,1
2026-05-12,09:30:11.932,444.085,441.46,0.595,up,200,4,None,202,True,1
2026-05-12,09:30:11.963,444.085,441.46,0.595,up,100,4,None,202,True,1
2026-05-12,09:30:11.819,443.975,441.46,0.57,up,100,4,None,202,True,1
2026-05-12,09:30:12.106,444.085,441.46,0.595,up,100,4,None,202,True,1
2026-05-12,09:30:12.114,444.085,441.46,0.595,up,100,4,None,202,True,1
2026-05-12,09:30:12.134,444.085,441.46,0.595,up,100,4,None,202,True,1
2026-05-12,09:30:12.170,444.085,441.46,0.595,up,120,4,None,202,True,1
2026-05-12,09:30:12.275,443.9301,441.46,0.56,up,100,4,None,202,True,1
2026-05-12,09:30:12.316,444.0825,441.46,0.594,up,240,4,None,201,True,1
2026-05-12,09:30:12.435,444.2649,441.46,0.635,up,250,4,None,202,True,1
2026-05-12,09:30:12.467,444.09,441.46,0.596,up,100,4,None,202,True,1
2026-05-12,09:30:12.480,444.25,441.46,0.632,up,120,4,None,202,True,1
2026-05-12,09:30:12.480,444.25,441.46,0.632,up,140,4,None,202,True,1
2026-05-12,09:30:12.480,444.25,441.46,0.632,up,120,4,None,202,True,1
2026-05-12,09:30:12.519,444.09,441.46,0.596,up,240,4,None,202,True,1
2026-05-12,09:30:12.521,444.09,441.46,0.596,up,400,4,None,202,True,1
2026-05-12,09:30:12.597,443.68,441.46,0.503,up,400,4,None,202,True,1
2026-05-12,09:30:12.673,443.68,441.46,0.503,up,1580,4,None,202,True,1
2026-05-12,09:30:12.678,443.68,441.46,0.503,up,1020,4,None,202,True,1
2026-05-12,09:30:12.679,443.92,441.46,0.557,up,1900,4,None,202,True,1
2026-05-12,09:30:12.678,443.85,441.46,0.541,up,100,4,None,202,True,1
2026-05-12,09:30:12.679,443.92,441.46,0.557,up,1900,4,None,202,True,1
2026-05-12,09:30:12.680,443.68,441.46,0.503,up,100,4,None,202,True,1
2026-05-12,09:30:12.680,443.7275,441.46,0.514,up,200,4,None,202,True,1
2026-05-12,09:30:12.680,443.705,441.46,0.509,up,100,4,None,202,True,1
2026-05-12,09:30:12.680,443.705,441.46,0.509,up,100,4,None,202,True,1
2026-05-12,09:30:12.681,443.825,441.46,0.536,up,137,4,None,202,True,1
2026-05-12,09:30:12.681,443.79,441.46,0.528,up,100,4,None,202,True,1
2026-05-12,09:30:12.681,443.79,441.46,0.528,up,100,4,None,202,True,1
2026-05-12,09:30:12.683,443.7275,441.46,0.514,up,100,4,None,202,True,1
2026-05-12,09:30:12.686,443.915,441.46,0.556,up,313,4,None,202,True,1
2026-05-12,09:30:12.689,443.8475,441.46,0.541,up,100,4,None,202,True,1
2026-05-12,09:30:12.480,444.25,441.46,0.632,up,120,4,None,202,True,1
2026-05-12,09:30:12.740,443.69,441.46,0.505,up,1440,4,None,202,True,1
2026-05-12,09:30:12.537,443.695,441.46,0.506,up,100,4,None,202,True,1
2026-05-12,09:30:12.679,443.916,441.46,0.556,up,280,4,None,202,True,1
2026-05-12,09:30:12.686,443.935,441.46,0.561,up,100,4,None,202,True,1
2026-05-12,09:30:12.683,443.77,441.46,0.523,up,100,4,None,202,True,1
2026-05-12,09:30:12.686,443.9575,441.46,0.566,up,100,4,None,202,True,1
2026-05-12,09:30:13.219,443.7839,441.46,0.526,up,100,4,None,202,True,1
2026-05-12,09:30:14.222,443.71,441.46,0.51,up,100,4,None,202,True,1
2026-05-12,09:30:15.005,443.8499,441.46,0.541,up,200,4,None,202,True,1
2026-05-12,09:30:15.407,443.72,441.46,0.512,up,200,4,None,202,True,1
2026-05-12,09:30:12.567,443.835,441.46,0.538,up,128,4,None,202,True,1
2026-05-12,09:30:17.739,443.675,441.46,0.502,up,120,4,None,202,True,1
2026-05-12,09:30:17.740,443.7,441.46,0.507,up,100,4,None,202,True,1
2026-05-12,09:30:17.740,443.7,441.46,0.507,up,100,4,None,202,True,1
2026-05-12,09:30:18.323,443.721,441.46,0.512,up,154,4,None,202,True,1
2026-05-12,09:30:18.100,443.795,441.46,0.529,up,120,4,None,202,True,1
2026-05-12,09:30:18.373,443.72,441.46,0.512,up,200,4,None,202,True,1
2026-05-12,09:30:18.131,443.795,441.46,0.529,up,100,4,None,202,True,1
2026-05-12,09:30:18.623,443.795,441.46,0.529,up,400,4,None,202,True,1
2026-05-12,09:30:18.793,443.795,441.46,0.529,up,250,4,None,202,True,1
2026-05-12,09:30:18.807,443.8699,441.46,0.546,up,160,4,None,202,True,1
2026-05-12,09:30:18.808,443.8699,441.46,0.546,up,320,4,None,202,True,1
2026-05-12,09:30:18.808,443.8685,441.46,0.546,up,831,4,None,202,True,1
2026-05-12,09:30:18.858,444,441.46,0.575,up,100,4,None,202,True,1
2026-05-12,09:30:18.901,443.92,441.46,0.557,up,100,4,None,202,True,1
2026-05-12,09:30:18.930,443.9799,441.46,0.571,up,200,4,None,202,True,1
2026-05-12,09:30:19.066,444.02,441.46,0.58,up,100,4,None,202,True,1
2026-05-12,09:30:19.135,444.02,441.46,0.58,up,100,4,None,201,True,1
2026-05-12,09:30:19.182,444.02,441.46,0.58,up,100,4,None,202,True,1
2026-05-12,09:30:19.260,444.1604,441.46,0.612,up,500,4,None,202,True,1
2026-05-12,09:30:19.352,443.9635,441.46,0.567,up,100,4,None,202,True,1
2026-05-12,09:30:19.511,444.165,441.46,0.613,up,100,4,None,202,True,1
2026-05-12,09:30:19.583,444.055,441.46,0.588,up,160,4,None,202,True,1
2026-05-12,09:30:19.605,444.055,441.46,0.588,up,100,4,None,202,True,1
2026-05-12,09:30:19.605,444.055,441.46,0.588,up,100,4,None,202,True,1
2026-05-12,09:30:19.613,444.055,441.46,0.588,up,100,4,None,202,True,1
2026-05-12,09:30:19.621,444.055,441.46,0.588,up,300,4,None,202,True,1
2026-05-12,09:30:19.629,444.055,441.46,0.588,up,300,4,None,202,True,1
2026-05-12,09:30:19.629,444.055,441.46,0.588,up,100,4,None,202,True,1
2026-05-12,09:30:19.629,444.055,441.46,0.588,up,100,4,None,202,True,1
2026-05-12,09:30:19.791,443.965,441.46,0.567,up,500,4,None,202,True,1
2026-05-12,09:30:09.888,444.5425,441.46,0.698,up,400,4,[32],202,True,1
2026-05-12,09:30:11.940,444.0034,441.46,0.576,up,250,4,None,202,True,1
2026-05-12,09:30:20.116,443.85,441.46,0.541,up,200,4,None,202,True,1
2026-05-12,09:30:20.184,443.859,441.46,0.543,up,540,4,None,202,True,1
2026-05-12,09:30:20.333,443.82,441.46,0.535,up,200,4,None,202,True,1
2026-05-12,09:30:20.690,444.24,441.46,0.63,up,250,4,None,202,True,1
2026-05-12,09:30:20.709,444.055,441.46,0.588,up,200,4,None,202,True,1
2026-05-12,09:30:20.730,443.85,441.46,0.541,up,320,4,None,202,True,1
2026-05-12,09:30:20.730,443.91,441.46,0.555,up,100,4,None,202,True,1
2026-05-12,09:30:20.730,443.9,441.46,0.553,up,100,4,None,202,True,1
2026-05-12,09:30:20.730,443.86,441.46,0.544,up,100,4,None,202,True,1
2026-05-12,09:30:20.730,443.85,441.46,0.541,up,120,4,None,202,True,1
2026-05-12,09:30:20.730,443.855,441.46,0.543,up,100,4,None,202,True,1
2026-05-12,09:30:20.730,443.85,441.46,0.541,up,200,4,None,202,True,1
2026-05-12,09:30:20.730,443.85,441.46,0.541,up,320,4,None,202,True,1
2026-05-12,09:30:20.730,443.85,441.46,0.541,up,200,4,None,202,True,1
2026-05-12,09:30:20.751,444.1474,441.46,0.609,up,112,4,None,202,True,1
2026-05-12,09:30:20.805,443.86,441.46,0.544,up,100,4,None,202,True,1
2026-05-12,09:30:20.836,443.78,441.46,0.526,up,100,4,None,202,True,1
2026-05-12,09:30:20.836,443.78,441.46,0.526,up,320,4,None,202,True,1
2026-05-12,09:30:20.684,444.055,441.46,0.588,up,126,4,None,202,True,1
2026-05-12,09:30:20.730,443.85,441.46,0.541,up,200,4,None,202,True,1
2026-05-12,09:30:20.730,443.855,441.46,0.543,up,100,4,None,202,True,1
2026-05-12,09:30:21.073,443.98,441.46,0.571,up,100,4,None,202,True,1
2026-05-12,09:30:21.075,443.77,441.46,0.523,up,110,4,None,202,True,1
2026-05-12,09:30:21.073,443.955,441.46,0.565,up,190,4,None,203,True,1
2026-05-12,09:30:21.093,443.955,441.46,0.565,up,1200,4,None,202,True,1
2026-05-12,09:30:21.074,443.95,441.46,0.564,up,200,4,None,203,True,1
2026-05-12,09:30:21.316,443.89,441.46,0.55,up,200,4,None,202,True,1
2026-05-12,09:30:21.317,443.89,441.46,0.55,up,200,4,None,202,True,1
2026-05-12,09:30:21.459,444.11,441.46,0.6,up,100,4,None,202,True,1
2026-05-12,09:30:21.934,443.73,441.46,0.514,up,100,4,None,202,True,1
2026-05-12,09:30:22.079,443.82,441.46,0.535,up,200,4,None,202,True,1
2026-05-12,09:30:22.327,443.935,441.46,0.561,up,100,4,None,202,True,1
2026-05-12,09:30:22.452,444.025,441.46,0.581,up,120,4,None,202,True,1
2026-05-12,09:30:22.507,444.025,441.46,0.581,up,220,4,None,202,True,1
2026-05-12,09:30:22.540,444.25,441.46,0.632,up,1000,4,None,202,True,1
2026-05-12,09:30:22.609,443.97,441.46,0.569,up,250,4,None,202,True,1
2026-05-12,09:30:22.646,444.105,441.46,0.599,up,200,4,None,202,True,1
2026-05-12,09:30:22.701,444.021,441.46,0.58,up,220,4,None,202,True,1
2026-05-12,09:30:22.897,444.17,441.46,0.614,up,200,4,None,202,True,1
2026-05-12,09:30:22.898,444.17,441.46,0.614,up,100,4,None,202,True,1
2026-05-12,09:30:22.920,444.17,441.46,0.614,up,200,4,None,202,True,1
2026-05-12,09:30:23.080,444.09,441.46,0.596,up,100,4,None,202,True,1
2026-05-12,09:30:23.421,444.09,441.46,0.596,up,200,4,None,202,True,1
2026-05-12,09:30:23.437,444.09,441.46,0.596,up,200,4,None,202,True,1
2026-05-12,09:30:23.532,443.99,441.46,0.573,up,202,4,None,202,True,1
2026-05-12,09:30:23.531,443.99,441.46,0.573,up,100,4,None,202,True,1
2026-05-12,09:30:23.554,443.99,441.46,0.573,up,300,4,None,202,True,1
2026-05-12,09:30:23.642,443.99,441.46,0.573,up,240,4,None,202,True,1
2026-05-12,09:30:23.778,444.3443,441.46,0.653,up,225,4,None,202,True,1
2026-05-12,09:30:23.787,444.27,441.46,0.637,up,200,4,None,202,True,1
2026-05-12,09:30:23.801,444.19,441.46,0.618,up,120,4,None,202,True,1
2026-05-12,09:30:23.953,444.095,441.46,0.597,up,100,4,None,202,True,1
2026-05-12,09:30:23.958,444.019,441.46,0.58,up,100,4,None,202,True,1
2026-05-12,09:30:23.959,444.095,441.46,0.597,up,120,4,None,202,True,1
2026-05-12,09:30:23.989,443.87,441.46,0.546,up,100,4,None,202,True,1
2026-05-12,09:30:23.989,443.89,441.46,0.55,up,100,4,None,202,True,1
2026-05-12,09:30:23.989,443.745,441.46,0.518,up,135,4,None,202,True,1
2026-05-12,09:30:23.989,443.92,441.46,0.557,up,200,4,None,202,True,1
2026-05-12,09:30:23.993,443.795,441.46,0.529,up,195,4,None,202,True,1
2026-05-12,09:30:23.995,443.99,441.46,0.573,up,195,4,None,202,True,1
2026-05-12,09:30:23.999,444.03,441.46,0.582,up,195,4,None,202,True,1
2026-05-12,09:30:24.001,444.15,441.46,0.609,up,195,4,None,202,True,1
2026-05-12,09:30:24.024,444.1875,441.46,0.618,up,100,4,None,202,True,1
2026-05-12,09:30:24.024,444.175,441.46,0.615,up,100,4,None,202,True,1
2026-05-12,09:30:24.024,444.175,441.46,0.615,up,100,4,None,202,True,1
2026-05-12,09:30:24.026,444.265,441.46,0.635,up,219,4,None,202,True,1
2026-05-12,09:30:24.046,444.39,441.46,0.664,up,100,4,None,202,True,1
2026-05-12,09:30:24.062,444.155,441.46,0.61,up,115,4,None,202,True,1
2026-05-12,09:30:24.065,444.155,441.46,0.61,up,195,4,None,202,True,1
2026-05-12,09:30:24.068,444.175,441.46,0.615,up,195,4,None,202,True,1
2026-05-12,09:30:24.070,444.155,441.46,0.61,up,195,4,None,202,True,1
2026-05-12,09:30:24.074,444.155,441.46,0.61,up,200,4,None,202,True,1
2026-05-12,09:30:24.152,444.28,441.46,0.639,up,100,4,None,202,True,1
2026-05-12,09:30:24.186,444.37,441.46,0.659,up,160,4,None,202,True,1
2026-05-12,09:30:24.461,444.5299,441.46,0.695,up,600,4,None,202,True,1
2026-05-12,09:30:24.506,444.265,441.46,0.635,up,200,4,None,202,True,1
2026-05-12,09:30:24.507,444.19,441.46,0.618,up,280,4,None,202,True,1
2026-05-12,09:30:24.603,444.51,441.46,0.691,up,100,4,None,202,True,1
2026-05-12,09:30:24.603,444.52,441.46,0.693,up,100,4,None,202,True,1
2026-05-12,09:30:24.603,444.47,441.46,0.682,up,100,4,None,202,True,1
2026-05-12,09:30:24.682,444.53,441.46,0.695,up,100,4,None,202,True,1
2026-05-12,09:30:24.825,444.37,441.46,0.659,up,100,4,None,202,True,1
2026-05-12,09:30:24.880,444.37,441.46,0.659,up,100,4,None,202,True,1
2026-05-12,09:30:24.862,444.375,441.46,0.66,up,180,4,None,201,True,1
2026-05-12,09:30:24.906,444.37,441.46,0.659,up,250,4,None,202,True,1
2026-05-12,09:30:24.925,444.37,441.46,0.659,up,140,4,None,202,True,1
2026-05-12,09:30:24.958,444.1951,441.46,0.62,up,200,4,None,202,True,1
2026-05-12,09:30:25.049,444.195,441.46,0.62,up,240,4,None,202,True,1
2026-05-12,09:30:25.051,444.195,441.46,0.62,up,100,4,None,202,True,1
2026-05-12,09:30:25.331,444.3308,441.46,0.65,up,655,4,None,202,True,1
2026-05-12,09:30:25.539,444.1901,441.46,0.618,up,200,4,None,202,True,1
2026-05-12,09:30:25.581,444.3599,441.46,0.657,up,500,4,None,202,True,1
2026-05-12,09:30:25.637,444.0457,441.46,0.586,up,100,4,None,202,True,1
2026-05-12,09:30:25.645,444.19,441.46,0.618,up,110,4,None,202,True,1
2026-05-12,09:30:25.645,444.04,441.46,0.584,up,190,4,None,202,True,1
2026-05-12,09:30:25.715,444.09,441.46,0.596,up,100,4,None,202,True,1
2026-05-12,09:30:25.846,444,441.46,0.575,up,160,4,None,203,True,1
2026-05-12,09:30:25.941,444.035,441.46,0.583,up,200,4,None,202,True,1
2026-05-12,09:30:26.242,444.015,441.46,0.579,up,350,4,None,202,True,1
2026-05-12,09:30:26.356,443.8301,441.46,0.537,up,180,4,None,202,True,1
2026-05-12,09:30:26.359,443.83,441.46,0.537,up,200,4,None,202,True,1
2026-05-12,09:30:26.372,443.9744,441.46,0.57,up,100,4,None,202,True,1
2026-05-12,09:30:26.129,443.85,441.46,0.541,up,100,4,None,202,True,1
2026-05-12,09:30:26.505,443.985,441.46,0.572,up,300,4,None,202,True,1
2026-05-12,09:30:26.520,443.985,441.46,0.572,up,400,4,None,202,True,1
2026-05-12,09:30:26.721,444.1,441.46,0.598,up,280,4,None,202,True,1
2026-05-12,09:30:26.721,444.1,441.46,0.598,up,120,4,None,202,True,1
2026-05-12,09:30:26.743,443.83,441.46,0.537,up,240,4,None,202,True,1
2026-05-12,09:30:26.744,443.81,441.46,0.532,up,165,4,None,203,True,1
2026-05-12,09:30:26.844,444.3,441.46,0.643,up,100,4,None,202,True,1
2026-05-12,09:30:26.886,443.851,441.46,0.542,up,2500,4,None,201,True,1
2026-05-12,09:30:26.891,444.08,441.46,0.593,up,100,4,None,202,True,1
2026-05-12,09:30:27.113,443.9406,441.46,0.562,up,110,4,None,202,True,1
2026-05-12,09:30:27.266,443.86,441.46,0.544,up,200,4,None,202,True,1
2026-05-12,09:30:27.429,443.6901,441.46,0.505,up,100,4,None,202,True,1
2026-05-12,09:30:27.482,444.2,441.46,0.621,up,880,4,None,202,True,1
2026-05-12,09:30:27.495,443.9,441.46,0.553,up,200,4,None,202,True,1
2026-05-12,09:30:27.563,443.96,441.46,0.566,up,100,4,None,202,True,1
2026-05-12,09:30:27.617,444.1999,441.46,0.621,up,500,4,None,202,True,1
2026-05-12,09:30:27.426,443.776,441.46,0.525,up,140,4,None,202,True,1
2026-05-12,09:30:27.672,443.9,441.46,0.553,up,100,4,None,202,True,1
2026-05-12,09:30:27.689,444.0071,441.46,0.577,up,100,4,None,202,True,1
2026-05-12,09:30:27.696,443.9,441.46,0.553,up,300,4,None,202,True,1
2026-05-12,09:30:27.765,443.93,441.46,0.56,up,123,4,None,202,True,1
2026-05-12,09:30:27.764,443.9,441.46,0.553,up,277,4,None,203,True,1
2026-05-12,09:30:27.296,443.9581,441.46,0.566,up,440,4,None,202,True,1
2026-05-12,09:36:23.538,441.78,439.56,0.505,up,100,4,None,202,True,1
2026-05-12,09:36:23.566,441.79,439.56,0.507,up,108,4,None,202,True,1
2026-05-12,09:45:00.152,445.8885,443.595,0.517,up,500,4,None,202,True,1
2026-05-12,09:45:13.124,445.93,443.595,0.526,up,100,4,None,202,True,1
2026-05-12,09:45:13.165,445.89,443.595,0.517,up,100,4,None,202,True,1
2026-05-12,09:45:13.195,445.885,443.595,0.516,up,100,4,None,202,True,1
2026-05-12,09:45:13.265,446,443.595,0.542,up,340,4,None,201,True,1
2026-05-12,09:45:13.292,446.24,443.595,0.596,up,500,4,None,202,True,1
2026-05-12,09:45:13.310,446.06,443.595,0.556,up,300,4,None,202,True,1
2026-05-12,09:45:13.365,446.06,443.595,0.556,up,300,4,None,202,True,1
2026-05-12,09:45:13.390,446.06,443.595,0.556,up,100,4,None,202,True,1
2026-05-12,09:45:13.391,446.06,443.595,0.556,up,100,4,None,202,True,1
2026-05-12,09:45:13.412,446.01,443.595,0.544,up,100,4,None,202,True,1
2026-05-12,09:45:13.414,446.005,443.595,0.543,up,230,4,None,202,True,1
2026-05-12,09:45:13.416,446.15,443.595,0.576,up,655,4,None,202,True,1
2026-05-12,09:45:13.542,445.82,443.595,0.502,up,100,4,None,202,True,1
2026-05-12,09:45:13.564,445.82,443.595,0.502,up,250,4,None,202,True,1
2026-05-12,09:45:14.466,445.84,443.595,0.506,up,100,4,None,202,True,1
2026-05-12,09:45:14.546,445.846,443.595,0.507,up,400,4,None,202,True,1
2026-05-12,09:45:15.136,445.83,443.595,0.504,up,100,4,None,202,True,1
2026-05-12,09:45:15.240,445.91,443.595,0.522,up,100,4,None,202,True,1
2026-05-12,09:45:15.611,446.1,443.595,0.565,up,200,4,None,202,True,1
2026-05-12,09:45:15.839,445.96,443.595,0.533,up,100,4,None,202,True,1
2026-05-12,09:45:15.834,445.88,443.595,0.515,up,100,4,None,203,True,1
2026-05-12,09:45:16.231,445.979,443.595,0.537,up,640,4,None,202,True,1
2026-05-12,09:45:16.243,446.09,443.595,0.562,up,100,4,None,202,True,1
2026-05-12,09:45:16.453,445.95,443.595,0.531,up,100,4,None,202,True,1
2026-05-12,09:45:16.465,445.95,443.595,0.531,up,300,4,None,202,True,1
2026-05-12,09:45:16.509,445.95,443.595,0.531,up,100,4,None,202,True,1
2026-05-12,09:45:16.298,446.199,443.595,0.587,up,100,4,None,201,True,1
2026-05-12,09:45:16.780,445.99,443.595,0.54,up,380,4,None,202,True,1
2026-05-12,09:45:16.825,446.06,443.595,0.556,up,365,4,None,202,True,1
2026-05-12,09:45:16.824,446.05,443.595,0.553,up,100,4,None,202,True,1
2026-05-12,09:45:16.819,446,443.595,0.542,up,100,4,None,202,True,1
2026-05-12,09:45:16.844,445.845,443.595,0.507,up,120,4,None,202,True,1
2026-05-12,09:45:57.902,441.3475,443.595,0.507,down,100,4,None,202,True,1
2026-05-12,09:45:58.718,441.3501,443.595,0.506,down,500,4,None,202,True,1
2026-05-12,09:45:58.879,441.3769,443.595,0.5,down,100,4,None,202,True,1
2026-05-12,09:45:59.072,441.3501,443.595,0.506,down,200,4,None,202,True,1
2026-05-12,09:45:59.298,441.35,443.595,0.506,down,1234,4,None,202,True,1
2026-05-12,09:45:59.523,441.35,443.595,0.506,down,204,4,None,202,True,1
2026-05-14,15:31:29.797,446.3566,443.69,0.601,up,430,4,"[10, 22, 41]",202,False,
2026-05-15,09:31:09.068,429.235,431.4549,0.515,down,100,4,None,202,True,1
2026-05-15,09:31:09.068,429.29,431.4549,0.502,down,100,4,None,202,True,1
2026-05-15,09:31:09.068,429.26,431.4549,0.509,down,100,4,None,202,True,1
2026-05-15,09:31:09.072,429.2,431.4549,0.523,down,100,4,None,202,True,1
2026-05-15,09:31:09.075,429.21,431.4549,0.52,down,100,4,None,202,True,1
2026-05-15,09:31:09.074,429.21,431.4549,0.52,down,195,4,None,202,True,1
2026-05-15,09:31:09.097,429.21,431.4549,0.52,down,160,4,None,202,True,1
2026-05-15,09:31:09.099,429.2116,431.4549,0.52,down,163,4,None,202,True,1
2026-05-15,09:31:09.164,429.28,431.4549,0.504,down,200,4,None,202,True,1
2026-05-15,09:31:09.185,429.13,431.4549,0.539,down,100,4,None,203,True,1
2026-05-15,09:31:09.281,429.11,431.4549,0.543,down,230,4,None,202,True,1
2026-05-15,09:31:09.282,429.11,431.4549,0.543,down,2600,4,None,202,True,1
2026-05-15,09:31:09.282,429.145,431.4549,0.535,down,135,4,None,202,True,1
2026-05-15,09:31:09.296,429.101,431.4549,0.546,down,558,4,None,202,True,1
2026-05-15,09:31:09.308,429,431.4549,0.569,down,100,4,None,202,True,1
2026-05-15,09:31:09.316,429.045,431.4549,0.559,down,160,4,None,202,True,1
2026-05-15,09:31:09.316,429.045,431.4549,0.559,down,120,4,None,202,True,1
2026-05-15,09:31:09.318,429.045,431.4549,0.559,down,100,4,None,202,True,1
2026-05-15,09:31:09.318,429.0575,431.4549,0.556,down,100,4,None,202,True,1
2026-05-15,09:31:09.318,429.045,431.4549,0.559,down,100,4,None,202,True,1
2026-05-15,09:31:09.318,429.0575,431.4549,0.556,down,100,4,None,202,True,1
2026-05-15,09:31:09.318,429.045,431.4549,0.559,down,100,4,None,202,True,1
2026-05-15,09:31:09.308,429,431.4549,0.569,down,200,4,None,202,True,1
2026-05-15,09:31:09.338,429,431.4549,0.569,down,120,4,None,202,True,1
2026-05-15,09:31:09.433,428.9,431.4549,0.592,down,197,4,None,202,True,1
2026-05-15,09:31:09.441,428.9,431.4549,0.592,down,112,4,None,202,True,1
2026-05-15,09:31:09.457,428.9,431.4549,0.592,down,100,4,None,202,True,1
2026-05-15,09:31:09.480,428.9,431.4549,0.592,down,375,4,None,202,True,1
2026-05-15,09:31:09.510,429.0041,431.4549,0.568,down,146,4,None,202,True,1
2026-05-15,09:31:09.522,428.9001,431.4549,0.592,down,100,4,None,202,True,1
2026-05-15,09:31:09.532,429.2,431.4549,0.523,down,100,4,None,202,True,1
2026-05-15,09:31:09.657,429.115,431.4549,0.542,down,100,4,None,202,True,1
2026-05-15,09:31:09.676,429.115,431.4549,0.542,down,300,4,None,202,True,1
2026-05-15,09:31:09.697,429.12,431.4549,0.541,down,100,4,None,202,True,1
2026-05-15,09:31:09.426,428.9,431.4549,0.592,down,100,4,None,202,True,1
2026-05-15,09:31:09.743,429.27,431.4549,0.506,down,200,4,None,202,True,1
2026-05-15,09:31:09.695,429.155,431.4549,0.533,down,700,4,None,202,True,1
2026-05-15,09:31:10.042,429.27,431.4549,0.506,down,200,4,None,202,True,1
2026-05-15,09:31:10.043,429.185,431.4549,0.526,down,175,4,None,202,True,1
